date,providerTimestamp,openUsd,highUsd,lowUsd,closeUsd,adjustedCloseUsd,volume,replayCloseUsd,replayPriceE18
2022-01-03,1641220200,382.5833435058594,400.3566589355469,378.67999267578125,399.9266662597656,399.9266662597656,103931400,399.92666626,399926666260000000000
2022-01-04,1641306600,396.51666259765625,402.6666564941406,374.3500061035156,383.1966552734375,383.1966552734375,100248300,383.19665527,383196655270000000000
2022-01-05,1641393000,382.2166748046875,390.11334228515625,360.336669921875,362.7066650390625,362.7066650390625,80119800,362.70666504,362706665040000000000
2022-01-06,1641479400,359.0,362.6666564941406,340.1666564941406,354.8999938964844,354.8999938964844,90336600,354.89999390,354899993900000000000
2022-01-07,1641565800,360.1233215332031,360.30999755859375,336.6666564941406,342.32000732421875,342.32000732421875,84164700,342.32000732,342320007320000000000
2022-01-10,1641825000,333.3333435058594,353.0333251953125,326.6666564941406,352.7066650390625,352.7066650390625,91815000,352.70666504,352706665040000000000
2022-01-11,1641911400,351.22332763671875,358.6166687011719,346.2733459472656,354.79998779296875,354.79998779296875,66063300,354.79998779,354799987790000000000
2022-01-12,1641997800,359.6166687011719,371.61334228515625,357.5299987792969,368.739990234375,368.739990234375,83739000,368.73999023,368739990230000000000
2022-01-13,1642084200,369.69000244140625,371.8666687011719,342.17999267578125,343.85333251953125,343.85333251953125,97209900,343.85333252,343853332520000000000
2022-01-14,1642170600,339.9599914550781,350.6666564941406,337.7933349609375,349.8699951171875,349.8699951171875,72924300,349.86999512,349869995120000000000
2022-01-18,1642516200,342.2033386230469,356.92999267578125,338.6866760253906,343.5033264160156,343.5033264160156,66743400,343.50332642,343503326420000000000
2022-01-19,1642602600,347.2366638183594,351.5566711425781,331.6666564941406,331.8833312988281,331.8833312988281,75442500,331.88333130,331883331300000000000
2022-01-20,1642689000,336.57666015625,347.2200012207031,331.3333435058594,332.0899963378906,332.0899963378906,70488600,332.08999634,332089996340000000000
2022-01-21,1642775400,332.11334228515625,334.8500061035156,313.5,314.6333312988281,314.6333312988281,103416000,314.63333130,314633331300000000000
2022-01-24,1643034600,301.586669921875,311.1700134277344,283.8233337402344,310.0,310.0,151565700,310.00000000,310000000000000000000
2022-01-25,1643121000,304.73333740234375,317.086669921875,301.07000732421875,306.1333312988281,306.1333312988281,86595900,306.13333130,306133331300000000000
2022-01-26,1643207400,317.4766540527344,329.2300109863281,302.0,312.4700012207031,312.4700012207031,104867400,312.47000122,312470001220000000000
2022-01-27,1643293800,311.1199951171875,311.7966613769531,276.3333435058594,276.3666687011719,276.3666687011719,147109500,276.36666870,276366668700000000000
2022-01-28,1643380200,277.1866760253906,285.8333435058594,264.0033264160156,282.1166687011719,282.1166687011719,134789100,282.11666870,282116668700000000000
2022-01-31,1643639400,290.9033203125,312.663330078125,287.3500061035156,312.239990234375,312.239990234375,104436000,312.23999023,312239990230000000000
2022-02-01,1643725800,311.7366638183594,314.5666809082031,301.6666564941406,310.4166564941406,310.4166564941406,73138200,310.41665649,310416656490000000000
2022-02-02,1643812200,309.3933410644531,310.5,296.4700012207031,301.88665771484375,301.88665771484375,66792900,301.88665771,301886657710000000000
2022-02-03,1643898600,294.0,312.3333435058594,293.50665283203125,297.0466613769531,297.0466613769531,78855600,297.04666138,297046661380000000000
2022-02-04,1643985000,299.0733337402344,312.1666564941406,293.72332763671875,307.7733459472656,307.7733459472656,73625400,307.77334595,307773345950000000000
2022-02-07,1644244200,307.92999267578125,315.92333984375,300.9033203125,302.4466552734375,302.4466552734375,60994500,302.44665527,302446655270000000000
2022-02-08,1644330600,301.84332275390625,308.7633361816406,298.26666259765625,307.3333435058594,307.3333435058594,50729100,307.33334351,307333343510000000000
2022-02-09,1644417000,311.6666564941406,315.42333984375,306.6666564941406,310.6666564941406,310.6666564941406,52259400,310.66665649,310666656490000000000
2022-02-10,1644503400,302.7900085449219,314.60333251953125,298.8999938964844,301.51666259765625,301.51666259765625,66126900,301.51666260,301516662600000000000
2022-02-11,1644589800,303.2099914550781,305.32000732421875,283.5666809082031,286.6666564941406,286.6666564941406,79645800,286.66665649,286666656490000000000
2022-02-14,1644849000,287.19000244140625,299.6266784667969,284.3833312988281,291.9200134277344,291.9200134277344,67756500,291.92001343,291920013430000000000
2022-02-15,1644935400,300.0,307.6666564941406,297.7933349609375,307.4766540527344,307.4766540527344,57286200,307.47665405,307476654050000000000
2022-02-16,1645021800,304.6833190917969,308.80999755859375,300.4033203125,307.7966613769531,307.7966613769531,51294300,307.79666138,307796661380000000000
2022-02-17,1645108200,304.4200134277344,306.1666564941406,291.3666687011719,292.1166687011719,292.1166687011719,55178400,292.11666870,292116668700000000000
2022-02-18,1645194600,295.3333435058594,295.6233215332031,279.2033386230469,285.6600036621094,285.6600036621094,68501700,285.66000366,285660003660000000000
2022-02-22,1645540200,278.0433349609375,285.57666015625,267.0333251953125,273.84332275390625,273.84332275390625,83288100,273.84332275,273843322750000000000
2022-02-23,1645626600,276.80999755859375,278.4333190917969,253.52000427246094,254.67999267578125,254.67999267578125,95256900,254.67999268,254679992680000000000
2022-02-24,1645713000,233.4633331298828,267.49334716796875,233.3333282470703,266.92333984375,266.92333984375,135322200,266.92333984,266923339840000000000
2022-02-25,1645799400,269.74334716796875,273.1666564941406,260.79998779296875,269.9566650390625,269.9566650390625,76067700,269.95666504,269956665040000000000
2022-02-28,1646058600,271.6700134277344,292.28668212890625,271.57000732421875,290.1433410644531,290.1433410644531,99006900,290.14334106,290143341060000000000
2022-03-01,1646145000,289.8933410644531,296.6266784667969,284.59332275390625,288.1233215332031,288.1233215332031,74766900,288.12332153,288123321530000000000
2022-03-02,1646231400,290.7099914550781,295.49334716796875,281.42333984375,293.2966613769531,293.2966613769531,74643300,293.29666138,293296661380000000000
2022-03-03,1646317800,292.92333984375,295.4800109863281,277.5333251953125,279.7633361816406,279.7633361816406,61623600,279.76333618,279763336180000000000
2022-03-04,1646404200,283.0333251953125,285.2166748046875,275.0533447265625,279.42999267578125,279.42999267578125,66999600,279.42999268,279429992680000000000
2022-03-07,1646663400,285.4333190917969,288.71331787109375,268.19000244140625,268.1933288574219,268.1933288574219,72494100,268.19332886,268193328860000000000
2022-03-08,1646749800,265.1766662597656,283.3299865722656,260.72332763671875,274.79998779296875,274.79998779296875,80399100,274.79998779,274799987790000000000
2022-03-09,1646836200,279.82666015625,286.85333251953125,277.336669921875,286.3233337402344,286.3233337402344,59184000,286.32333374,286323333740000000000
2022-03-10,1646922600,283.8166809082031,284.8166809082031,270.1199951171875,279.4333190917969,279.4333190917969,58648500,279.43331909,279433319090000000000
2022-03-11,1647009000,280.0666809082031,281.26666259765625,264.5899963378906,265.1166687011719,265.1166687011719,67037100,265.11666870,265116668700000000000
2022-03-14,1647264600,260.2033386230469,266.8999938964844,252.01333618164062,255.4566650390625,255.4566650390625,71152200,255.45666504,255456665040000000000
2022-03-15,1647351000,258.42333984375,268.5233459472656,252.19000244140625,267.2966613769531,267.2966613769531,66841200,267.29666138,267296661380000000000
2022-03-16,1647437400,269.6666564941406,280.6666564941406,267.4200134277344,280.07666015625,280.07666015625,84028800,280.07666016,280076660160000000000
2022-03-17,1647523800,276.9966735839844,291.6666564941406,275.239990234375,290.5333251953125,290.5333251953125,66582900,290.53332520,290533325200000000000
2022-03-18,1647610200,291.4966735839844,302.6166687011719,289.1300048828125,301.7966613769531,301.7966613769531,100414200,301.79666138,301796661380000000000
2022-03-21,1647869400,304.99334716796875,314.2833251953125,302.36334228515625,307.0533447265625,307.0533447265625,81981600,307.05334473,307053344730000000000
2022-03-22,1647955800,310.0,332.6199951171875,307.25,331.32666015625,331.32666015625,105868500,331.32666016,331326660160000000000
2022-03-23,1648042200,326.64666748046875,346.8999938964844,325.4666748046875,333.03668212890625,333.03668212890625,120676200,333.03668213,333036682130000000000
2022-03-24,1648128600,336.57666015625,341.4966735839844,329.6000061035156,337.97332763671875,337.97332763671875,68920800,337.97332764,337973327640000000000
2022-03-25,1648215000,336.0,340.6000061035156,332.44000244140625,336.8800048828125,336.8800048828125,62031600,336.88000488,336880004880000000000
2022-03-28,1648474200,355.0333251953125,365.9599914550781,351.20001220703125,363.9466552734375,363.9466552734375,102506100,363.94665527,363946655270000000000
2022-03-29,1648560600,369.3299865722656,371.5899963378906,357.7033386230469,366.5233459472656,366.5233459472656,73614900,366.52334595,366523345950000000000
2022-03-30,1648647000,363.72332763671875,371.3166809082031,361.3333435058594,364.663330078125,364.663330078125,59865000,364.66333008,364663330080000000000
2022-03-31,1648733400,364.8566589355469,367.71331787109375,358.8800048828125,359.20001220703125,359.20001220703125,48992700,359.20001221,359200012210000000000
2022-04-01,1648819800,360.3833312988281,364.9166564941406,355.5466613769531,361.5299987792969,361.5299987792969,54263100,361.52999878,361529998780000000000
2022-04-04,1649079000,363.1266784667969,383.3033447265625,357.510009765625,381.8166809082031,381.8166809082031,82035900,381.81668091,381816680910000000000
2022-04-05,1649165400,378.76666259765625,384.2900085449219,362.4333190917969,363.7533264160156,363.7533264160156,80075100,363.75332642,363753326420000000000
2022-04-06,1649251800,357.8233337402344,359.6666564941406,342.5666809082031,348.586669921875,348.586669921875,89348400,348.58666992,348586669920000000000
2022-04-07,1649338200,350.7966613769531,358.86334228515625,340.5133361816406,352.4200134277344,352.4200134277344,79447200,352.42001343,352420013430000000000
2022-04-08,1649424600,347.7366638183594,349.4800109863281,340.8133239746094,341.8299865722656,341.8299865722656,55013700,341.82998657,341829986570000000000
2022-04-11,1649683800,326.79998779296875,336.15667724609375,324.8800048828125,325.30999755859375,325.30999755859375,59357100,325.30999756,325309997560000000000
2022-04-12,1649770200,332.5466613769531,340.39666748046875,325.5333251953125,328.98333740234375,328.98333740234375,65976000,328.98333740,328983337400000000000
2022-04-13,1649856600,327.02667236328125,342.0799865722656,324.3666687011719,340.7900085449219,340.7900085449219,55121100,340.79000854,340790008540000000000
2022-04-14,1649943000,333.0966796875,337.57000732421875,327.39666748046875,328.3333435058594,328.3333435058594,58422300,328.33334351,328333343510000000000
2022-04-18,1650288600,329.6766662597656,338.3066711425781,324.4700012207031,334.7633361816406,334.7633361816406,51715200,334.76333618,334763336180000000000
2022-04-19,1650375000,335.0199890136719,344.9800109863281,331.77667236328125,342.7166748046875,342.7166748046875,49847700,342.71667480,342716674800000000000
2022-04-20,1650461400,343.3333435058594,344.6666564941406,325.0833435058594,325.73333740234375,325.73333740234375,70711200,325.73333740,325733337400000000000
2022-04-21,1650547800,358.24334716796875,364.0733337402344,332.1400146484375,336.260009765625,336.260009765625,105416400,336.26000977,336260009770000000000
2022-04-22,1650634200,338.3033447265625,344.95001220703125,331.3333435058594,335.01666259765625,335.01666259765625,69696600,335.01666260,335016662600000000000
2022-04-25,1650893400,326.3233337402344,336.2066650390625,325.1000061035156,332.67333984375,332.67333984375,68341200,332.67333984,332673339840000000000
2022-04-26,1650979800,331.80999755859375,333.3333435058594,291.6666564941406,292.1400146484375,292.1400146484375,136133700,292.14001465,292140014650000000000
2022-04-27,1651066200,299.52667236328125,306.0,292.4533386230469,293.836669921875,293.836669921875,76956300,293.83666992,293836669920000000000
2022-04-28,1651152600,299.99334716796875,300.0,273.8999938964844,292.5033264160156,292.5033264160156,124948500,292.50332642,292503326420000000000
2022-04-29,1651239000,300.75,311.4666748046875,290.0,290.2533264160156,290.2533264160156,88133100,290.25332642,290253326420000000000
2022-05-02,1651498200,286.92333984375,302.1199951171875,282.6766662597656,300.9800109863281,300.9800109863281,75781500,300.98001099,300980010990000000000
2022-05-03,1651584600,301.05999755859375,308.02667236328125,296.1966552734375,303.0833435058594,303.0833435058594,63709500,303.08334351,303083343510000000000
2022-05-04,1651671000,301.3133239746094,318.5,295.09332275390625,317.5400085449219,317.5400085449219,81643800,317.54000854,317540008540000000000
2022-05-05,1651757400,313.00665283203125,315.20001220703125,285.8999938964844,291.09332275390625,291.09332275390625,92519100,291.09332275,291093322750000000000
2022-05-06,1651843800,295.6666564941406,296.0,281.03668212890625,288.54998779296875,288.54998779296875,72903000,288.54998779,288549987790000000000
2022-05-09,1652103000,278.8166809082031,281.8766784667969,260.3833312988281,262.3699951171875,262.3699951171875,90810300,262.36999512,262369995120000000000
2022-05-10,1652189400,273.10333251953125,275.1199951171875,258.0833435058594,266.67999267578125,266.67999267578125,84401700,266.67999268,266679992680000000000
2022-05-11,1652275800,265.0,269.92333984375,242.39999389648438,244.6666717529297,244.6666717529297,97224600,244.66667175,244666671750000000000
2022-05-12,1652362200,233.6666717529297,253.22000122070312,226.6666717529297,242.6666717529297,242.6666717529297,140313000,242.66667175,242666671750000000000
2022-05-13,1652448600,257.82666015625,262.45001220703125,250.52333068847656,256.5299987792969,256.5299987792969,92150700,256.52999878,256529998780000000000
2022-05-16,1652707800,255.72000122070312,256.586669921875,239.69667053222656,241.4566650390625,241.4566650390625,86098500,241.45666504,241456665040000000000
2022-05-17,1652794200,249.1199951171875,254.82666015625,242.9499969482422,253.8699951171875,253.8699951171875,80236200,253.86999512,253869995120000000000
2022-05-18,1652880600,248.17333984375,253.5,233.60333251953125,236.60333251953125,236.60333251953125,87811800,236.60333252,236603332520000000000
2022-05-19,1652967000,235.6666717529297,244.6666717529297,231.3699951171875,236.47332763671875,236.47332763671875,90296700,236.47332764,236473327640000000000
2022-05-20,1653053400,237.99667358398438,240.52667236328125,211.0,221.3000030517578,221.3000030517578,144973200,221.30000305,221300003050000000000
2022-05-23,1653312600,218.33999633789062,226.65333557128906,212.68666076660156,224.96665954589844,224.96665954589844,88903500,224.96665955,224966659550000000000
2022-05-24,1653399000,217.8433380126953,217.97332763671875,206.85667419433594,209.3866729736328,209.3866729736328,89092500,209.38667297,209386672970000000000
2022-05-25,1653485400,207.9499969482422,223.10667419433594,207.6699981689453,219.60000610351562,219.60000610351562,92139300,219.60000610,219600006100000000000
2022-05-26,1653571800,220.47332763671875,239.55667114257812,217.8866729736328,235.91000366210938,235.91000366210938,106003200,235.91000366,235910003660000000000
2022-05-27,1653658200,241.0833282470703,253.26666259765625,240.17666625976562,253.2100067138672,253.2100067138672,89295000,253.21000671,253210006710000000000
2022-05-31,1654003800,257.9466552734375,259.6000061035156,244.7433319091797,252.75332641601562,252.75332641601562,101914500,252.75332642,252753326420000000000
2022-06-01,1654090200,251.72000122070312,257.32666015625,243.63999938964844,246.7899932861328,246.7899932861328,77247900,246.78999329,246789993290000000000
2022-06-02,1654176600,244.1566619873047,264.2099914550781,242.06666564941406,258.3333435058594,258.3333435058594,93473100,258.33334351,258333343510000000000
2022-06-03,1654263000,243.22666931152344,247.79666137695312,233.4166717529297,234.51666259765625,234.51666259765625,112393800,234.51666260,234516662600000000000
2022-06-06,1654522200,244.35333251953125,244.86666870117188,234.35000610351562,238.27999877929688,238.27999877929688,84204600,238.27999878,238279998780000000000
2022-06-07,1654608600,234.0,239.99667358398438,230.0933380126953,238.8866729736328,238.8866729736328,72808500,238.88667297,238886672970000000000
2022-06-08,1654695000,240.086669921875,249.9633331298828,239.17666625976562,241.86666870117188,241.86666870117188,76210500,241.86666870,241866668700000000000
2022-06-09,1654781400,249.33999633789062,255.54666137695312,239.32666015625,239.7066650390625,239.7066650390625,96491400,239.70666504,239706665040000000000
2022-06-10,1654867800,235.1566619873047,239.5,227.913330078125,232.22999572753906,232.22999572753906,97536600,232.22999573,232229995730000000000
2022-06-13,1655127000,223.1666717529297,226.63333129882812,214.68333435058594,215.73666381835938,215.73666381835938,102767400,215.73666382,215736663820000000000
2022-06-14,1655213400,218.2866668701172,226.3300018310547,211.73666381835938,220.88999938964844,220.88999938964844,97988700,220.88999939,220889999390000000000
2022-06-15,1655299800,220.9166717529297,235.663330078125,218.14999389648438,233.0,233.0,119131800,233.00000000,233000000000000000000
2022-06-16,1655386200,222.73666381835938,225.1666717529297,208.69332885742188,213.10000610351562,213.10000610351562,107390700,213.10000610,213100006100000000000
2022-06-17,1655472600,213.43333435058594,220.97000122070312,213.19667053222656,216.75999450683594,216.75999450683594,92641800,216.75999451,216759994510000000000
2022-06-21,1655818200,224.60333251953125,243.57666015625,224.3333282470703,237.0366668701172,237.0366668701172,122793000,237.03666687,237036666870000000000
2022-06-22,1655904600,234.50332641601562,246.8333282470703,233.82666015625,236.086669921875,236.086669921875,101107500,236.08666992,236086669920000000000
2022-06-23,1655991000,237.9066619873047,239.31666564941406,228.6366729736328,235.07000732421875,235.07000732421875,104202600,235.07000732,235070007320000000000
2022-06-24,1656077400,237.47000122070312,246.06666564941406,236.086669921875,245.7066650390625,245.7066650390625,95770800,245.70666504,245706665040000000000
2022-06-27,1656336600,249.36666870117188,252.07000732421875,242.56666564941406,244.9199981689453,244.9199981689453,89178300,244.91999817,244919998170000000000
2022-06-28,1656423000,244.48333740234375,249.97000122070312,232.3433380126953,232.663330078125,232.663330078125,90391200,232.66333008,232663330080000000000
2022-06-29,1656509400,230.5,231.17333984375,222.27333068847656,228.49000549316406,228.49000549316406,82897200,228.49000549,228490005490000000000
2022-06-30,1656595800,224.50999450683594,229.4566650390625,218.8633270263672,224.47332763671875,224.47332763671875,94600500,224.47332764,224473327640000000000
2022-07-01,1656682200,227.0,230.22999572753906,222.1199951171875,227.26333618164062,227.26333618164062,74460300,227.26333618,227263336180000000000
2022-07-05,1657027800,223.0,233.14666748046875,216.1666717529297,233.06666564941406,233.06666564941406,84581100,233.06666565,233066665650000000000
2022-07-06,1657114200,230.77999877929688,234.56333923339844,227.18666076660156,231.73333740234375,231.73333740234375,71853600,231.73333740,231733337400000000000
2022-07-07,1657200600,233.9199981689453,245.3633270263672,232.2100067138672,244.5433349609375,244.5433349609375,81930600,244.54333496,244543334960000000000
2022-07-08,1657287000,242.3333282470703,254.97999572753906,241.16000366210938,250.76333618164062,250.76333618164062,101854200,250.76333618,250763336180000000000
2022-07-11,1657546200,252.10333251953125,253.06333923339844,233.6266632080078,234.3433380126953,234.3433380126953,99241200,234.34333801,234343338010000000000
2022-07-12,1657632600,236.84666442871094,239.77333068847656,228.3699951171875,233.07000732421875,233.07000732421875,87930900,233.07000732,233070007320000000000
2022-07-13,1657719000,225.5,242.05999755859375,225.03334045410156,237.0399932861328,237.0399932861328,97954500,237.03999329,237039993290000000000
2022-07-14,1657805400,234.89666748046875,238.65333557128906,229.3333282470703,238.31333923339844,238.31333923339844,78557400,238.31333923,238313339230000000000
2022-07-15,1657891800,240.0,243.6233367919922,236.88999938964844,240.06666564941406,240.06666564941406,69683100,240.06666565,240066665650000000000
2022-07-18,1658151000,244.93666076660156,250.51666259765625,239.60333251953125,240.54666137695312,240.54666137695312,82537500,240.54666138,240546661380000000000
2022-07-19,1658237400,245.0,247.13999938964844,236.97666931152344,245.52999877929688,245.52999877929688,80890200,245.52999878,245529998780000000000
2022-07-20,1658323800,246.78334045410156,250.663330078125,243.48333740234375,247.5,247.5,88864200,247.50000000,247500000000000000000
2022-07-21,1658410200,255.10667419433594,273.26666259765625,254.86666870117188,271.7066650390625,271.7066650390625,142032300,271.70666504,271706665040000000000
2022-07-22,1658496600,276.2200012207031,280.78668212890625,270.71331787109375,272.24334716796875,272.24334716796875,103472700,272.24334717,272243347170000000000
2022-07-25,1658755800,272.2166748046875,274.14666748046875,267.3999938964844,268.4333190917969,268.4333190917969,64073400,268.43331909,268433319090000000000
2022-07-26,1658842200,266.5133361816406,267.30999755859375,256.2633361816406,258.8599853515625,258.8599853515625,66820800,258.85998535,258859985350000000000
2022-07-27,1658928600,263.80999755859375,275.9266662597656,261.7900085449219,274.82000732421875,274.82000732421875,88110000,274.82000732,274820007320000000000
2022-07-28,1659015000,280.0666809082031,283.29998779296875,272.79998779296875,280.8999938964844,280.8999938964844,84723000,280.89999390,280899993900000000000
2022-07-29,1659101400,280.70001220703125,298.32000732421875,279.1000061035156,297.1499938964844,297.1499938964844,95313000,297.14999390,297149993900000000000
2022-08-01,1659360600,301.27667236328125,311.8766784667969,295.0,297.27667236328125,297.27667236328125,117042900,297.27667236,297276672360000000000
2022-08-02,1659447000,294.0033264160156,307.8333435058594,292.6666564941406,300.586669921875,300.586669921875,95577600,300.58666992,300586669920000000000
2022-08-03,1659533400,305.0,309.54998779296875,301.1499938964844,307.39666748046875,307.39666748046875,80091000,307.39666748,307396667480000000000
2022-08-04,1659619800,311.0,313.6066589355469,305.0,308.6333312988281,308.6333312988281,72256200,308.63333130,308633331300000000000
2022-08-05,1659706200,302.6700134277344,304.6066589355469,285.5433349609375,288.1700134277344,288.1700134277344,113172900,288.17001343,288170013430000000000
2022-08-08,1659965400,295.0,305.20001220703125,289.086669921875,290.42333984375,290.42333984375,98994000,290.42333984,290423339840000000000
2022-08-09,1660051800,290.2933349609375,292.39666748046875,279.35333251953125,283.3333435058594,283.3333435058594,86244600,283.33334351,283333343510000000000
2022-08-10,1660138200,297.0666809082031,297.510009765625,283.3699951171875,294.3566589355469,294.3566589355469,94918800,294.35665894,294356658940000000000
2022-08-11,1660224600,296.5133361816406,298.2366638183594,285.8333435058594,286.6300048828125,286.6300048828125,70155000,286.63000488,286630004880000000000
2022-08-12,1660311000,289.4166564941406,300.1600036621094,285.0333251953125,300.0299987792969,300.0299987792969,79657200,300.02999878,300029998780000000000
2022-08-15,1660570200,301.78668212890625,313.1333312988281,301.2300109863281,309.32000732421875,309.32000732421875,89359200,309.32000732,309320007320000000000
2022-08-16,1660656600,311.6666564941406,314.6666564941406,302.8833312988281,306.5633239746094,306.5633239746094,88136400,306.56332397,306563323970000000000
2022-08-17,1660743000,303.39666748046875,309.65667724609375,300.0333251953125,303.9966735839844,303.9966735839844,68766000,303.99667358,303996673580000000000
2022-08-18,1660829400,306.0,306.5,301.85333251953125,302.8699951171875,302.8699951171875,47500500,302.86999512,302869995120000000000
2022-08-19,1660915800,299.0,300.3599853515625,292.5,296.6666564941406,296.6666564941406,61395300,296.66665649,296666656490000000000
2022-08-22,1661175000,291.913330078125,292.3999938964844,286.2966613769531,289.913330078125,289.913330078125,55843200,289.91333008,289913330080000000000
2022-08-23,1661261400,291.4533386230469,298.82666015625,287.92333984375,296.4533386230469,296.4533386230469,63984900,296.45333862,296453338620000000000
2022-08-24,1661347800,297.5633239746094,303.64666748046875,296.5,297.0966796875,297.0966796875,57259800,297.09667969,297096679690000000000
2022-08-25,1661434200,302.3599853515625,302.9599914550781,291.6000061035156,296.07000732421875,296.07000732421875,53230000,296.07000732,296070007320000000000
2022-08-26,1661520600,297.42999267578125,302.0,287.4700012207031,288.0899963378906,288.0899963378906,57163900,288.08999634,288089996340000000000
2022-08-29,1661779800,282.8299865722656,287.739990234375,280.70001220703125,284.82000732421875,284.82000732421875,41864700,284.82000732,284820007320000000000
2022-08-30,1661866200,287.8699951171875,288.4800109863281,272.6499938964844,277.70001220703125,277.70001220703125,50541800,277.70001221,277700012210000000000
2022-08-31,1661952600,280.6199951171875,281.25,271.80999755859375,275.6099853515625,275.6099853515625,52107300,275.60998535,275609985350000000000
2022-09-01,1662039000,272.5799865722656,277.5799865722656,266.1499938964844,277.1600036621094,277.1600036621094,54287000,277.16000366,277160003660000000000
2022-09-02,1662125400,281.07000732421875,282.3500061035156,269.0799865722656,270.2099914550781,270.2099914550781,50890100,270.20999146,270209991460000000000
2022-09-06,1662471000,272.67999267578125,275.989990234375,265.739990234375,274.4200134277344,274.4200134277344,55860000,274.42001343,274420013430000000000
2022-09-07,1662557400,273.1000061035156,283.8399963378906,272.2699890136719,283.70001220703125,283.70001220703125,50028900,283.70001221,283700012210000000000
2022-09-08,1662643800,281.29998779296875,289.5,279.760009765625,289.260009765625,289.260009765625,53713100,289.26000977,289260009770000000000
2022-09-09,1662730200,291.6700134277344,299.8500061035156,291.25,299.67999267578125,299.67999267578125,54338100,299.67999268,299679992680000000000
2022-09-12,1662989400,300.7200012207031,305.489990234375,300.3999938964844,304.4200134277344,304.4200134277344,48674600,304.42001343,304420013430000000000
2022-09-13,1663075800,292.8999938964844,297.3999938964844,290.3999938964844,292.1300048828125,292.1300048828125,68229600,292.13000488,292130004880000000000
2022-09-14,1663162200,292.239990234375,306.0,291.6400146484375,302.6099853515625,302.6099853515625,72628700,302.60998535,302609985350000000000
2022-09-15,1663248600,301.8299865722656,309.1199951171875,300.7200012207031,303.75,303.75,64795500,303.75000000,303750000000000000000
2022-09-16,1663335000,299.6099853515625,303.7099914550781,295.6000061035156,303.3500061035156,303.3500061035156,87087800,303.35000610,303350006100000000000
2022-09-19,1663594200,300.0899963378906,309.8399963378906,297.79998779296875,309.07000732421875,309.07000732421875,60231200,309.07000732,309070007320000000000
2022-09-20,1663680600,306.9100036621094,313.3299865722656,305.5799865722656,308.7300109863281,308.7300109863281,61642800,308.73001099,308730010990000000000
2022-09-21,1663767000,308.2900085449219,313.79998779296875,300.6300048828125,300.79998779296875,300.79998779296875,62555700,300.79998779,300799987790000000000
2022-09-22,1663853400,299.8599853515625,301.2900085449219,285.82000732421875,288.5899963378906,288.5899963378906,70545400,288.58999634,288589996340000000000
2022-09-23,1663939800,283.0899963378906,284.5,272.82000732421875,275.3299865722656,275.3299865722656,63748400,275.32998657,275329986570000000000
2022-09-26,1664199000,271.8299865722656,284.0899963378906,270.30999755859375,276.010009765625,276.010009765625,58076900,276.01000977,276010009770000000000
2022-09-27,1664285400,283.8399963378906,288.6700134277344,277.510009765625,282.94000244140625,282.94000244140625,61925200,282.94000244,282940002440000000000
2022-09-28,1664371800,283.0799865722656,289.0,277.57000732421875,287.80999755859375,287.80999755859375,54664800,287.80999756,287809997560000000000
2022-09-29,1664458200,282.760009765625,283.6499938964844,265.7799987792969,268.2099914550781,268.2099914550781,77620600,268.20999146,268209991460000000000
2022-09-30,1664544600,266.1499938964844,275.57000732421875,262.4700012207031,265.25,265.25,67726600,265.25000000,265250000000000000000
2022-10-03,1664803800,254.5,255.16000366210938,241.00999450683594,242.39999389648438,242.39999389648438,98363500,242.39999390,242399993900000000000
2022-10-04,1664890200,250.52000427246094,257.5,242.00999450683594,249.44000244140625,249.44000244140625,109578500,249.44000244,249440002440000000000
2022-10-05,1664976600,245.00999450683594,246.6699981689453,233.27000427246094,240.80999755859375,240.80999755859375,86982700,240.80999756,240809997560000000000
2022-10-06,1665063000,239.44000244140625,244.5800018310547,235.35000610351562,238.1300048828125,238.1300048828125,69298400,238.13000488,238130004880000000000
2022-10-07,1665149400,233.94000244140625,234.57000732421875,222.02000427246094,223.07000732421875,223.07000732421875,83916800,223.07000732,223070007320000000000
2022-10-10,1665408600,223.92999267578125,226.99000549316406,218.36000061035156,222.9600067138672,222.9600067138672,67925000,222.96000671,222960006710000000000
2022-10-11,1665495000,220.9499969482422,225.75,215.0,216.5,216.5,77013200,216.50000000,216500000000000000000
2022-10-12,1665581400,215.3300018310547,219.3000030517578,211.50999450683594,217.24000549316406,217.24000549316406,66860700,217.24000549,217240005490000000000
2022-10-13,1665667800,208.3000030517578,222.99000549316406,206.22000122070312,221.72000122070312,221.72000122070312,91483000,221.72000122,221720001220000000000
2022-10-14,1665754200,224.00999450683594,226.25999450683594,204.16000366210938,204.99000549316406,204.99000549316406,94124500,204.99000549,204990005490000000000
2022-10-17,1666013400,210.0399932861328,221.86000061035156,209.4499969482422,219.35000610351562,219.35000610351562,79428800,219.35000610,219350006100000000000
2022-10-18,1666099800,229.5,229.82000732421875,217.25,220.19000244140625,220.19000244140625,75891900,220.19000244,220190002440000000000
2022-10-19,1666186200,219.8000030517578,222.92999267578125,217.77999877929688,222.0399932861328,222.0399932861328,66571500,222.03999329,222039993290000000000
2022-10-20,1666272600,208.27999877929688,215.5500030517578,202.0,207.27999877929688,207.27999877929688,117798100,207.27999878,207279998780000000000
2022-10-21,1666359000,206.4199981689453,214.66000366210938,203.8000030517578,214.44000244140625,214.44000244140625,75713800,214.44000244,214440002440000000000
2022-10-24,1666618200,205.82000732421875,213.5,198.58999633789062,211.25,211.25,100446800,211.25000000,211250000000000000000
2022-10-25,1666704600,210.10000610351562,224.35000610351562,210.0,222.4199981689453,222.4199981689453,96507900,222.41999817,222419998170000000000
2022-10-26,1666791000,219.39999389648438,230.60000610351562,218.1999969482422,224.63999938964844,224.63999938964844,85012500,224.63999939,224639999390000000000
2022-10-27,1666877400,229.77000427246094,233.80999755859375,222.85000610351562,225.08999633789062,225.08999633789062,61638800,225.08999634,225089996340000000000
2022-10-28,1666963800,225.39999389648438,228.86000061035156,216.35000610351562,228.52000427246094,228.52000427246094,69152400,228.52000427,228520004270000000000
2022-10-31,1667223000,226.19000244140625,229.85000610351562,221.94000244140625,227.5399932861328,227.5399932861328,61554300,227.53999329,227539993290000000000
2022-11-01,1667309400,234.0500030517578,237.39999389648438,227.27999877929688,227.82000732421875,227.82000732421875,62688800,227.82000732,227820007320000000000
2022-11-02,1667395800,226.0399932861328,227.8699951171875,214.82000732421875,214.97999572753906,214.97999572753906,63070300,214.97999573,214979995730000000000
2022-11-03,1667482200,211.36000061035156,221.1999969482422,210.13999938964844,215.30999755859375,215.30999755859375,56538800,215.30999756,215309997560000000000
2022-11-04,1667568600,222.60000610351562,223.8000030517578,203.0800018310547,207.47000122070312,207.47000122070312,98622200,207.47000122,207470001220000000000
2022-11-07,1667831400,208.64999389648438,208.89999389648438,196.66000366210938,197.0800018310547,197.0800018310547,93916500,197.08000183,197080001830000000000
2022-11-08,1667917800,194.02000427246094,195.1999969482422,186.75,191.3000030517578,191.3000030517578,128803400,191.30000305,191300003050000000000
2022-11-09,1668004200,190.77999877929688,195.88999938964844,177.1199951171875,177.58999633789062,177.58999633789062,127062700,177.58999634,177589996340000000000
2022-11-10,1668090600,189.89999389648438,191.0,180.02999877929688,190.72000122070312,190.72000122070312,132703000,190.72000122,190720001220000000000
2022-11-11,1668177000,186.0,196.52000427246094,182.58999633789062,195.97000122070312,195.97000122070312,114403600,195.97000122,195970001220000000000
2022-11-14,1668436200,192.77000427246094,195.72999572753906,186.33999633789062,190.9499969482422,190.9499969482422,92226600,190.94999695,190949996950000000000
2022-11-15,1668522600,195.8800048828125,200.82000732421875,192.05999755859375,194.4199981689453,194.4199981689453,91293800,194.41999817,194419998170000000000
2022-11-16,1668609000,191.50999450683594,192.57000732421875,185.66000366210938,186.9199981689453,186.9199981689453,66567600,186.91999817,186919998170000000000
2022-11-17,1668695400,183.9600067138672,186.16000366210938,180.89999389648438,183.1699981689453,183.1699981689453,64336000,183.16999817,183169998170000000000
2022-11-18,1668781800,185.0500030517578,185.19000244140625,176.5500030517578,180.19000244140625,180.19000244140625,76048900,180.19000244,180190002440000000000
2022-11-21,1669041000,175.85000610351562,176.77000427246094,167.5399932861328,167.8699951171875,167.8699951171875,92882700,167.86999512,167869995120000000000
2022-11-22,1669127400,168.6300048828125,170.9199981689453,166.19000244140625,169.91000366210938,169.91000366210938,78452300,169.91000366,169910003660000000000
2022-11-23,1669213800,173.57000732421875,183.6199951171875,172.5,183.1999969482422,183.1999969482422,109536700,183.19999695,183199996950000000000
2022-11-25,1669386600,185.05999755859375,185.1999969482422,180.6300048828125,182.86000061035156,182.86000061035156,50672700,182.86000061,182860000610000000000
2022-11-28,1669645800,179.9600067138672,188.5,179.0,182.9199981689453,182.9199981689453,92905200,182.91999817,182919998170000000000
2022-11-29,1669732200,184.99000549316406,186.3800048828125,178.75,180.8300018310547,180.8300018310547,83357100,180.83000183,180830001830000000000
2022-11-30,1669818600,182.42999267578125,194.75999450683594,180.6300048828125,194.6999969482422,194.6999969482422,109186400,194.69999695,194699996950000000000
2022-12-01,1669905000,197.0800018310547,198.9199981689453,191.8000030517578,194.6999969482422,194.6999969482422,80046200,194.69999695,194699996950000000000
2022-12-02,1669991400,191.77999877929688,196.25,191.11000061035156,194.86000061035156,194.86000061035156,73645900,194.86000061,194860000610000000000
2022-12-05,1670250600,189.44000244140625,191.27000427246094,180.5500030517578,182.4499969482422,182.4499969482422,93122700,182.44999695,182449996950000000000
2022-12-06,1670337000,181.22000122070312,183.64999389648438,175.3300018310547,179.82000732421875,179.82000732421875,92150800,179.82000732,179820007320000000000
2022-12-07,1670423400,175.02999877929688,179.3800048828125,172.22000122070312,174.0399932861328,174.0399932861328,84213300,174.03999329,174039993290000000000
2022-12-08,1670509800,172.1999969482422,175.1999969482422,169.05999755859375,173.44000244140625,173.44000244140625,97624500,173.44000244,173440002440000000000
2022-12-09,1670596200,173.83999633789062,182.5,173.36000061035156,179.0500030517578,179.0500030517578,104872300,179.05000305,179050003050000000000
2022-12-12,1670855400,176.10000610351562,177.3699951171875,167.52000427246094,167.82000732421875,167.82000732421875,109794500,167.82000732,167820007320000000000
2022-12-13,1670941800,174.8699951171875,175.0500030517578,156.91000366210938,160.9499969482422,160.9499969482422,175862700,160.94999695,160949996950000000000
2022-12-14,1671028200,159.25,161.6199951171875,155.30999755859375,156.8000030517578,156.8000030517578,140682300,156.80000305,156800003050000000000
2022-12-15,1671114600,153.44000244140625,160.92999267578125,153.27999877929688,157.6699981689453,157.6699981689453,122334500,157.66999817,157669998170000000000
2022-12-16,1671201000,159.63999938964844,160.99000549316406,150.0399932861328,150.22999572753906,150.22999572753906,139032200,150.22999573,150229995730000000000
2022-12-19,1671460200,154.0,155.25,145.82000732421875,149.8699951171875,149.8699951171875,139390600,149.86999512,149869995120000000000
2022-12-20,1671546600,146.0500030517578,148.47000122070312,137.66000366210938,137.8000030517578,137.8000030517578,159563300,137.80000305,137800003050000000000
2022-12-21,1671633000,139.33999633789062,141.25999450683594,135.88999938964844,137.57000732421875,137.57000732421875,145417400,137.57000732,137570007320000000000
2022-12-22,1671719400,136.0,136.6300048828125,122.26000213623047,125.3499984741211,125.3499984741211,210090300,125.34999847,125349998470000000000
2022-12-23,1671805800,126.37000274658203,128.6199951171875,121.0199966430664,123.1500015258789,123.1500015258789,166989700,123.15000153,123150001530000000000
2022-12-27,1672151400,117.5,119.66999816894531,108.76000213623047,109.0999984741211,109.0999984741211,208643400,109.09999847,109099998470000000000
2022-12-28,1672237800,110.3499984741211,116.2699966430664,108.23999786376953,112.70999908447266,112.70999908447266,221070500,112.70999908,112709999080000000000
2022-12-29,1672324200,120.38999938964844,123.56999969482422,117.5,121.81999969482422,121.81999969482422,221923300,121.81999969,121819999690000000000
2022-12-30,1672410600,119.94999694824219,124.4800033569336,119.75,123.18000030517578,123.18000030517578,157777300,123.18000031,123180000310000000000
2023-01-03,1672756200,118.47000122070312,118.80000305175781,104.63999938964844,108.0999984741211,108.0999984741211,231402800,108.09999847,108099998470000000000
2023-01-04,1672842600,109.11000061035156,114.58999633789062,107.5199966430664,113.63999938964844,113.63999938964844,180389000,113.63999939,113639999390000000000
2023-01-05,1672929000,110.51000213623047,111.75,107.16000366210938,110.33999633789062,110.33999633789062,157986300,110.33999634,110339996340000000000
2023-01-06,1673015400,103.0,114.38999938964844,101.80999755859375,113.05999755859375,113.05999755859375,220911100,113.05999756,113059997560000000000
2023-01-09,1673274600,118.95999908447266,123.5199966430664,117.11000061035156,119.7699966430664,119.7699966430664,190284000,119.76999664,119769996640000000000
2023-01-10,1673361000,121.06999969482422,122.76000213623047,114.91999816894531,118.8499984741211,118.8499984741211,167642500,118.84999847,118849998470000000000
2023-01-11,1673447400,122.08999633789062,125.94999694824219,120.51000213623047,123.22000122070312,123.22000122070312,183810800,123.22000122,123220001220000000000
2023-01-12,1673533800,122.55999755859375,124.12999725341797,117.0,123.55999755859375,123.55999755859375,169400900,123.55999756,123559997560000000000
2023-01-13,1673620200,116.55000305175781,122.62999725341797,115.5999984741211,122.4000015258789,122.4000015258789,180714100,122.40000153,122400001530000000000
2023-01-17,1673965800,125.69999694824219,131.6999969482422,125.0199966430664,131.49000549316406,131.49000549316406,186477000,131.49000549,131490005490000000000
2023-01-18,1674052200,136.55999755859375,136.67999267578125,127.01000213623047,128.77999877929688,128.77999877929688,195680300,128.77999878,128779998780000000000
2023-01-19,1674138600,127.26000213623047,129.99000549316406,124.30999755859375,127.16999816894531,127.16999816894531,170291900,127.16999817,127169998170000000000
2023-01-20,1674225000,128.67999267578125,133.50999450683594,127.3499984741211,133.4199981689453,133.4199981689453,138858100,133.41999817,133419998170000000000
2023-01-23,1674484200,135.8699951171875,145.3800048828125,134.27000427246094,143.75,143.75,203119200,143.75000000,143750000000000000000
2023-01-24,1674570600,143.0,146.5,141.10000610351562,143.88999938964844,143.88999938964844,158699100,143.88999939,143889999390000000000
2023-01-25,1674657000,141.91000366210938,146.41000366210938,138.07000732421875,144.42999267578125,144.42999267578125,192734300,144.42999268,144429992680000000000
2023-01-26,1674743400,159.97000122070312,161.4199981689453,154.75999450683594,160.27000427246094,160.27000427246094,234815100,160.27000427,160270004270000000000
2023-01-27,1674829800,162.42999267578125,180.67999267578125,161.1699981689453,177.89999389648438,177.89999389648438,306590600,177.89999390,177899993900000000000
2023-01-30,1675089000,178.0500030517578,179.77000427246094,166.5,166.66000366210938,166.66000366210938,230878800,166.66000366,166660003660000000000
2023-01-31,1675175400,164.57000732421875,174.3000030517578,162.77999877929688,173.22000122070312,173.22000122070312,196813500,173.22000122,173220001220000000000
2023-02-01,1675261800,173.88999938964844,183.80999755859375,169.92999267578125,181.41000366210938,181.41000366210938,213806300,181.41000366,181410003660000000000
2023-02-02,1675348200,187.3300018310547,196.75,182.61000061035156,188.27000427246094,188.27000427246094,217448300,188.27000427,188270004270000000000
2023-02-03,1675434600,183.9499969482422,199.0,183.69000244140625,189.97999572753906,189.97999572753906,232662000,189.97999573,189979995730000000000
2023-02-06,1675693800,193.00999450683594,198.1699981689453,189.9199981689453,194.75999450683594,194.75999450683594,186188100,194.75999451,194759994510000000000
2023-02-07,1675780200,196.42999267578125,197.5,189.5500030517578,196.80999755859375,196.80999755859375,186010300,196.80999756,196809997560000000000
2023-02-08,1675866600,196.10000610351562,203.0,194.30999755859375,201.2899932861328,201.2899932861328,180673600,201.28999329,201289993290000000000
2023-02-09,1675953000,207.77999877929688,214.0,204.77000427246094,207.32000732421875,207.32000732421875,215431400,207.32000732,207320007320000000000
2023-02-10,1676039400,202.22999572753906,206.1999969482422,192.88999938964844,196.88999938964844,196.88999938964844,204754100,196.88999939,196889999390000000000
2023-02-13,1676298600,194.4199981689453,196.3000030517578,187.61000061035156,194.63999938964844,194.63999938964844,172475500,194.63999939,194639999390000000000
2023-02-14,1676385000,191.94000244140625,209.82000732421875,189.44000244140625,209.25,209.25,216455700,209.25000000,209250000000000000000
2023-02-15,1676471400,211.75999450683594,214.66000366210938,206.11000061035156,214.24000549316406,214.24000549316406,181006400,214.24000549,214240005490000000000
2023-02-16,1676557800,210.77999877929688,217.64999389648438,201.83999633789062,202.0399932861328,202.0399932861328,229586500,202.03999329,202039993290000000000
2023-02-17,1676644200,199.99000549316406,208.44000244140625,197.5,208.30999755859375,208.30999755859375,213738500,208.30999756,208309997560000000000
2023-02-21,1676989800,204.99000549316406,209.7100067138672,197.22000122070312,197.3699951171875,197.3699951171875,180018600,197.36999512,197369995120000000000
2023-02-22,1677076200,197.92999267578125,201.99000549316406,191.77999877929688,200.86000061035156,200.86000061035156,191828500,200.86000061,200860000610000000000
2023-02-23,1677162600,203.91000366210938,205.13999938964844,196.3300018310547,202.07000732421875,202.07000732421875,146360000,202.07000732,202070007320000000000
2023-02-24,1677249000,196.3300018310547,197.6699981689453,192.8000030517578,196.8800048828125,196.8800048828125,142228100,196.88000488,196880004880000000000
2023-02-27,1677508200,202.02999877929688,209.4199981689453,201.25999450683594,207.6300048828125,207.6300048828125,161028300,207.63000488,207630004880000000000
2023-02-28,1677594600,210.58999633789062,211.22999572753906,203.75,205.7100067138672,205.7100067138672,153144900,205.71000671,205710006710000000000
2023-03-01,1677681000,206.2100067138672,207.1999969482422,198.52000427246094,202.77000427246094,202.77000427246094,156852800,202.77000427,202770004270000000000
2023-03-02,1677767400,186.74000549316406,193.75,186.00999450683594,190.89999389648438,190.89999389648438,181500700,190.89999390,190899993900000000000
2023-03-03,1677853800,194.8000030517578,200.47999572753906,192.8800048828125,197.7899932861328,197.7899932861328,154193300,197.78999329,197789993290000000000
2023-03-06,1678113000,198.5399932861328,198.60000610351562,192.3000030517578,193.80999755859375,193.80999755859375,128100100,193.80999756,193809997560000000000
2023-03-07,1678199400,191.3800048828125,194.1999969482422,186.10000610351562,187.7100067138672,187.7100067138672,148125800,187.71000671,187710006710000000000
2023-03-08,1678285800,185.0399932861328,186.5,180.0,182.0,182.0,151897800,182.00000000,182000000000000000000
2023-03-09,1678372200,180.25,185.17999267578125,172.50999450683594,172.9199981689453,172.9199981689453,170023800,172.91999817,172919998170000000000
2023-03-10,1678458600,175.1300048828125,178.2899932861328,168.44000244140625,173.44000244140625,173.44000244140625,191488900,173.44000244,173440002440000000000
2023-03-13,1678714200,167.4600067138672,177.35000610351562,163.91000366210938,174.47999572753906,174.47999572753906,167790300,174.47999573,174479995730000000000
2023-03-14,1678800600,177.30999755859375,183.8000030517578,177.13999938964844,183.25999450683594,183.25999450683594,143717900,183.25999451,183259994510000000000
2023-03-15,1678887000,180.8000030517578,182.33999633789062,176.02999877929688,180.4499969482422,180.4499969482422,145995600,180.44999695,180449996950000000000
2023-03-16,1678973400,180.3699951171875,185.80999755859375,178.83999633789062,184.1300048828125,184.1300048828125,121136800,184.13000488,184130004880000000000
2023-03-17,1679059800,184.52000427246094,186.22000122070312,177.3300018310547,180.1300048828125,180.1300048828125,133197100,180.13000488,180130004880000000000
2023-03-20,1679319000,178.0800018310547,186.44000244140625,176.35000610351562,183.25,183.25,129684400,183.25000000,183250000000000000000
2023-03-21,1679405400,188.27999877929688,198.0,188.0399932861328,197.5800018310547,197.5800018310547,153391400,197.58000183,197580001830000000000
2023-03-22,1679491800,199.3000030517578,200.66000366210938,190.9499969482422,191.14999389648438,191.14999389648438,150376400,191.14999390,191149993900000000000
2023-03-23,1679578200,195.25999450683594,199.30999755859375,188.64999389648438,192.22000122070312,192.22000122070312,144193900,192.22000122,192220001220000000000
2023-03-24,1679664600,191.64999389648438,192.36000061035156,187.14999389648438,190.41000366210938,190.41000366210938,116312400,190.41000366,190410003660000000000
2023-03-27,1679923800,194.4199981689453,197.38999938964844,189.94000244140625,191.80999755859375,191.80999755859375,120851600,191.80999756,191809997560000000000
2023-03-28,1680010200,192.0,192.35000610351562,185.42999267578125,189.19000244140625,189.19000244140625,98654600,189.19000244,189190002440000000000
2023-03-29,1680096600,193.1300048828125,195.2899932861328,189.44000244140625,193.8800048828125,193.8800048828125,123660000,193.88000488,193880004880000000000
2023-03-30,1680183000,195.5800018310547,197.3300018310547,194.4199981689453,195.27999877929688,195.27999877929688,110252200,195.27999878,195279998780000000000
2023-03-31,1680269400,197.52999877929688,207.7899932861328,197.1999969482422,207.4600067138672,207.4600067138672,170222100,207.46000671,207460006710000000000
2023-04-03,1680528600,199.91000366210938,202.69000244140625,192.1999969482422,194.77000427246094,194.77000427246094,169545900,194.77000427,194770004270000000000
2023-04-04,1680615000,197.32000732421875,198.74000549316406,190.32000732421875,192.5800018310547,192.5800018310547,126463800,192.58000183,192580001830000000000
2023-04-05,1680701400,190.52000427246094,190.67999267578125,183.75999450683594,185.52000427246094,185.52000427246094,133882500,185.52000427,185520004270000000000
2023-04-06,1680787800,183.0800018310547,186.38999938964844,179.74000549316406,185.05999755859375,185.05999755859375,123857900,185.05999756,185059997560000000000
2023-04-10,1681133400,179.94000244140625,185.10000610351562,176.11000061035156,184.50999450683594,184.50999450683594,142154600,184.50999451,184509994510000000000
2023-04-11,1681219800,186.69000244140625,189.19000244140625,185.64999389648438,186.7899932861328,186.7899932861328,115770900,186.78999329,186789993290000000000
2023-04-12,1681306200,190.74000549316406,191.5800018310547,180.30999755859375,180.5399932861328,180.5399932861328,150256300,180.53999329,180539993290000000000
2023-04-13,1681392600,182.9600067138672,186.5,180.94000244140625,185.89999389648438,185.89999389648438,112933000,185.89999390,185899993900000000000
2023-04-14,1681479000,183.9499969482422,186.27999877929688,182.00999450683594,185.0,185.0,96438700,185.00000000,185000000000000000000
2023-04-17,1681738200,186.32000732421875,189.69000244140625,182.69000244140625,187.0399932861328,187.0399932861328,116662200,187.03999329,187039993290000000000
2023-04-18,1681824600,187.14999389648438,187.69000244140625,183.5800018310547,184.30999755859375,184.30999755859375,92067000,184.30999756,184309997560000000000
2023-04-19,1681911000,179.10000610351562,183.5,177.64999389648438,180.58999633789062,180.58999633789062,125732700,180.58999634,180589996340000000000
2023-04-20,1681997400,166.1699981689453,169.6999969482422,160.55999755859375,162.99000549316406,162.99000549316406,210970800,162.99000549,162990005490000000000
2023-04-21,1682083800,164.8000030517578,166.0,161.32000732421875,165.0800018310547,165.0800018310547,123539000,165.08000183,165080001830000000000
2023-04-24,1682343000,164.64999389648438,165.64999389648438,158.61000061035156,162.5500030517578,162.5500030517578,140006600,162.55000305,162550003050000000000
2023-04-25,1682429400,159.82000732421875,163.47000122070312,158.75,160.6699981689453,160.6699981689453,121999300,160.66999817,160669998170000000000
2023-04-26,1682515800,160.2899932861328,160.6699981689453,153.13999938964844,153.75,153.75,153364100,153.75000000,153750000000000000000
2023-04-27,1682602200,152.63999938964844,160.47999572753906,152.3699951171875,160.19000244140625,160.19000244140625,127015200,160.19000244,160190002440000000000
2023-04-28,1682688600,160.89999389648438,165.0,157.32000732421875,164.30999755859375,164.30999755859375,122515800,164.30999756,164309997560000000000
2023-05-01,1682947800,163.1699981689453,163.27999877929688,158.8300018310547,161.8300018310547,161.8300018310547,109015000,161.83000183,161830001830000000000
2023-05-02,1683034200,161.8800048828125,165.49000549316406,158.92999267578125,160.30999755859375,160.30999755859375,128259700,160.30999756,160309997560000000000
2023-05-03,1683120600,160.00999450683594,165.0,159.91000366210938,160.61000061035156,160.61000061035156,119728000,160.61000061,160610000610000000000
2023-05-04,1683207000,162.7100067138672,162.9499969482422,159.64999389648438,161.1999969482422,161.1999969482422,95108500,161.19999695,161199996950000000000
2023-05-05,1683293400,163.97000122070312,170.7899932861328,163.50999450683594,170.05999755859375,170.05999755859375,107607300,170.05999756,170059997560000000000
2023-05-08,1683552600,173.72000122070312,173.8000030517578,169.19000244140625,171.7899932861328,171.7899932861328,112249400,171.78999329,171789993290000000000
2023-05-09,1683639000,168.9499969482422,169.82000732421875,166.55999755859375,169.14999389648438,169.14999389648438,88965000,169.14999390,169149993900000000000
2023-05-10,1683725400,172.5500030517578,174.42999267578125,166.67999267578125,168.5399932861328,168.5399932861328,119840700,168.53999329,168539993290000000000
2023-05-11,1683811800,168.6999969482422,173.57000732421875,166.7899932861328,172.0800018310547,172.0800018310547,103889900,172.08000183,172080001830000000000
2023-05-12,1683898200,176.07000732421875,177.3800048828125,167.22999572753906,167.97999572753906,167.97999572753906,157849600,167.97999573,167979995730000000000
2023-05-15,1684157400,167.66000366210938,169.75999450683594,164.5500030517578,166.35000610351562,166.35000610351562,105592500,166.35000610,166350006100000000000
2023-05-16,1684243800,165.64999389648438,169.52000427246094,164.35000610351562,166.52000427246094,166.52000427246094,98288800,166.52000427,166520004270000000000
2023-05-17,1684330200,168.41000366210938,174.5,167.19000244140625,173.86000061035156,173.86000061035156,125473600,173.86000061,173860000610000000000
2023-05-18,1684416600,174.22000122070312,177.05999755859375,172.4499969482422,176.88999938964844,176.88999938964844,109520300,176.88999939,176889999390000000000
2023-05-19,1684503000,177.1699981689453,181.9499969482422,176.30999755859375,180.13999938964844,180.13999938964844,136196700,180.13999939,180139999390000000000
2023-05-22,1684762200,180.6999969482422,189.32000732421875,180.11000061035156,188.8699951171875,188.8699951171875,132001400,188.86999512,188869995120000000000
2023-05-23,1684848600,186.1999969482422,192.9600067138672,185.25999450683594,185.77000427246094,185.77000427246094,156952100,185.77000427,185770004270000000000
2023-05-24,1684935000,182.22999572753906,184.22000122070312,178.22000122070312,182.89999389648438,182.89999389648438,137605100,182.89999390,182899993900000000000
2023-05-25,1685021400,186.5399932861328,186.77999877929688,180.5800018310547,184.47000122070312,184.47000122070312,96870700,184.47000122,184470001220000000000
2023-05-26,1685107800,184.6199951171875,198.60000610351562,184.52999877929688,193.1699981689453,193.1699981689453,162061500,193.16999817,193169998170000000000
2023-05-30,1685453400,200.10000610351562,204.47999572753906,197.52999877929688,201.16000366210938,201.16000366210938,128818700,201.16000366,201160003660000000000
2023-05-31,1685539800,199.77999877929688,203.9499969482422,195.1199951171875,203.92999267578125,203.92999267578125,150711700,203.92999268,203929992680000000000
2023-06-01,1685626200,202.58999633789062,209.8000030517578,199.3699951171875,207.52000427246094,207.52000427246094,148029900,207.52000427,207520004270000000000
2023-06-02,1685712600,210.14999389648438,217.25,209.75,213.97000122070312,213.97000122070312,164398400,213.97000122,213970001220000000000
2023-06-05,1685971800,217.8000030517578,221.2899932861328,214.52000427246094,217.61000061035156,217.61000061035156,151143100,217.61000061,217610000610000000000
2023-06-06,1686058200,216.13999938964844,221.91000366210938,212.52999877929688,221.30999755859375,221.30999755859375,146911600,221.30999756,221309997560000000000
2023-06-07,1686144600,228.0,230.8300018310547,223.1999969482422,224.57000732421875,224.57000732421875,185710800,224.57000732,224570007320000000000
2023-06-08,1686231000,224.22000122070312,235.22999572753906,223.00999450683594,234.86000061035156,234.86000061035156,164489700,234.86000061,234860000610000000000
2023-06-09,1686317400,249.07000732421875,252.4199981689453,242.02000427246094,244.39999389648438,244.39999389648438,200242400,244.39999390,244399993900000000000
2023-06-12,1686576600,247.94000244140625,250.97000122070312,244.58999633789062,249.8300018310547,249.8300018310547,150337900,249.83000183,249830001830000000000
2023-06-13,1686663000,253.50999450683594,259.67999267578125,251.33999633789062,258.7099914550781,258.7099914550781,162384300,258.70999146,258709991460000000000
2023-06-14,1686749400,260.1700134277344,261.57000732421875,250.5,256.7900085449219,256.7900085449219,170575500,256.79000854,256790008540000000000
2023-06-15,1686835800,248.39999389648438,258.95001220703125,247.2899932861328,255.89999389648438,255.89999389648438,160171200,255.89999390,255899993900000000000
2023-06-16,1686922200,258.9200134277344,263.6000061035156,257.2099914550781,260.5400085449219,260.5400085449219,167915600,260.54000854,260540008540000000000
2023-06-20,1687267800,261.5,274.75,261.1199951171875,274.45001220703125,274.45001220703125,165611200,274.45001221,274450012210000000000
2023-06-21,1687354200,275.1300048828125,276.989990234375,257.7799987792969,259.4599914550781,259.4599914550781,211797100,259.45999146,259459991460000000000
2023-06-22,1687440600,250.77000427246094,265.0,248.25,264.6099853515625,264.6099853515625,166875900,264.60998535,264609985350000000000
2023-06-23,1687527000,259.2900085449219,262.45001220703125,252.8000030517578,256.6000061035156,256.6000061035156,177460800,256.60000610,256600006100000000000
2023-06-26,1687786200,250.07000732421875,258.3699951171875,240.6999969482422,241.0500030517578,241.0500030517578,179990600,241.05000305,241050003050000000000
2023-06-27,1687872600,243.24000549316406,250.38999938964844,240.85000610351562,250.2100067138672,250.2100067138672,164968200,250.21000671,250210006710000000000
2023-06-28,1687959000,249.6999969482422,259.8800048828125,248.88999938964844,256.239990234375,256.239990234375,159770800,256.23999023,256239990230000000000
2023-06-29,1688045400,258.0299987792969,260.739990234375,253.61000061035156,257.5,257.5,131283400,257.50000000,257500000000000000000
2023-06-30,1688131800,260.6000061035156,264.45001220703125,259.8900146484375,261.7699890136719,261.7699890136719,112620800,261.76998901,261769989010000000000
2023-07-03,1688391000,276.489990234375,284.25,275.1099853515625,279.82000732421875,279.82000732421875,119685900,279.82000732,279820007320000000000
2023-07-05,1688563800,278.82000732421875,283.8500061035156,277.6000061035156,282.4800109863281,282.4800109863281,131530900,282.48001099,282480010990000000000
2023-07-06,1688650200,278.0899963378906,279.9700012207031,272.8800048828125,276.5400085449219,276.5400085449219,120332100,276.54000854,276540008540000000000
2023-07-07,1688736600,278.42999267578125,280.7799987792969,273.7699890136719,274.42999267578125,274.42999267578125,113879200,274.42999268,274429992680000000000
2023-07-10,1688995800,276.4700012207031,277.5199890136719,265.1000061035156,269.6099853515625,269.6099853515625,119425400,269.60998535,269609985350000000000
2023-07-11,1689082200,268.6499938964844,270.8999938964844,266.3699951171875,269.7900085449219,269.7900085449219,91972400,269.79000854,269790008540000000000
2023-07-12,1689168600,276.3299865722656,276.5199890136719,271.4599914550781,271.989990234375,271.989990234375,95672100,271.98999023,271989990230000000000
2023-07-13,1689255000,274.5899963378906,279.45001220703125,270.6000061035156,277.8999938964844,277.8999938964844,112681500,277.89999390,277899993900000000000
2023-07-14,1689341400,277.010009765625,285.29998779296875,276.30999755859375,281.3800048828125,281.3800048828125,120062400,281.38000488,281380004880000000000
2023-07-17,1689600600,286.6300048828125,292.2300109863281,283.57000732421875,290.3800048828125,290.3800048828125,131569600,290.38000488,290380004880000000000
2023-07-18,1689687000,290.1499938964844,295.260009765625,286.010009765625,293.3399963378906,293.3399963378906,112120300,293.33999634,293339996340000000000
2023-07-19,1689773400,296.0400085449219,299.2900085449219,289.5199890136719,291.260009765625,291.260009765625,142355400,291.26000977,291260009770000000000
2023-07-20,1689859800,279.55999755859375,280.92999267578125,261.20001220703125,262.8999938964844,262.8999938964844,175158300,262.89999390,262899993900000000000
2023-07-21,1689946200,268.0,268.0,255.8000030517578,260.0199890136719,260.0199890136719,161796100,260.01998901,260019989010000000000
2023-07-24,1690205400,255.85000610351562,269.8500061035156,254.1199951171875,269.05999755859375,269.05999755859375,136508500,269.05999756,269059997560000000000
2023-07-25,1690291800,272.3800048828125,272.8999938964844,265.0,265.2799987792969,265.2799987792969,112757300,265.27999878,265279998780000000000
2023-07-26,1690378200,263.25,268.0400085449219,261.75,264.3500061035156,264.3500061035156,95856200,264.35000610,264350006100000000000
2023-07-27,1690464600,268.30999755859375,269.1300048828125,255.3000030517578,255.7100067138672,255.7100067138672,103697300,255.71000671,255710006710000000000
2023-07-28,1690551000,259.8599853515625,267.25,258.2300109863281,266.44000244140625,266.44000244140625,111446000,266.44000244,266440002440000000000
2023-07-31,1690810200,267.4800109863281,269.0799865722656,263.7799987792969,267.42999267578125,267.42999267578125,84582200,267.42999268,267429992680000000000
2023-08-01,1690896600,266.260009765625,266.4700012207031,260.25,261.07000732421875,261.07000732421875,83166000,261.07000732,261070007320000000000
2023-08-02,1690983000,255.57000732421875,259.5199890136719,250.49000549316406,254.11000061035156,254.11000061035156,101752900,254.11000061,254110000610000000000
2023-08-03,1691069400,252.0399932861328,260.489990234375,252.0,259.32000732421875,259.32000732421875,97569100,259.32000732,259320007320000000000
2023-08-04,1691155800,260.9700012207031,264.7699890136719,253.11000061035156,253.86000061035156,253.86000061035156,99539900,253.86000061,253860000610000000000
2023-08-07,1691415000,251.4499969482422,253.64999389648438,242.75999450683594,251.4499969482422,251.4499969482422,111097900,251.44999695,251449996950000000000
2023-08-08,1691501400,247.4499969482422,250.9199981689453,245.00999450683594,249.6999969482422,249.6999969482422,96642200,249.69999695,249699996950000000000
2023-08-09,1691587800,250.8699951171875,251.10000610351562,241.89999389648438,242.19000244140625,242.19000244140625,101596300,242.19000244,242190002440000000000
2023-08-10,1691674200,245.39999389648438,251.8000030517578,243.0,245.33999633789062,245.33999633789062,109498600,245.33999634,245339996340000000000
2023-08-11,1691760600,241.77000427246094,243.7899932861328,238.02000427246094,242.64999389648438,242.64999389648438,99038600,242.64999390,242649993900000000000
2023-08-14,1692019800,235.6999969482422,240.66000366210938,233.75,239.75999450683594,239.75999450683594,98595300,239.75999451,239759994510000000000
2023-08-15,1692106200,238.72999572753906,240.5,232.61000061035156,232.9600067138672,232.9600067138672,88197600,232.96000671,232960006710000000000
2023-08-16,1692192600,228.02000427246094,233.97000122070312,225.3800048828125,225.60000610351562,225.60000610351562,112484500,225.60000610,225600006100000000000
2023-08-17,1692279000,226.05999755859375,226.74000549316406,218.8300018310547,219.22000122070312,219.22000122070312,120718400,219.22000122,219220001220000000000
2023-08-18,1692365400,214.1199951171875,217.5800018310547,212.36000061035156,215.49000549316406,215.49000549316406,136276600,215.49000549,215490005490000000000
2023-08-21,1692624600,221.5500030517578,232.1300048828125,220.5800018310547,231.27999877929688,231.27999877929688,135702700,231.27999878,231279998780000000000
2023-08-22,1692711000,240.25,240.82000732421875,229.5500030517578,233.19000244140625,233.19000244140625,130442800,233.19000244,233190002440000000000
2023-08-23,1692797400,229.33999633789062,238.97999572753906,229.2899932861328,236.86000061035156,236.86000061035156,101077600,236.86000061,236860000610000000000
2023-08-24,1692883800,238.66000366210938,238.9199981689453,228.17999267578125,230.0399932861328,230.0399932861328,99777400,230.03999329,230039993290000000000
2023-08-25,1692970200,231.30999755859375,239.0,230.35000610351562,238.58999633789062,238.58999633789062,106612200,238.58999634,238589996340000000000
2023-08-28,1693229400,242.5800018310547,244.3800048828125,235.35000610351562,238.82000732421875,238.82000732421875,107673700,238.82000732,238820007320000000000
2023-08-29,1693315800,238.5800018310547,257.4800109863281,237.77000427246094,257.17999267578125,257.17999267578125,134047600,257.17999268,257179992680000000000
2023-08-30,1693402200,254.1999969482422,260.510009765625,250.58999633789062,256.8999938964844,256.8999938964844,121988400,256.89999390,256899993900000000000
2023-08-31,1693488600,255.97999572753906,261.17999267578125,255.0500030517578,258.0799865722656,258.0799865722656,108861700,258.07998657,258079986570000000000
2023-09-01,1693575000,257.260009765625,259.0799865722656,242.00999450683594,245.00999450683594,245.00999450683594,132541600,245.00999451,245009994510000000000
2023-09-05,1693920600,245.0,258.0,244.86000061035156,256.489990234375,256.489990234375,129469600,256.48999023,256489990230000000000
2023-09-06,1694007000,255.13999938964844,255.38999938964844,245.05999755859375,251.9199981689453,251.9199981689453,116959800,251.91999817,251919998170000000000
2023-09-07,1694093400,245.07000732421875,252.80999755859375,243.27000427246094,251.49000549316406,251.49000549316406,115312900,251.49000549,251490005490000000000
2023-09-08,1694179800,251.22000122070312,256.5199890136719,246.6699981689453,248.5,248.5,118367700,248.50000000,248500000000000000000
2023-09-11,1694439000,264.2699890136719,274.8500061035156,260.6099853515625,273.5799865722656,273.5799865722656,174667900,273.57998657,273579986570000000000
2023-09-12,1694525400,270.760009765625,278.3900146484375,266.6000061035156,267.4800109863281,267.4800109863281,135999900,267.48001099,267480010990000000000
2023-09-13,1694611800,270.07000732421875,274.9800109863281,268.1000061035156,271.29998779296875,271.29998779296875,111673700,271.29998779,271299987790000000000
2023-09-14,1694698200,271.32000732421875,276.7099914550781,270.4200134277344,276.0400085449219,276.0400085449219,107709800,276.04000854,276040008540000000000
2023-09-15,1694784600,277.54998779296875,278.9800109863281,271.0,274.3900146484375,274.3900146484375,133692300,274.39001465,274390014650000000000
2023-09-18,1695043800,271.1600036621094,271.44000244140625,263.760009765625,265.2799987792969,265.2799987792969,101543300,265.27999878,265279998780000000000
2023-09-19,1695130200,264.3500061035156,267.8500061035156,261.20001220703125,266.5,266.5,103704000,266.50000000,266500000000000000000
2023-09-20,1695216600,267.0400085449219,273.92999267578125,262.4599914550781,262.5899963378906,262.5899963378906,122514600,262.58999634,262589996340000000000
2023-09-21,1695303000,257.8500061035156,260.8599853515625,254.2100067138672,255.6999969482422,255.6999969482422,119951500,255.69999695,255699996950000000000
2023-09-22,1695389400,257.3999938964844,257.7900085449219,244.47999572753906,244.8800048828125,244.8800048828125,127524100,244.88000488,244880004880000000000
2023-09-25,1695648600,243.3800048828125,247.10000610351562,238.30999755859375,246.99000549316406,246.99000549316406,104636600,246.99000549,246990005490000000000
2023-09-26,1695735000,242.97999572753906,249.5500030517578,241.66000366210938,244.1199951171875,244.1199951171875,101993600,244.11999512,244119995120000000000
2023-09-27,1695821400,244.25999450683594,245.3300018310547,234.5800018310547,240.5,240.5,136597200,240.50000000,240500000000000000000
2023-09-28,1695907800,240.02000427246094,247.5500030517578,238.64999389648438,246.3800048828125,246.3800048828125,117058900,246.38000488,246380004880000000000
2023-09-29,1695994200,250.0,254.77000427246094,246.35000610351562,250.22000122070312,250.22000122070312,128522700,250.22000122,250220001220000000000
2023-10-02,1696253400,244.80999755859375,254.27999877929688,242.6199951171875,251.60000610351562,251.60000610351562,123810400,251.60000610,251600006100000000000
2023-10-03,1696339800,248.61000061035156,250.02000427246094,244.4499969482422,246.52999877929688,246.52999877929688,101985300,246.52999878,246529998780000000000
2023-10-04,1696426200,248.13999938964844,261.8599853515625,247.60000610351562,261.1600036621094,261.1600036621094,129721600,261.16000366,261160003660000000000
2023-10-05,1696512600,260.0,263.6000061035156,256.25,260.04998779296875,260.04998779296875,119159200,260.04998779,260049987790000000000
2023-10-06,1696599000,253.97999572753906,261.6499938964844,250.64999389648438,260.5299987792969,260.5299987792969,118121800,260.52999878,260529998780000000000
2023-10-09,1696858200,255.30999755859375,261.3599853515625,252.0500030517578,259.6700134277344,259.6700134277344,101377900,259.67001343,259670013430000000000
2023-10-10,1696944600,257.75,268.94000244140625,257.6499938964844,263.6199951171875,263.6199951171875,122656000,263.61999512,263619995120000000000
2023-10-11,1697031000,266.20001220703125,268.6000061035156,260.8999938964844,262.989990234375,262.989990234375,103706300,262.98999023,262989990230000000000
2023-10-12,1697117400,262.9200134277344,265.4100036621094,256.6300048828125,258.8699951171875,258.8699951171875,111508100,258.86999512,258869995120000000000
2023-10-13,1697203800,258.8999938964844,259.6000061035156,250.22000122070312,251.1199951171875,251.1199951171875,102073800,251.11999512,251119995120000000000
2023-10-16,1697463000,250.0500030517578,255.39999389648438,248.47999572753906,253.9199981689453,253.9199981689453,88917200,253.91999817,253919998170000000000
2023-10-17,1697549400,250.10000610351562,257.17999267578125,247.0800018310547,254.85000610351562,254.85000610351562,93562900,254.85000610,254850006100000000000
2023-10-18,1697635800,252.6999969482422,254.6300048828125,242.0800018310547,242.67999267578125,242.67999267578125,125147800,242.67999268,242679992680000000000
2023-10-19,1697722200,225.9499969482422,230.61000061035156,216.77999877929688,220.11000061035156,220.11000061035156,170772700,220.11000061,220110000610000000000
2023-10-20,1697808600,217.00999450683594,218.86000061035156,210.4199981689453,211.99000549316406,211.99000549316406,138010100,211.99000549,211990005490000000000
2023-10-23,1698067800,210.0,216.97999572753906,202.50999450683594,212.0800018310547,212.0800018310547,150683400,212.08000183,212080001830000000000
2023-10-24,1698154200,216.5,222.0500030517578,214.11000061035156,216.52000427246094,216.52000427246094,118231100,216.52000427,216520004270000000000
2023-10-25,1698240600,215.8800048828125,220.10000610351562,212.1999969482422,212.4199981689453,212.4199981689453,107065100,212.41999817,212419998170000000000
2023-10-26,1698327000,211.32000732421875,214.8000030517578,204.8800048828125,205.75999450683594,205.75999450683594,115112600,205.75999451,205759994510000000000
2023-10-27,1698413400,210.60000610351562,212.41000366210938,205.77000427246094,207.3000030517578,207.3000030517578,94881200,207.30000305,207300003050000000000
2023-10-30,1698672600,209.27999877929688,210.8800048828125,194.6699981689453,197.36000061035156,197.36000061035156,136448200,197.36000061,197360000610000000000
2023-10-31,1698759000,196.1199951171875,202.8000030517578,194.07000732421875,200.83999633789062,200.83999633789062,118068300,200.83999634,200839996340000000000
2023-11-01,1698845400,204.0399932861328,205.99000549316406,197.85000610351562,205.66000366210938,205.66000366210938,121661700,205.66000366,205660003660000000000
2023-11-02,1698931800,212.97000122070312,219.1999969482422,211.4499969482422,218.50999450683594,218.50999450683594,125987600,218.50999451,218509994510000000000
2023-11-03,1699018200,221.14999389648438,226.3699951171875,218.39999389648438,219.9600067138672,219.9600067138672,119534800,219.96000671,219960006710000000000
2023-11-06,1699281000,223.97999572753906,226.32000732421875,215.0,219.27000427246094,219.27000427246094,117335800,219.27000427,219270004270000000000
2023-11-07,1699367400,219.97999572753906,223.1199951171875,215.72000122070312,222.17999267578125,222.17999267578125,116900100,222.17999268,222179992680000000000
2023-11-08,1699453800,223.14999389648438,224.14999389648438,217.63999938964844,222.11000061035156,222.11000061035156,106584800,222.11000061,222110000610000000000
2023-11-09,1699540200,219.75,220.8000030517578,206.67999267578125,209.97999572753906,209.97999572753906,142110500,209.97999573,209979995730000000000
2023-11-10,1699626600,210.02999877929688,215.3800048828125,205.69000244140625,214.64999389648438,214.64999389648438,130994000,214.64999390,214649993900000000000
2023-11-13,1699885800,215.60000610351562,225.39999389648438,211.61000061035156,223.7100067138672,223.7100067138672,140447600,223.71000671,223710006710000000000
2023-11-14,1699972200,235.02999877929688,238.13999938964844,230.72000122070312,237.41000366210938,237.41000366210938,149771600,237.41000366,237410003660000000000
2023-11-15,1700058600,239.2899932861328,246.6999969482422,236.4499969482422,242.83999633789062,242.83999633789062,150354000,242.83999634,242839996340000000000
2023-11-16,1700145000,239.49000549316406,240.8800048828125,230.9600067138672,233.58999633789062,233.58999633789062,136816800,233.58999634,233589996340000000000
2023-11-17,1700231400,232.0,237.38999938964844,226.5399932861328,234.3000030517578,234.3000030517578,142532800,234.30000305,234300003050000000000
2023-11-20,1700490600,234.0399932861328,237.10000610351562,231.02000427246094,235.60000610351562,235.60000610351562,116320100,235.60000610,235600006100000000000
2023-11-21,1700577000,235.0399932861328,243.6199951171875,233.33999633789062,241.1999969482422,241.1999969482422,122288000,241.19999695,241199996950000000000
2023-11-22,1700663400,242.0399932861328,244.00999450683594,231.39999389648438,234.2100067138672,234.2100067138672,117950600,234.21000671,234210006710000000000
2023-11-24,1700836200,233.75,238.75,232.3300018310547,235.4499969482422,235.4499969482422,65125200,235.44999695,235449996950000000000
2023-11-27,1701095400,236.88999938964844,238.3300018310547,232.10000610351562,236.0800018310547,236.0800018310547,112031800,236.08000183,236080001830000000000
2023-11-28,1701181800,236.67999267578125,247.0,234.00999450683594,246.72000122070312,246.72000122070312,148549900,246.72000122,246720001220000000000
2023-11-29,1701268200,249.2100067138672,252.75,242.75999450683594,244.13999938964844,244.13999938964844,135401300,244.13999939,244139999390000000000
2023-11-30,1701354600,245.13999938964844,245.22000122070312,236.91000366210938,240.0800018310547,240.0800018310547,132353200,240.08000183,240080001830000000000
2023-12-01,1701441000,233.13999938964844,240.19000244140625,231.89999389648438,238.8300018310547,238.8300018310547,121331700,238.83000183,238830001830000000000
2023-12-04,1701700200,235.75,239.3699951171875,233.2899932861328,235.5800018310547,235.5800018310547,104099800,235.58000183,235580001830000000000
2023-12-05,1701786600,233.8699951171875,246.66000366210938,233.6999969482422,238.72000122070312,238.72000122070312,137971100,238.72000122,238720001220000000000
2023-12-06,1701873000,242.9199981689453,246.57000732421875,239.1699981689453,239.3699951171875,239.3699951171875,126436200,239.36999512,239369995120000000000
2023-12-07,1701959400,241.5500030517578,244.0800018310547,236.97999572753906,242.63999938964844,242.63999938964844,107142300,242.63999939,242639999390000000000
2023-12-08,1702045800,240.27000427246094,245.27000427246094,239.27000427246094,243.83999633789062,243.83999633789062,103126800,243.83999634,243839996340000000000
2023-12-11,1702305000,242.74000549316406,243.44000244140625,237.4499969482422,239.74000549316406,239.74000549316406,97913900,239.74000549,239740005490000000000
2023-12-12,1702391400,238.5500030517578,238.99000549316406,233.8699951171875,237.00999450683594,237.00999450683594,95328300,237.00999451,237009994510000000000
2023-12-13,1702477800,234.19000244140625,240.3000030517578,228.1999969482422,239.2899932861328,239.2899932861328,146286300,239.28999329,239289993290000000000
2023-12-14,1702564200,241.22000122070312,253.8800048828125,240.7899932861328,251.0500030517578,251.0500030517578,160829200,251.05000305,251050003050000000000
2023-12-15,1702650600,251.2100067138672,254.1300048828125,248.3000030517578,253.5,253.5,135932800,253.50000000,253500000000000000000
2023-12-18,1702909800,253.77999877929688,258.739990234375,251.36000061035156,252.0800018310547,252.0800018310547,116416500,252.08000183,252080001830000000000
2023-12-19,1702996200,253.47999572753906,258.3399963378906,253.00999450683594,257.2200012207031,257.2200012207031,106737400,257.22000122,257220001220000000000
2023-12-20,1703082600,256.4100036621094,259.8399963378906,247.0,247.13999938964844,247.13999938964844,125097000,247.13999939,247139999390000000000
2023-12-21,1703169000,251.89999389648438,254.8000030517578,248.5500030517578,254.5,254.5,109594200,254.50000000,254500000000000000000
2023-12-22,1703255400,256.760009765625,258.2200012207031,251.3699951171875,252.5399932861328,252.5399932861328,93370100,252.53999329,252539993290000000000
2023-12-26,1703601000,254.49000549316406,257.9700012207031,252.91000366210938,256.6099853515625,256.6099853515625,86892400,256.60998535,256609985350000000000
2023-12-27,1703687400,258.3500061035156,263.3399963378906,257.5199890136719,261.44000244140625,261.44000244140625,106494400,261.44000244,261440002440000000000
2023-12-28,1703773800,263.6600036621094,265.1300048828125,252.7100067138672,253.17999267578125,253.17999267578125,113619900,253.17999268,253179992680000000000
2023-12-29,1703860200,255.10000610351562,255.19000244140625,247.42999267578125,248.47999572753906,248.47999572753906,100891600,248.47999573,248479995730000000000
2024-01-02,1704205800,250.0800018310547,251.25,244.41000366210938,248.4199981689453,248.4199981689453,104654200,248.41999817,248419998170000000000
2024-01-03,1704292200,244.97999572753906,245.67999267578125,236.32000732421875,238.4499969482422,238.4499969482422,121082600,238.44999695,238449996950000000000
2024-01-04,1704378600,239.25,242.6999969482422,237.72999572753906,237.92999267578125,237.92999267578125,102629300,237.92999268,237929992680000000000
2024-01-05,1704465000,236.86000061035156,240.1199951171875,234.89999389648438,237.49000549316406,237.49000549316406,92488900,237.49000549,237490005490000000000
2024-01-08,1704724200,236.13999938964844,241.25,235.3000030517578,240.4499969482422,240.4499969482422,85166600,240.44999695,240449996950000000000
2024-01-09,1704810600,238.11000061035156,238.9600067138672,232.0399932861328,234.9600067138672,234.9600067138672,96705700,234.96000671,234960006710000000000
2024-01-10,1704897000,235.10000610351562,235.5,231.2899932861328,233.94000244140625,233.94000244140625,91628500,233.94000244,233940002440000000000
2024-01-11,1704983400,230.57000732421875,230.92999267578125,225.3699951171875,227.22000122070312,227.22000122070312,105873600,227.22000122,227220001220000000000
2024-01-12,1705069800,220.0800018310547,225.33999633789062,217.14999389648438,218.88999938964844,218.88999938964844,123043800,218.88999939,218889999390000000000
2024-01-16,1705415400,215.10000610351562,223.49000549316406,212.17999267578125,219.91000366210938,219.91000366210938,115355000,219.91000366,219910003660000000000
2024-01-17,1705501800,214.86000061035156,215.6699981689453,212.00999450683594,215.5500030517578,215.5500030517578,103164400,215.55000305,215550003050000000000
2024-01-18,1705588200,216.8800048828125,217.4499969482422,208.74000549316406,211.8800048828125,211.8800048828125,108595400,211.88000488,211880004880000000000
2024-01-19,1705674600,209.99000549316406,213.19000244140625,207.55999755859375,212.19000244140625,212.19000244140625,102260300,212.19000244,212190002440000000000
2024-01-22,1705933800,212.25999450683594,217.8000030517578,206.27000427246094,208.8000030517578,208.8000030517578,117952500,208.80000305,208800003050000000000
2024-01-23,1706020200,211.3000030517578,215.64999389648438,207.75,209.13999938964844,209.13999938964844,106605900,209.13999939,209139999390000000000
2024-01-24,1706106600,211.8800048828125,212.72999572753906,206.77000427246094,207.8300018310547,207.8300018310547,123369900,207.83000183,207830001830000000000
2024-01-25,1706193000,189.6999969482422,193.0,180.05999755859375,182.6300048828125,182.6300048828125,198076800,182.63000488,182630004880000000000
2024-01-26,1706279400,185.5,186.77999877929688,182.10000610351562,183.25,183.25,107343200,183.25000000,183250000000000000000
2024-01-29,1706538600,185.6300048828125,191.47999572753906,183.6699981689453,190.92999267578125,190.92999267578125,125013100,190.92999268,190929992680000000000
2024-01-30,1706625000,195.3300018310547,196.36000061035156,190.61000061035156,191.58999633789062,191.58999633789062,109982300,191.58999634,191589996340000000000
2024-01-31,1706711400,187.0,193.97000122070312,185.85000610351562,187.2899932861328,187.2899932861328,103221400,187.28999329,187289993290000000000
2024-02-01,1706797800,188.5,189.8800048828125,184.27999877929688,188.86000061035156,188.86000061035156,91843300,188.86000061,188860000610000000000
2024-02-02,1706884200,185.0399932861328,188.69000244140625,182.0,187.91000366210938,187.91000366210938,110612700,187.91000366,187910003660000000000
2024-02-05,1707143400,184.25999450683594,184.67999267578125,175.00999450683594,181.05999755859375,181.05999755859375,134294400,181.05999756,181059997560000000000
2024-02-06,1707229800,177.2100067138672,186.49000549316406,177.11000061035156,185.10000610351562,185.10000610351562,122676000,185.10000610,185100006100000000000
2024-02-07,1707316200,188.17999267578125,189.7899932861328,182.67999267578125,187.5800018310547,187.5800018310547,111535200,187.58000183,187580001830000000000
2024-02-08,1707402600,189.0,191.6199951171875,185.5800018310547,189.55999755859375,189.55999755859375,83034000,189.55999756,189559997560000000000
2024-02-09,1707489000,190.17999267578125,194.1199951171875,189.47999572753906,193.57000732421875,193.57000732421875,84476300,193.57000732,193570007320000000000
2024-02-12,1707748200,192.11000061035156,194.72999572753906,187.27999877929688,188.1300048828125,188.1300048828125,95498600,188.13000488,188130004880000000000
2024-02-13,1707834600,183.99000549316406,187.25999450683594,182.11000061035156,184.02000427246094,184.02000427246094,86759500,184.02000427,184020004270000000000
2024-02-14,1707921000,185.3000030517578,188.88999938964844,183.35000610351562,188.7100067138672,188.7100067138672,81203000,188.71000671,188710006710000000000
2024-02-15,1708007400,189.16000366210938,200.8800048828125,188.86000061035156,200.4499969482422,200.4499969482422,120831800,200.44999695,200449996950000000000
2024-02-16,1708093800,202.05999755859375,203.1699981689453,197.39999389648438,199.9499969482422,199.9499969482422,111346700,199.94999695,199949996950000000000
2024-02-20,1708439400,196.1300048828125,198.60000610351562,189.1300048828125,193.75999450683594,193.75999450683594,104545800,193.75999451,193759994510000000000
2024-02-21,1708525800,193.36000061035156,199.44000244140625,191.9499969482422,194.77000427246094,194.77000427246094,103500300,194.77000427,194770004270000000000
2024-02-22,1708612200,194.0,198.32000732421875,191.36000061035156,197.41000366210938,197.41000366210938,92739500,197.41000366,197410003660000000000
2024-02-23,1708698600,195.30999755859375,197.57000732421875,191.5,191.97000122070312,191.97000122070312,78841900,191.97000122,191970001220000000000
2024-02-26,1708957800,192.2899932861328,201.77999877929688,192.0,199.39999389648438,199.39999389648438,111747100,199.39999390,199399993900000000000
2024-02-27,1709044200,204.0399932861328,205.60000610351562,198.25999450683594,199.72999572753906,199.72999572753906,108645400,199.72999573,199729995730000000000
2024-02-28,1709130600,200.4199981689453,205.3000030517578,198.44000244140625,202.0399932861328,202.0399932861328,99806200,202.03999329,202039993290000000000
2024-02-29,1709217000,204.17999267578125,205.27999877929688,198.4499969482422,201.8800048828125,201.8800048828125,85907000,201.88000488,201880004880000000000
2024-03-01,1709303400,200.52000427246094,204.52000427246094,198.5,202.63999938964844,202.63999938964844,82243100,202.63999939,202639999390000000000
2024-03-04,1709562600,198.72999572753906,199.75,186.72000122070312,188.13999938964844,188.13999938964844,134334900,188.13999939,188139999390000000000
2024-03-05,1709649000,183.0500030517578,184.58999633789062,177.57000732421875,180.74000549316406,180.74000549316406,119660800,180.74000549,180740005490000000000
2024-03-06,1709735400,179.99000549316406,181.5800018310547,173.6999969482422,176.5399932861328,176.5399932861328,107920900,176.53999329,176539993290000000000
2024-03-07,1709821800,174.35000610351562,180.0399932861328,173.6999969482422,178.64999389648438,178.64999389648438,102129000,178.64999390,178649993900000000000
2024-03-08,1709908200,181.5,182.72999572753906,174.6999969482422,175.33999633789062,175.33999633789062,85544600,175.33999634,175339996340000000000
2024-03-11,1710163800,175.4499969482422,182.8699951171875,174.8000030517578,177.77000427246094,177.77000427246094,85391500,177.77000427,177770004270000000000
2024-03-12,1710250200,177.77000427246094,179.42999267578125,172.41000366210938,177.5399932861328,177.5399932861328,87391700,177.53999329,177539993290000000000
2024-03-13,1710336600,173.0500030517578,176.0500030517578,169.14999389648438,169.47999572753906,169.47999572753906,106524500,169.47999573,169479995730000000000
2024-03-14,1710423000,167.77000427246094,171.1699981689453,160.50999450683594,162.5,162.5,126325700,162.50000000,162500000000000000000
2024-03-15,1710509400,163.16000366210938,165.17999267578125,160.75999450683594,163.57000732421875,163.57000732421875,97146800,163.57000732,163570007320000000000
2024-03-18,1710768600,170.02000427246094,174.72000122070312,165.89999389648438,173.8000030517578,173.8000030517578,108214400,173.80000305,173800003050000000000
2024-03-19,1710855000,172.36000061035156,172.82000732421875,167.4199981689453,171.32000732421875,171.32000732421875,77271400,171.32000732,171320007320000000000
2024-03-20,1710941400,173.0,176.25,170.82000732421875,175.66000366210938,175.66000366210938,83846700,175.66000366,175660003660000000000
2024-03-21,1711027800,176.38999938964844,178.17999267578125,171.8000030517578,172.82000732421875,172.82000732421875,73178000,172.82000732,172820007320000000000
2024-03-22,1711114200,166.69000244140625,171.1999969482422,166.3000030517578,170.8300018310547,170.8300018310547,75580600,170.83000183,170830001830000000000
2024-03-25,1711373400,168.75999450683594,175.24000549316406,168.72999572753906,172.6300048828125,172.6300048828125,74228600,172.63000488,172630004880000000000
2024-03-26,1711459800,178.5800018310547,184.25,177.3800048828125,177.6699981689453,177.6699981689453,113186200,177.66999817,177669998170000000000
2024-03-27,1711546200,181.41000366210938,181.91000366210938,176.0,179.8300018310547,179.8300018310547,81804000,179.83000183,179830001830000000000
2024-03-28,1711632600,177.4499969482422,179.57000732421875,175.3000030517578,175.7899932861328,175.7899932861328,77654800,175.78999329,175789993290000000000
2024-04-01,1711978200,176.1699981689453,176.75,170.2100067138672,175.22000122070312,175.22000122070312,81562100,175.22000122,175220001220000000000
2024-04-02,1712064600,164.75,167.69000244140625,163.42999267578125,166.6300048828125,166.6300048828125,116650600,166.63000488,166630004880000000000
2024-04-03,1712151000,164.02000427246094,168.82000732421875,163.27999877929688,168.3800048828125,168.3800048828125,82950100,168.38000488,168380004880000000000
2024-04-04,1712237400,170.07000732421875,177.19000244140625,168.00999450683594,171.11000061035156,171.11000061035156,123162000,171.11000061,171110000610000000000
2024-04-05,1712323800,169.0800018310547,170.86000061035156,160.50999450683594,164.89999389648438,164.89999389648438,143157600,164.89999390,164899993900000000000
2024-04-08,1712583000,169.33999633789062,174.5,167.7899932861328,172.97999572753906,172.97999572753906,104423300,172.97999573,172979995730000000000
2024-04-09,1712669400,172.91000366210938,179.22000122070312,171.9199981689453,176.8800048828125,176.8800048828125,102951700,176.88000488,176880004880000000000
2024-04-10,1712755800,173.0399932861328,174.92999267578125,170.00999450683594,171.75999450683594,171.75999450683594,84532400,171.75999451,171759994510000000000
2024-04-11,1712842200,172.5500030517578,175.8800048828125,168.50999450683594,174.60000610351562,174.60000610351562,94516000,174.60000610,174600006100000000000
2024-04-12,1712928600,172.33999633789062,173.80999755859375,170.36000061035156,171.0500030517578,171.0500030517578,64722700,171.05000305,171050003050000000000
2024-04-15,1713187800,170.24000549316406,170.69000244140625,161.3800048828125,161.47999572753906,161.47999572753906,100245300,161.47999573,161479995730000000000
2024-04-16,1713274200,156.74000549316406,158.19000244140625,153.75,157.11000061035156,157.11000061035156,97000000,157.11000061,157110000610000000000
2024-04-17,1713360600,157.63999938964844,158.3300018310547,153.77999877929688,155.4499969482422,155.4499969482422,82439700,155.44999695,155449996950000000000
2024-04-18,1713447000,151.25,152.1999969482422,148.6999969482422,149.92999267578125,149.92999267578125,96098800,149.92999268,149929992680000000000
2024-04-19,1713533400,148.97000122070312,150.94000244140625,146.22000122070312,147.0500030517578,147.0500030517578,87074500,147.05000305,147050003050000000000
2024-04-22,1713792600,140.55999755859375,144.44000244140625,138.8000030517578,142.0500030517578,142.0500030517578,107097600,142.05000305,142050003050000000000
2024-04-23,1713879000,143.3300018310547,147.25999450683594,141.11000061035156,144.67999267578125,144.67999267578125,124545100,144.67999268,144679992680000000000
2024-04-24,1713965400,162.83999633789062,167.97000122070312,157.50999450683594,162.1300048828125,162.1300048828125,181178000,162.13000488,162130004880000000000
2024-04-25,1714051800,158.9600067138672,170.8800048828125,158.36000061035156,170.17999267578125,170.17999267578125,126427500,170.17999268,170179992680000000000
2024-04-26,1714138200,168.85000610351562,172.1199951171875,166.3699951171875,168.2899932861328,168.2899932861328,109815700,168.28999329,168289993290000000000
2024-04-29,1714397400,188.4199981689453,198.8699951171875,184.5399932861328,194.0500030517578,194.0500030517578,243869700,194.05000305,194050003050000000000
2024-04-30,1714483800,186.97999572753906,190.9499969482422,182.83999633789062,183.27999877929688,183.27999877929688,127031800,183.27999878,183279998780000000000
2024-05-01,1714570200,182.0,185.86000061035156,179.00999450683594,179.99000549316406,179.99000549316406,92829700,179.99000549,179990005490000000000
2024-05-02,1714656600,182.86000061035156,184.60000610351562,176.02000427246094,180.00999450683594,180.00999450683594,89148000,180.00999451,180009994510000000000
2024-05-03,1714743000,182.10000610351562,184.77999877929688,178.4199981689453,181.19000244140625,181.19000244140625,75491500,181.19000244,181190002440000000000
2024-05-06,1715002200,183.8000030517578,187.55999755859375,182.1999969482422,184.75999450683594,184.75999450683594,84390300,184.75999451,184759994510000000000
2024-05-07,1715088600,182.39999389648438,183.25999450683594,177.39999389648438,177.80999755859375,177.80999755859375,75045900,177.80999756,177809997560000000000
2024-05-08,1715175000,171.58999633789062,176.05999755859375,170.14999389648438,174.72000122070312,174.72000122070312,79969500,174.72000122,174720001220000000000
2024-05-09,1715261400,175.00999450683594,175.6199951171875,171.3699951171875,171.97000122070312,171.97000122070312,65950300,171.97000122,171970001220000000000
2024-05-10,1715347800,173.0500030517578,173.05999755859375,167.75,168.47000122070312,168.47000122070312,72627200,168.47000122,168470001220000000000
2024-05-13,1715607000,170.0,175.39999389648438,169.0,171.88999938964844,171.88999938964844,67018900,171.88999939,171889999390000000000
2024-05-14,1715693400,174.5,179.49000549316406,174.07000732421875,177.5500030517578,177.5500030517578,86407400,177.55000305,177550003050000000000
2024-05-15,1715779800,179.89999389648438,180.0,173.11000061035156,173.99000549316406,173.99000549316406,79663000,173.99000549,173990005490000000000
2024-05-16,1715866200,174.10000610351562,175.7899932861328,171.42999267578125,174.83999633789062,174.83999633789062,59812200,174.83999634,174839996340000000000
2024-05-17,1715952600,173.5500030517578,179.6300048828125,172.75,177.4600067138672,177.4600067138672,77445800,177.46000671,177460006710000000000
2024-05-20,1716211800,177.55999755859375,177.75,173.52000427246094,174.9499969482422,174.9499969482422,61727400,174.94999695,174949996950000000000
2024-05-21,1716298200,175.50999450683594,186.8800048828125,174.7100067138672,186.60000610351562,186.60000610351562,115266500,186.60000610,186600006100000000000
2024-05-22,1716384600,182.85000610351562,183.8000030517578,178.1199951171875,180.11000061035156,180.11000061035156,88313500,180.11000061,180110000610000000000
2024-05-23,1716471000,181.8000030517578,181.89999389648438,173.25999450683594,173.74000549316406,173.74000549316406,71975500,173.74000549,173740005490000000000
2024-05-24,1716557400,174.83999633789062,180.0800018310547,173.72999572753906,179.24000549316406,179.24000549316406,65584500,179.24000549,179240005490000000000
2024-05-28,1716903000,176.39999389648438,178.25,173.16000366210938,176.75,176.75,59736600,176.75000000,176750000000000000000
2024-05-29,1716989400,174.19000244140625,178.14999389648438,173.92999267578125,176.19000244140625,176.19000244140625,54782600,176.19000244,176190002440000000000
2024-05-30,1717075800,178.5800018310547,182.6699981689453,175.3800048828125,178.7899932861328,178.7899932861328,77618400,178.78999329,178789993290000000000
2024-05-31,1717162200,178.5,180.32000732421875,173.82000732421875,178.0800018310547,178.0800018310547,67314600,178.08000183,178080001830000000000
2024-06-03,1717421400,178.1300048828125,182.63999938964844,174.49000549316406,176.2899932861328,176.2899932861328,68568900,176.28999329,176289993290000000000
2024-06-04,1717507800,174.77999877929688,177.75999450683594,174.0,174.77000427246094,174.77000427246094,60056300,174.77000427,174770004270000000000
2024-06-05,1717594200,175.35000610351562,176.14999389648438,172.1300048828125,175.0,175.0,57953800,175.00000000,175000000000000000000
2024-06-06,1717680600,174.60000610351562,179.72999572753906,172.72999572753906,177.94000244140625,177.94000244140625,69887000,177.94000244,177940002440000000000
2024-06-07,1717767000,176.1300048828125,179.35000610351562,175.5800018310547,177.47999572753906,177.47999572753906,56244900,177.47999573,177479995730000000000
2024-06-10,1718026200,176.05999755859375,178.57000732421875,173.1699981689453,173.7899932861328,173.7899932861328,50774600,173.78999329,173789993290000000000
2024-06-11,1718112600,173.9199981689453,174.75,167.41000366210938,170.66000366210938,170.66000366210938,64761900,170.66000366,170660003660000000000
2024-06-12,1718199000,171.1199951171875,180.5500030517578,169.8000030517578,177.2899932861328,177.2899932861328,90389400,177.28999329,177289993290000000000
2024-06-13,1718285400,188.38999938964844,191.0800018310547,181.22999572753906,182.47000122070312,182.47000122070312,118984100,182.47000122,182470001220000000000
2024-06-14,1718371800,185.8000030517578,186.0,176.9199981689453,178.00999450683594,178.00999450683594,82038200,178.00999451,178009994510000000000
2024-06-17,1718631000,177.9199981689453,188.80999755859375,177.0,187.44000244140625,187.44000244140625,109786100,187.44000244,187440002440000000000
2024-06-18,1718717400,186.55999755859375,187.1999969482422,182.3699951171875,184.86000061035156,184.86000061035156,68982300,184.86000061,184860000610000000000
2024-06-20,1718890200,184.67999267578125,185.2100067138672,179.66000366210938,181.57000732421875,181.57000732421875,55893100,181.57000732,181570007320000000000
2024-06-21,1718976600,182.3000030517578,183.9499969482422,180.69000244140625,183.00999450683594,183.00999450683594,61937300,183.00999451,183009994510000000000
2024-06-24,1719235800,184.97000122070312,188.8000030517578,182.5500030517578,182.5800018310547,182.5800018310547,61992100,182.58000183,182580001830000000000
2024-06-25,1719322200,184.39999389648438,187.97000122070312,182.00999450683594,187.35000610351562,187.35000610351562,62905700,187.35000610,187350006100000000000
2024-06-26,1719408600,186.5399932861328,197.75999450683594,186.36000061035156,196.3699951171875,196.3699951171875,95737100,196.36999512,196369995120000000000
2024-06-27,1719495000,195.1699981689453,198.72000122070312,194.0500030517578,197.4199981689453,197.4199981689453,72746500,197.41999817,197419998170000000000
2024-06-28,1719581400,199.5500030517578,203.1999969482422,195.25999450683594,197.8800048828125,197.8800048828125,95438100,197.88000488,197880004880000000000
2024-07-01,1719840600,201.02000427246094,213.22999572753906,200.85000610351562,209.86000061035156,209.86000061035156,135691400,209.86000061,209860000610000000000
2024-07-02,1719927000,218.88999938964844,231.3000030517578,218.05999755859375,231.25999450683594,231.25999450683594,205047900,231.25999451,231259994510000000000
2024-07-03,1720013400,234.55999755859375,248.35000610351562,234.25,246.38999938964844,246.38999938964844,166561500,246.38999939,246389999390000000000
2024-07-05,1720186200,249.80999755859375,252.3699951171875,242.4600067138672,251.52000427246094,251.52000427246094,154501200,251.52000427,251520004270000000000
2024-07-08,1720445400,247.7100067138672,259.44000244140625,244.57000732421875,252.94000244140625,252.94000244140625,157219600,252.94000244,252940002440000000000
2024-07-09,1720531800,251.0,265.6099853515625,250.3000030517578,262.3299865722656,262.3299865722656,160210900,262.32998657,262329986570000000000
2024-07-10,1720618200,262.79998779296875,267.5899963378906,257.8599853515625,263.260009765625,263.260009765625,128519400,263.26000977,263260009770000000000
2024-07-11,1720704600,263.29998779296875,271.0,239.64999389648438,241.02999877929688,241.02999877929688,221707300,241.02999878,241029998780000000000
2024-07-12,1720791000,235.8000030517578,251.83999633789062,233.08999633789062,248.22999572753906,248.22999572753906,155955800,248.22999573,248229995730000000000
2024-07-15,1721050200,255.97000122070312,265.6000061035156,251.72999572753906,252.63999938964844,252.63999938964844,146912900,252.63999939,252639999390000000000
2024-07-16,1721136600,255.30999755859375,258.6199951171875,245.8000030517578,256.55999755859375,256.55999755859375,126332500,256.55999756,256559997560000000000
2024-07-17,1721223000,252.72999572753906,258.4700012207031,246.17999267578125,248.5,248.5,115584800,248.50000000,248500000000000000000
2024-07-18,1721309400,251.08999633789062,257.1400146484375,247.1999969482422,249.22999572753906,249.22999572753906,110869000,249.22999573,249229995730000000000
2024-07-19,1721395800,247.7899932861328,249.44000244140625,236.8300018310547,239.1999969482422,239.1999969482422,87403900,239.19999695,239199996950000000000
2024-07-22,1721655000,244.2100067138672,253.2100067138672,243.75,251.50999450683594,251.50999450683594,101225400,251.50999451,251509994510000000000
2024-07-23,1721741400,253.60000610351562,255.75999450683594,245.6300048828125,246.3800048828125,246.3800048828125,111928200,246.38000488,246380004880000000000
2024-07-24,1721827800,225.4199981689453,225.99000549316406,214.7100067138672,215.99000549316406,215.99000549316406,167942900,215.99000549,215990005490000000000
2024-07-25,1721914200,216.8000030517578,226.0,216.22999572753906,220.25,220.25,100636500,220.25000000,220250000000000000000
2024-07-26,1722000600,221.19000244140625,222.27999877929688,215.3300018310547,219.8000030517578,219.8000030517578,94604100,219.80000305,219800003050000000000
2024-07-29,1722259800,224.89999389648438,234.27000427246094,224.6999969482422,232.10000610351562,232.10000610351562,129201800,232.10000610,232100006100000000000
2024-07-30,1722346200,232.25,232.41000366210938,220.0,222.6199951171875,222.6199951171875,100560300,222.61999512,222619995120000000000
2024-07-31,1722432600,227.89999389648438,234.67999267578125,226.7899932861328,232.07000732421875,232.07000732421875,67497000,232.07000732,232070007320000000000
2024-08-01,1722519000,227.69000244140625,231.8699951171875,214.3300018310547,216.86000061035156,216.86000061035156,83861900,216.86000061,216860000610000000000
2024-08-02,1722605400,214.8800048828125,216.1300048828125,205.77999877929688,207.6699981689453,207.6699981689453,82880100,207.66999817,207669998170000000000
2024-08-05,1722864600,185.22000122070312,203.8800048828125,182.0,198.8800048828125,198.8800048828125,100308800,198.88000488,198880004880000000000
2024-08-06,1722951000,200.75,202.89999389648438,192.6699981689453,200.63999938964844,200.63999938964844,73783900,200.63999939,200639999390000000000
2024-08-07,1723037400,200.77000427246094,203.49000549316406,191.47999572753906,191.75999450683594,191.75999450683594,71159800,191.75999451,191759994510000000000
2024-08-08,1723123800,195.6999969482422,200.6999969482422,192.0399932861328,198.83999633789062,198.83999633789062,65033900,198.83999634,198839996340000000000
2024-08-09,1723210200,197.0500030517578,200.8800048828125,195.11000061035156,200.0,200.0,58648300,200.00000000,200000000000000000000
2024-08-12,1723469400,199.02000427246094,199.25999450683594,194.6699981689453,197.49000549316406,197.49000549316406,64044900,197.49000549,197490005490000000000
2024-08-13,1723555800,198.47000122070312,208.49000549316406,197.05999755859375,207.8300018310547,207.8300018310547,76247400,207.83000183,207830001830000000000
2024-08-14,1723642200,207.38999938964844,208.44000244140625,198.75,201.3800048828125,201.3800048828125,70250000,201.38000488,201380004880000000000
2024-08-15,1723728600,205.02000427246094,215.8800048828125,204.82000732421875,214.13999938964844,214.13999938964844,89848500,214.13999939,214139999390000000000
2024-08-16,1723815000,211.14999389648438,219.8000030517578,210.8000030517578,216.1199951171875,216.1199951171875,88765100,216.11999512,216119995120000000000
2024-08-19,1724074200,217.07000732421875,222.97999572753906,214.08999633789062,222.72000122070312,222.72000122070312,76435200,222.72000122,222720001220000000000
2024-08-20,1724160600,224.8800048828125,228.22000122070312,219.55999755859375,221.10000610351562,221.10000610351562,74001200,221.10000610,221100006100000000000
2024-08-21,1724247000,222.6699981689453,224.66000366210938,218.86000061035156,223.27000427246094,223.27000427246094,70146000,223.27000427,223270004270000000000
2024-08-22,1724333400,223.82000732421875,224.8000030517578,210.32000732421875,210.66000366210938,210.66000366210938,79514500,210.66000366,210660003660000000000
2024-08-23,1724419800,214.4600067138672,221.47999572753906,214.2100067138672,220.32000732421875,220.32000732421875,81525200,220.32000732,220320007320000000000
2024-08-26,1724679000,218.75,219.08999633789062,211.00999450683594,213.2100067138672,213.2100067138672,59301200,213.21000671,213210006710000000000
2024-08-27,1724765400,213.25,215.66000366210938,206.94000244140625,209.2100067138672,209.2100067138672,62821400,209.21000671,209210006710000000000
2024-08-28,1724851800,209.72000122070312,211.83999633789062,202.58999633789062,205.75,205.75,64116400,205.75000000,205750000000000000000
2024-08-29,1724938200,209.8000030517578,214.88999938964844,205.97000122070312,206.27999877929688,206.27999877929688,62308800,206.27999878,206279998780000000000
2024-08-30,1725024600,208.6300048828125,214.57000732421875,207.02999877929688,214.11000061035156,214.11000061035156,63370600,214.11000061,214110000610000000000
2024-09-03,1725370200,215.25999450683594,219.89999389648438,209.63999938964844,210.60000610351562,210.60000610351562,76714200,210.60000610,210600006100000000000
2024-09-04,1725456600,210.58999633789062,222.22000122070312,210.57000732421875,219.41000366210938,219.41000366210938,80651800,219.41000366,219410003660000000000
2024-09-05,1725543000,223.49000549316406,235.0,222.25,230.1699981689453,230.1699981689453,119355000,230.16999817,230169998170000000000
2024-09-06,1725629400,232.60000610351562,233.60000610351562,210.50999450683594,210.72999572753906,210.72999572753906,112177000,210.72999573,210729995730000000000
2024-09-09,1725888600,216.1999969482422,219.8699951171875,213.6699981689453,216.27000427246094,216.27000427246094,67443500,216.27000427,216270004270000000000
2024-09-10,1725975000,220.07000732421875,226.39999389648438,218.63999938964844,226.1699981689453,226.1699981689453,78891100,226.16999817,226169998170000000000
2024-09-11,1726061400,224.5500030517578,228.47000122070312,216.8000030517578,228.1300048828125,228.1300048828125,83548600,228.13000488,228130004880000000000
2024-09-12,1726147800,224.66000366210938,231.4499969482422,223.8300018310547,229.80999755859375,229.80999755859375,71894900,229.80999756,229809997560000000000
2024-09-13,1726234200,228.0,232.6699981689453,226.32000732421875,230.2899932861328,230.2899932861328,59515100,230.28999329,230289993290000000000
2024-09-16,1726493400,229.3000030517578,229.9600067138672,223.52999877929688,226.77999877929688,226.77999877929688,54323000,226.77999878,226779998780000000000
2024-09-17,1726579800,229.4499969482422,234.57000732421875,226.5500030517578,227.8699951171875,227.8699951171875,66761600,227.86999512,227869995120000000000
2024-09-18,1726666200,230.08999633789062,235.67999267578125,226.8800048828125,227.1999969482422,227.1999969482422,78010200,227.19999695,227199996950000000000
2024-09-19,1726752600,234.0,244.24000549316406,232.1300048828125,243.9199981689453,243.9199981689453,102694600,243.91999817,243919998170000000000
2024-09-20,1726839000,241.52000427246094,243.99000549316406,235.9199981689453,238.25,238.25,99879100,238.25000000,238250000000000000000
2024-09-23,1727098200,242.61000061035156,250.0,241.9199981689453,250.0,250.0,86927200,250.00000000,250000000000000000000
2024-09-24,1727184600,254.0800018310547,257.19000244140625,249.0500030517578,254.27000427246094,254.27000427246094,88491000,254.27000427,254270004270000000000
2024-09-25,1727271000,252.5399932861328,257.04998779296875,252.27999877929688,257.0199890136719,257.0199890136719,65034300,257.01998901,257019989010000000000
2024-09-26,1727357400,260.6000061035156,261.75,251.52999877929688,254.22000122070312,254.22000122070312,67142200,254.22000122,254220001220000000000
2024-09-27,1727443800,257.3800048828125,260.70001220703125,254.1199951171875,260.4599914550781,260.4599914550781,70988100,260.45999146,260459991460000000000
2024-09-30,1727703000,259.0400085449219,264.8599853515625,255.77000427246094,261.6300048828125,261.6300048828125,80705700,261.63000488,261630004880000000000
2024-10-01,1727789400,262.6700134277344,263.9800109863281,248.52999877929688,258.0199890136719,258.0199890136719,87397600,258.01998901,258019989010000000000
2024-10-02,1727875800,247.5500030517578,251.16000366210938,241.5,249.02000427246094,249.02000427246094,93983900,249.02000427,249020004270000000000
2024-10-03,1727962200,244.47999572753906,249.7899932861328,237.80999755859375,240.66000366210938,240.66000366210938,80729200,240.66000366,240660003660000000000
2024-10-04,1728048600,246.69000244140625,250.9600067138672,244.5800018310547,250.0800018310547,250.0800018310547,86573200,250.08000183,250080001830000000000
2024-10-07,1728307800,249.0,249.8300018310547,240.6999969482422,240.8300018310547,240.8300018310547,68113300,240.83000183,240830001830000000000
2024-10-08,1728394200,243.55999755859375,246.2100067138672,240.55999755859375,244.5,244.5,56303200,244.50000000,244500000000000000000
2024-10-09,1728480600,243.82000732421875,247.42999267578125,239.50999450683594,241.0500030517578,241.0500030517578,66289500,241.05000305,241050003050000000000
2024-10-10,1728567000,241.80999755859375,242.7899932861328,232.33999633789062,238.77000427246094,238.77000427246094,83087100,238.77000427,238770004270000000000
2024-10-11,1728653400,220.1300048828125,223.33999633789062,214.3800048828125,217.8000030517578,217.8000030517578,142628900,217.80000305,217800003050000000000
2024-10-14,1728912600,220.1300048828125,221.91000366210938,213.74000549316406,219.16000366210938,219.16000366210938,86291900,219.16000366,219160003660000000000
2024-10-15,1728999000,220.00999450683594,224.25999450683594,217.1199951171875,219.57000732421875,219.57000732421875,62988800,219.57000732,219570007320000000000
2024-10-16,1729085400,221.39999389648438,222.82000732421875,218.92999267578125,221.3300018310547,221.3300018310547,49632800,221.33000183,221330001830000000000
2024-10-17,1729171800,221.58999633789062,222.0800018310547,217.89999389648438,220.88999938964844,220.88999938964844,50791800,220.88999939,220889999390000000000
2024-10-18,1729258200,220.7100067138672,222.27999877929688,219.22999572753906,220.6999969482422,220.6999969482422,49611900,220.69999695,220699996950000000000
2024-10-21,1729517400,218.89999389648438,220.47999572753906,215.72999572753906,218.85000610351562,218.85000610351562,47329000,218.85000610,218850006100000000000
2024-10-22,1729603800,217.30999755859375,218.22000122070312,215.25999450683594,217.97000122070312,217.97000122070312,43268700,217.97000122,217970001220000000000
2024-10-23,1729690200,217.1300048828125,218.72000122070312,212.11000061035156,213.64999389648438,213.64999389648438,80938900,213.64999390,213649993900000000000
2024-10-24,1729776600,244.67999267578125,262.1199951171875,242.64999389648438,260.4800109863281,260.4800109863281,204491900,260.48001099,260480010990000000000
2024-10-25,1729863000,256.010009765625,269.489990234375,255.32000732421875,269.19000244140625,269.19000244140625,161611900,269.19000244,269190002440000000000
2024-10-28,1730122200,270.0,273.5400085449219,262.239990234375,262.510009765625,262.510009765625,107653600,262.51000977,262510009770000000000
2024-10-29,1730208600,264.510009765625,264.9800109863281,255.50999450683594,259.5199890136719,259.5199890136719,80521800,259.51998901,259519989010000000000
2024-10-30,1730295000,258.0400085449219,263.3500061035156,255.82000732421875,257.54998779296875,257.54998779296875,53993600,257.54998779,257549987790000000000
2024-10-31,1730381400,257.989990234375,259.75,249.25,249.85000610351562,249.85000610351562,66575300,249.85000610,249850006100000000000
2024-11-01,1730467800,252.0399932861328,254.0,246.6300048828125,248.97999572753906,248.97999572753906,57544800,248.97999573,248979995730000000000
2024-11-04,1730730600,244.55999755859375,248.89999389648438,238.8800048828125,242.83999633789062,242.83999633789062,68802400,242.83999634,242839996340000000000
2024-11-05,1730817000,247.33999633789062,255.27999877929688,246.2100067138672,251.44000244140625,251.44000244140625,69282500,251.44000244,251440002440000000000
2024-11-06,1730903400,284.6700134277344,289.5899963378906,275.6199951171875,288.5299987792969,288.5299987792969,165228700,288.52999878,288529998780000000000
2024-11-07,1730989800,288.8900146484375,299.75,285.5199890136719,296.9100036621094,296.9100036621094,117309200,296.91000366,296910003660000000000
2024-11-08,1731076200,299.1400146484375,328.7099914550781,297.6600036621094,321.2200012207031,321.2200012207031,204782800,321.22000122,321220001220000000000
2024-11-11,1731335400,346.29998779296875,358.6400146484375,336.0,350.0,350.0,210521600,350.00000000,350000000000000000000
2024-11-12,1731421800,342.739990234375,345.8399963378906,323.30999755859375,328.489990234375,328.489990234375,155726000,328.48999023,328489990230000000000
2024-11-13,1731508200,335.8500061035156,344.6000061035156,322.5,330.239990234375,330.239990234375,125405600,330.23999023,330239990230000000000
2024-11-14,1731594600,327.69000244140625,329.9800109863281,310.3699951171875,311.17999267578125,311.17999267578125,120726100,311.17999268,311179992680000000000
2024-11-15,1731681000,310.57000732421875,324.67999267578125,309.2200012207031,320.7200012207031,320.7200012207031,114440300,320.72000122,320720001220000000000
2024-11-18,1731940200,340.7300109863281,348.54998779296875,330.010009765625,338.739990234375,338.739990234375,126085600,338.73999023,338739990230000000000
2024-11-19,1732026600,335.760009765625,347.3800048828125,332.75,346.0,346.0,88852500,346.00000000,346000000000000000000
2024-11-20,1732113000,345.0,346.6000061035156,334.29998779296875,342.0299987792969,342.0299987792969,66340700,342.02999878,342029998780000000000
2024-11-21,1732199400,343.80999755859375,347.989990234375,335.2799987792969,339.6400146484375,339.6400146484375,58011700,339.64001465,339640014650000000000
2024-11-22,1732285800,341.0899963378906,361.5299987792969,337.70001220703125,352.55999755859375,352.55999755859375,89140700,352.55999756,352559997560000000000
2024-11-25,1732545000,360.1400146484375,361.92999267578125,338.20001220703125,338.5899963378906,338.5899963378906,95890900,338.58999634,338589996340000000000
2024-11-26,1732631400,341.0,346.9599914550781,335.6600036621094,338.2300109863281,338.2300109863281,62295900,338.23001099,338230010990000000000
2024-11-27,1732717800,341.79998779296875,342.54998779296875,326.5899963378906,332.8900146484375,332.8900146484375,57896400,332.89001465,332890014650000000000
2024-11-29,1732890600,336.0799865722656,345.45001220703125,334.6499938964844,345.1600036621094,345.1600036621094,37167600,345.16000366,345160003660000000000
2024-12-02,1733149800,352.3800048828125,360.0,351.1499938964844,357.0899963378906,357.0899963378906,77986500,357.08999634,357089996340000000000
2024-12-03,1733236200,351.79998779296875,355.69000244140625,348.20001220703125,351.4200134277344,351.4200134277344,58267200,351.42001343,351420013430000000000
2024-12-04,1733322600,353.0,358.1000061035156,348.6000061035156,357.92999267578125,357.92999267578125,50810900,357.92999268,357929992680000000000
2024-12-05,1733409000,359.8699951171875,375.42999267578125,359.5,369.489990234375,369.489990234375,81403600,369.48999023,369489990230000000000
2024-12-06,1733495400,377.4200134277344,389.489990234375,370.79998779296875,389.2200012207031,389.2200012207031,81455800,389.22000122,389220001220000000000
2024-12-09,1733754600,397.6099853515625,404.79998779296875,378.010009765625,389.7900085449219,389.7900085449219,96359200,389.79000854,389790008540000000000
2024-12-10,1733841000,392.67999267578125,409.7300109863281,390.8500061035156,400.989990234375,400.989990234375,97563600,400.98999023,400989990230000000000
2024-12-11,1733927400,409.70001220703125,424.8800048828125,402.3800048828125,424.7699890136719,424.7699890136719,104287600,424.76998901,424769989010000000000
2024-12-12,1734013800,424.8399963378906,429.29998779296875,415.0,418.1000061035156,418.1000061035156,87752200,418.10000610,418100006100000000000
2024-12-13,1734100200,420.0,436.29998779296875,415.7099914550781,436.2300109863281,436.2300109863281,89000200,436.23001099,436230010990000000000
2024-12-16,1734359400,441.0899963378906,463.19000244140625,436.1499938964844,463.0199890136719,463.0199890136719,114083800,463.01998901,463019989010000000000
2024-12-17,1734445800,475.8999938964844,483.989990234375,457.510009765625,479.8599853515625,479.8599853515625,131223000,479.85998535,479859985350000000000
2024-12-18,1734532200,466.5,488.5400085449219,427.010009765625,440.1300048828125,440.1300048828125,149340800,440.13000488,440130004880000000000
2024-12-19,1734618600,451.8800048828125,456.3599853515625,420.0199890136719,436.1700134277344,436.1700134277344,118566100,436.17001343,436170013430000000000
2024-12-20,1734705000,425.510009765625,447.0799865722656,417.6400146484375,421.05999755859375,421.05999755859375,132216200,421.05999756,421059997560000000000
2024-12-23,1734964200,431.0,434.510009765625,415.4100036621094,430.6000061035156,430.6000061035156,72698100,430.60000610,430600006100000000000
2024-12-24,1735050600,435.8999938964844,462.7799987792969,435.1400146484375,462.2799987792969,462.2799987792969,59551800,462.27999878,462279998780000000000
2024-12-26,1735223400,465.1600036621094,465.3299865722656,451.0199890136719,454.1300048828125,454.1300048828125,76366400,454.13000488,454130004880000000000
2024-12-27,1735309800,449.5199890136719,450.0,426.5,431.6600036621094,431.6600036621094,82666800,431.66000366,431660003660000000000
2024-12-30,1735569000,419.3999938964844,427.0,415.75,417.4100036621094,417.4100036621094,64941000,417.41000366,417410003660000000000
2024-12-31,1735655400,423.7900085449219,427.92999267578125,402.5400085449219,403.8399963378906,403.8399963378906,76825100,403.83999634,403839996340000000000
2025-01-02,1735828200,390.1000061035156,392.7300109863281,373.0400085449219,379.2799987792969,379.2799987792969,109710700,379.27999878,379279998780000000000
2025-01-03,1735914600,381.4800109863281,411.8800048828125,379.45001220703125,410.44000244140625,410.44000244140625,95423300,410.44000244,410440002440000000000
2025-01-06,1736173800,423.20001220703125,426.42999267578125,401.70001220703125,411.04998779296875,411.04998779296875,85516500,411.04998779,411049987790000000000
2025-01-07,1736260200,405.8299865722656,414.3299865722656,390.0,394.3599853515625,394.3599853515625,75699500,394.35998535,394359985350000000000
2025-01-08,1736346600,392.95001220703125,402.5,387.3999938964844,394.94000244140625,394.94000244140625,73038800,394.94000244,394940002440000000000
2025-01-10,1736519400,391.3999938964844,399.2799987792969,377.2900085449219,394.739990234375,394.739990234375,62287300,394.73999023,394739990230000000000
2025-01-13,1736778600,383.2099914550781,403.7900085449219,380.07000732421875,403.30999755859375,403.30999755859375,67580500,403.30999756,403309997560000000000
2025-01-14,1736865000,414.3399963378906,422.6400146484375,394.5400085449219,396.3599853515625,396.3599853515625,84565000,396.35998535,396359985350000000000
2025-01-15,1736951400,409.8999938964844,429.79998779296875,405.6600036621094,428.2200012207031,428.2200012207031,81375500,428.22000122,428220001220000000000
2025-01-16,1737037800,423.489990234375,424.0,409.1300048828125,413.82000732421875,413.82000732421875,68335200,413.82000732,413820007320000000000
2025-01-17,1737124200,421.5,439.739990234375,419.75,426.5,426.5,94991400,426.50000000,426500000000000000000
2025-01-21,1737469800,432.6400146484375,433.20001220703125,406.30999755859375,424.07000732421875,424.07000732421875,87320900,424.07000732,424070007320000000000
2025-01-22,1737556200,416.80999755859375,428.0,414.5899963378906,415.1099853515625,415.1099853515625,60963300,415.10998535,415109985350000000000
2025-01-23,1737642600,416.05999755859375,420.7300109863281,408.95001220703125,412.3800048828125,412.3800048828125,50690600,412.38000488,412380004880000000000
2025-01-24,1737729000,414.45001220703125,418.8800048828125,405.7799987792969,406.5799865722656,406.5799865722656,56427100,406.57998657,406579986570000000000
2025-01-27,1737988200,394.79998779296875,406.69000244140625,389.0,397.1499938964844,397.1499938964844,58125500,397.14999390,397149993900000000000
2025-01-28,1738074600,396.9100036621094,400.5899963378906,386.5,398.0899963378906,398.0899963378906,48910700,398.08999634,398089996340000000000
2025-01-29,1738161000,395.2099914550781,398.5899963378906,384.4800109863281,389.1000061035156,389.1000061035156,68033600,389.10000610,389100006100000000000
2025-01-30,1738247400,410.7799987792969,412.5,384.4100036621094,400.2799987792969,400.2799987792969,98092900,400.27999878,400279998780000000000
2025-01-31,1738333800,401.5299987792969,419.989990234375,401.3399963378906,404.6000061035156,404.6000061035156,83283600,404.60000610,404600006100000000000
2025-02-03,1738593000,386.67999267578125,389.1700134277344,374.3599853515625,383.67999267578125,383.67999267578125,93732100,383.67999268,383679992680000000000
2025-02-04,1738679400,382.6300048828125,394.0,381.3999938964844,392.2099914550781,392.2099914550781,57072200,392.20999146,392209991460000000000
2025-02-05,1738765800,387.510009765625,388.3900146484375,375.5299987792969,378.1700134277344,378.1700134277344,57223300,378.17001343,378170013430000000000
2025-02-06,1738852200,373.0299987792969,375.3999938964844,363.17999267578125,374.32000732421875,374.32000732421875,77918200,374.32000732,374320007320000000000
2025-02-07,1738938600,370.19000244140625,380.54998779296875,360.3399963378906,361.6199951171875,361.6199951171875,70298300,361.61999512,361619995120000000000
2025-02-10,1739197800,356.2099914550781,362.70001220703125,350.510009765625,350.7300109863281,350.7300109863281,77514900,350.73001099,350730010990000000000
2025-02-11,1739284200,345.79998779296875,349.3699951171875,325.1000061035156,328.5,328.5,118543400,328.50000000,328500000000000000000
2025-02-12,1739370600,329.94000244140625,346.3999938964844,329.1199951171875,336.510009765625,336.510009765625,105382700,336.51000977,336510009770000000000
2025-02-13,1739457000,345.0,358.69000244140625,342.8500061035156,355.94000244140625,355.94000244140625,89441500,355.94000244,355940002440000000000
2025-02-14,1739543400,360.6199951171875,362.0,347.5,355.8399963378906,355.8399963378906,68277300,355.83999634,355839996340000000000
2025-02-18,1739889000,355.010009765625,359.1000061035156,350.0199890136719,354.1099853515625,354.1099853515625,51631700,354.10998535,354109985350000000000
2025-02-19,1739975400,354.0,367.3399963378906,353.6700134277344,360.55999755859375,360.55999755859375,67094400,360.55999756,360559997560000000000
2025-02-20,1740061800,361.510009765625,362.29998779296875,348.0,354.3999938964844,354.3999938964844,45965400,354.39999390,354399993900000000000
2025-02-21,1740148200,353.44000244140625,354.9800109863281,334.4200134277344,337.79998779296875,337.79998779296875,74058600,337.79998779,337799987790000000000
2025-02-24,1740407400,338.1400146484375,342.3999938964844,324.70001220703125,330.5299987792969,330.5299987792969,76052300,330.52999878,330529998780000000000
2025-02-25,1740493800,327.0199890136719,328.8900146484375,297.25,302.79998779296875,302.79998779296875,134228800,302.79998779,302799987790000000000
2025-02-26,1740580200,303.7099914550781,309.0,288.0400085449219,290.79998779296875,290.79998779296875,100118300,290.79998779,290799987790000000000
2025-02-27,1740666600,291.1600036621094,297.2300109863281,280.8800048828125,281.95001220703125,281.95001220703125,101748200,281.95001221,281950012210000000000
2025-02-28,1740753000,279.5,293.8800048828125,273.6000061035156,292.9800109863281,292.9800109863281,115697000,292.98001099,292980010990000000000
2025-03-03,1741012200,300.3399963378906,303.94000244140625,277.29998779296875,284.6499938964844,284.6499938964844,115551400,284.64999390,284649993900000000000
2025-03-04,1741098600,270.92999267578125,284.3500061035156,261.8399963378906,272.0400085449219,272.0400085449219,126706600,272.04000854,272040008540000000000
2025-03-05,1741185000,272.9200134277344,279.54998779296875,267.7099914550781,279.1000061035156,279.1000061035156,94042900,279.10000610,279100006100000000000
2025-03-06,1741271400,272.05999755859375,272.6499938964844,260.0199890136719,263.45001220703125,263.45001220703125,98451600,263.45001221,263450012210000000000
2025-03-07,1741357800,259.32000732421875,266.25,250.72999572753906,262.6700134277344,262.6700134277344,102369600,262.67001343,262670013430000000000
2025-03-10,1741613400,252.5399932861328,253.3699951171875,220.0,222.14999389648438,222.14999389648438,189076900,222.14999390,222149993900000000000
2025-03-11,1741699800,225.30999755859375,237.05999755859375,217.02000427246094,230.5800018310547,230.5800018310547,174896400,230.58000183,230580001830000000000
2025-03-12,1741786200,247.22000122070312,251.83999633789062,241.10000610351562,248.08999633789062,248.08999633789062,142215700,248.08999634,248089996340000000000
2025-03-13,1741872600,248.1300048828125,248.2899932861328,232.60000610351562,240.67999267578125,240.67999267578125,114813500,240.67999268,240679992680000000000
2025-03-14,1741959000,247.30999755859375,251.5800018310547,240.72999572753906,249.97999572753906,249.97999572753906,100242300,249.97999573,249979995730000000000
2025-03-17,1742218200,245.05999755859375,245.39999389648438,232.8000030517578,238.00999450683594,238.00999450683594,111900600,238.00999451,238009994510000000000
2025-03-18,1742304600,228.16000366210938,230.10000610351562,222.27999877929688,225.30999755859375,225.30999755859375,111477600,225.30999756,225309997560000000000
2025-03-19,1742391000,231.61000061035156,241.41000366210938,229.1999969482422,235.86000061035156,235.86000061035156,111993800,235.86000061,235860000610000000000
2025-03-20,1742477400,233.35000610351562,238.0,230.0500030517578,236.25999450683594,236.25999450683594,99028300,236.25999451,236259994510000000000
2025-03-21,1742563800,234.99000549316406,249.52000427246094,234.5500030517578,248.7100067138672,248.7100067138672,132728700,248.71000671,248710006710000000000
2025-03-24,1742823000,258.0799865722656,278.6400146484375,256.3299865722656,278.3900146484375,278.3900146484375,169079900,278.39001465,278390014650000000000
2025-03-25,1742909400,283.6000061035156,288.20001220703125,271.2799987792969,288.1400146484375,288.1400146484375,150361500,288.14001465,288140014650000000000
2025-03-26,1742995800,282.6600036621094,284.8999938964844,266.510009765625,272.05999755859375,272.05999755859375,153629800,272.05999756,272059997560000000000
2025-03-27,1743082200,272.4800109863281,291.8500061035156,271.82000732421875,273.1300048828125,273.1300048828125,162572100,273.13000488,273130004880000000000
2025-03-28,1743168600,275.5799865722656,276.1000061035156,260.57000732421875,263.54998779296875,263.54998779296875,123809400,263.54998779,263549987790000000000
2025-03-31,1743427800,249.30999755859375,260.55999755859375,243.36000061035156,259.1600036621094,259.1600036621094,134008900,259.16000366,259160003660000000000
2025-04-01,1743514200,263.79998779296875,277.45001220703125,259.25,268.4599914550781,268.4599914550781,146486900,268.45999146,268459991460000000000
2025-04-02,1743600600,254.60000610351562,284.989990234375,251.27000427246094,282.760009765625,282.760009765625,212787800,282.76000977,282760009770000000000
2025-04-03,1743687000,265.2900085449219,276.29998779296875,261.510009765625,267.2799987792969,267.2799987792969,136174300,267.27999878,267279998780000000000
2025-04-04,1743773400,255.3800048828125,261.0,236.0,239.42999267578125,239.42999267578125,181229400,239.42999268,239429992680000000000
2025-04-07,1744032600,223.77999877929688,252.0,214.25,233.2899932861328,233.2899932861328,183453800,233.28999329,233289993290000000000
2025-04-08,1744119000,245.0,250.44000244140625,217.8000030517578,221.86000061035156,221.86000061035156,171603500,221.86000061,221860000610000000000
2025-04-09,1744205400,224.69000244140625,274.69000244140625,223.8800048828125,272.20001220703125,272.20001220703125,219433400,272.20001221,272200012210000000000
2025-04-10,1744291800,260.0,262.489990234375,239.3300018310547,252.39999389648438,252.39999389648438,181722600,252.39999390,252399993900000000000
2025-04-11,1744378200,251.83999633789062,257.739990234375,241.36000061035156,252.30999755859375,252.30999755859375,128948100,252.30999756,252309997560000000000
2025-04-14,1744637400,258.3599853515625,261.79998779296875,245.92999267578125,252.35000610351562,252.35000610351562,100135200,252.35000610,252350006100000000000
2025-04-15,1744723800,249.91000366210938,258.75,247.5399932861328,254.11000061035156,254.11000061035156,79594300,254.11000061,254110000610000000000
2025-04-16,1744810200,247.61000061035156,251.97000122070312,233.88999938964844,241.5500030517578,241.5500030517578,112378700,241.55000305,241550003050000000000
2025-04-17,1744896600,243.47000122070312,244.33999633789062,237.67999267578125,241.3699951171875,241.3699951171875,83404800,241.36999512,241369995120000000000
2025-04-21,1745242200,230.25999450683594,232.2100067138672,222.7899932861328,227.5,227.5,97768000,227.50000000,227500000000000000000
2025-04-22,1745328600,230.9600067138672,242.7899932861328,229.85000610351562,237.97000122070312,237.97000122070312,120858500,237.97000122,237970001220000000000
2025-04-23,1745415000,254.86000061035156,259.45001220703125,244.42999267578125,250.74000549316406,250.74000549316406,150381900,250.74000549,250740005490000000000
2025-04-24,1745501400,250.5,259.5400085449219,249.1999969482422,259.510009765625,259.510009765625,94464200,259.51000977,259510009770000000000
2025-04-25,1745587800,261.69000244140625,286.8500061035156,259.6300048828125,284.95001220703125,284.95001220703125,167560700,284.95001221,284950012210000000000
2025-04-28,1745847000,288.9800109863281,294.8599853515625,272.4200134277344,285.8800048828125,285.8800048828125,151731800,285.88000488,285880004880000000000
2025-04-29,1745933400,285.5,293.32000732421875,279.4700012207031,292.0299987792969,292.0299987792969,108906600,292.02999878,292029998780000000000
2025-04-30,1746019800,279.8999938964844,284.45001220703125,270.7799987792969,282.1600036621094,282.1600036621094,128961100,282.16000366,282160003660000000000
2025-05-01,1746106200,280.010009765625,290.8699951171875,279.80999755859375,280.5199890136719,280.5199890136719,99659000,280.51998901,280519989010000000000
2025-05-02,1746192600,284.8999938964844,294.7799987792969,279.80999755859375,287.2099914550781,287.2099914550781,114454700,287.20999146,287209991460000000000
2025-05-05,1746451800,284.57000732421875,284.8500061035156,274.3999938964844,280.260009765625,280.260009765625,94618900,280.26000977,280260009770000000000
2025-05-06,1746538200,273.1099853515625,277.7300109863281,271.3500061035156,275.3500061035156,275.3500061035156,76715800,275.35000610,275350006100000000000
2025-05-07,1746624600,276.8800048828125,277.9200134277344,271.0,276.2200012207031,276.2200012207031,71592600,276.22000122,276220001220000000000
2025-05-08,1746711000,279.6300048828125,289.79998779296875,279.4100036621094,284.82000732421875,284.82000732421875,97539400,284.82000732,284820007320000000000
2025-05-09,1746797400,290.2099914550781,307.0400085449219,290.0,298.260009765625,298.260009765625,132387800,298.26000977,298260009770000000000
2025-05-12,1747056600,321.989990234375,322.2099914550781,311.5,318.3800048828125,318.3800048828125,112826700,318.38000488,318380004880000000000
2025-05-13,1747143000,320.0,337.5899963378906,316.79998779296875,334.07000732421875,334.07000732421875,136992600,334.07000732,334070007320000000000
2025-05-14,1747229400,342.5,350.0,337.0,347.67999267578125,347.67999267578125,136997300,347.67999268,347679992680000000000
2025-05-15,1747315800,340.3399963378906,346.1400146484375,334.7200012207031,342.82000732421875,342.82000732421875,97882600,342.82000732,342820007320000000000
2025-05-16,1747402200,346.239990234375,351.6199951171875,342.3299865722656,349.9800109863281,349.9800109863281,95895700,349.98001099,349980010990000000000
2025-05-19,1747661400,336.29998779296875,343.0,333.3699951171875,342.0899963378906,342.0899963378906,88869900,342.08999634,342089996340000000000
2025-05-20,1747747800,347.8699951171875,354.989990234375,341.6300048828125,343.82000732421875,343.82000732421875,131715500,343.82000732,343820007320000000000
2025-05-21,1747834200,344.42999267578125,347.3500061035156,332.20001220703125,334.6199951171875,334.6199951171875,102354800,334.61999512,334619995120000000000
2025-05-22,1747920600,331.8999938964844,347.2699890136719,331.3900146484375,341.0400085449219,341.0400085449219,97113400,341.04000854,341040008540000000000
2025-05-23,1748007000,337.9200134277344,343.17999267578125,333.2099914550781,339.3399963378906,339.3399963378906,84654800,339.33999634,339339996340000000000
2025-05-27,1748352600,347.3500061035156,363.7900085449219,347.32000732421875,362.8900146484375,362.8900146484375,120146400,362.89001465,362890014650000000000
2025-05-28,1748439000,364.8399963378906,365.0,355.9100036621094,356.8999938964844,356.8999938964844,91404300,356.89999390,356899993900000000000
2025-05-29,1748525400,365.2900085449219,367.7099914550781,356.0,358.42999267578125,358.42999267578125,88087800,358.42999268,358429992680000000000
2025-05-30,1748611800,355.5199890136719,363.67999267578125,345.2900085449219,346.4599914550781,346.4599914550781,123474900,346.45999146,346459991460000000000
2025-06-02,1748871000,343.5,348.0199890136719,333.3299865722656,342.69000244140625,342.69000244140625,81873800,342.69000244,342690002440000000000
2025-06-03,1748957400,346.6000061035156,355.3999938964844,343.0400085449219,344.2699890136719,344.2699890136719,99324500,344.26998901,344269989010000000000
2025-06-04,1749043800,345.1000061035156,345.6000061035156,327.3299865722656,332.04998779296875,332.04998779296875,98912100,332.04998779,332049987790000000000
2025-06-05,1749130200,322.489990234375,324.54998779296875,273.2099914550781,284.70001220703125,284.70001220703125,287499800,284.70001221,284700012210000000000
2025-06-06,1749216600,298.8299865722656,305.5,291.1400146484375,295.1400146484375,295.1400146484375,164747700,295.14001465,295140014650000000000
2025-06-09,1749475800,285.9599914550781,309.8299865722656,281.8500061035156,308.5799865722656,308.5799865722656,140908900,308.57998657,308579986570000000000
2025-06-10,1749562200,314.94000244140625,327.8299865722656,310.6700134277344,326.0899963378906,326.0899963378906,151256500,326.08999634,326089996340000000000
2025-06-11,1749648600,334.3999938964844,335.5,322.5,326.42999267578125,326.42999267578125,122611400,326.42999268,326429992680000000000
2025-06-12,1749735000,323.0799865722656,332.55999755859375,316.8599853515625,319.1099853515625,319.1099853515625,105127500,319.10998535,319109985350000000000
2025-06-13,1749821400,313.9700012207031,332.989990234375,313.29998779296875,325.30999755859375,325.30999755859375,128964300,325.30999756,325309997560000000000
2025-06-16,1750080600,331.2900085449219,332.04998779296875,326.4100036621094,329.1300048828125,329.1300048828125,83925900,329.13000488,329130004880000000000
2025-06-17,1750167000,326.0899963378906,327.260009765625,314.739990234375,316.3500061035156,316.3500061035156,88282700,316.35000610,316350006100000000000
2025-06-18,1750253400,317.30999755859375,329.32000732421875,315.45001220703125,322.04998779296875,322.04998779296875,95137700,322.04998779,322049987790000000000
2025-06-20,1750426200,327.95001220703125,332.3599853515625,317.7799987792969,322.1600036621094,322.1600036621094,108688000,322.16000366,322160003660000000000
2025-06-23,1750685400,327.5400085449219,357.5400085449219,327.4800109863281,348.67999267578125,348.67999267578125,190716800,348.67999268,348679992680000000000
2025-06-24,1750771800,356.1700134277344,356.260009765625,340.44000244140625,340.4700012207031,340.4700012207031,114736200,340.47000122,340470001220000000000
2025-06-25,1750858200,342.70001220703125,343.0,320.3999938964844,327.54998779296875,327.54998779296875,119845100,327.54998779,327549987790000000000
2025-06-26,1750944600,324.6099853515625,331.04998779296875,323.6099853515625,325.7799987792969,325.7799987792969,80440900,325.77999878,325779998780000000000
2025-06-27,1751031000,324.510009765625,329.3399963378906,317.5,323.6300048828125,323.6300048828125,89067000,323.63000488,323630004880000000000
2025-06-30,1751290200,319.8999938964844,325.5799865722656,316.6000061035156,317.6600036621094,317.6600036621094,76695100,317.66000366,317660003660000000000
2025-07-01,1751376600,298.4599914550781,305.8900146484375,293.2099914550781,300.7099914550781,300.7099914550781,145085700,300.70999146,300709991460000000000
2025-07-02,1751463000,312.6300048828125,316.8299865722656,303.82000732421875,315.6499938964844,315.6499938964844,119483700,315.64999390,315649993900000000000
2025-07-03,1751549400,317.989990234375,318.45001220703125,312.760009765625,315.3500061035156,315.3500061035156,58042300,315.35000610,315350006100000000000
2025-07-07,1751895000,291.3699951171875,296.1499938964844,288.7699890136719,293.94000244140625,293.94000244140625,131177900,293.94000244,293940002440000000000
2025-07-08,1751981400,297.0,304.04998779296875,294.3500061035156,297.80999755859375,297.80999755859375,103246700,297.80999756,297809997560000000000
2025-07-09,1752067800,297.54998779296875,300.1499938964844,293.54998779296875,295.8800048828125,295.8800048828125,75586800,295.88000488,295880004880000000000
2025-07-10,1752154200,300.04998779296875,310.4800109863281,300.0,309.8699951171875,309.8699951171875,104365300,309.86999512,309869995120000000000
2025-07-11,1752240600,307.8900146484375,314.0899963378906,305.6499938964844,313.510009765625,313.510009765625,79236400,313.51000977,313510009770000000000
2025-07-14,1752499800,317.7300109863281,322.6000061035156,312.6700134277344,316.8999938964844,316.8999938964844,78043400,316.89999390,316899993900000000000
2025-07-15,1752586200,319.67999267578125,321.20001220703125,310.5,310.7799987792969,310.7799987792969,77556300,310.77999878,310779998780000000000
2025-07-16,1752672600,312.79998779296875,323.5,312.6199951171875,321.6700134277344,321.6700134277344,97284800,321.67001343,321670013430000000000
2025-07-17,1752759000,323.1499938964844,324.3399963378906,317.05999755859375,319.4100036621094,319.4100036621094,73922900,319.41000366,319410003660000000000
2025-07-18,1752845400,321.6600036621094,330.8999938964844,321.4200134277344,329.6499938964844,329.6499938964844,94255000,329.64999390,329649993900000000000
2025-07-21,1753104600,334.3999938964844,338.0,326.8800048828125,328.489990234375,328.489990234375,75768800,328.48999023,328489990230000000000
2025-07-22,1753191000,329.739990234375,335.4100036621094,321.54998779296875,332.1099853515625,332.1099853515625,77370400,332.10998535,332109985350000000000
2025-07-23,1753277400,330.8999938964844,336.20001220703125,328.6700134277344,332.55999755859375,332.55999755859375,92553800,332.55999756,332559997560000000000
2025-07-24,1753363800,310.0,310.1499938964844,300.4100036621094,305.29998779296875,305.29998779296875,156966000,305.29998779,305299987790000000000
2025-07-25,1753450200,308.739990234375,323.6300048828125,308.010009765625,316.05999755859375,316.05999755859375,148227000,316.05999756,316059997560000000000
2025-07-28,1753709400,318.45001220703125,330.489990234375,315.69000244140625,325.5899963378906,325.5899963378906,112673800,325.58999634,325589996340000000000
2025-07-29,1753795800,325.54998779296875,326.25,318.25,321.20001220703125,321.20001220703125,87358900,321.20001221,321200012210000000000
2025-07-30,1753882200,322.17999267578125,324.45001220703125,311.6199951171875,319.0400085449219,319.0400085449219,83931900,319.04000854,319040008540000000000
2025-07-31,1753968600,319.6099853515625,321.3699951171875,306.1000061035156,308.2699890136719,308.2699890136719,85270900,308.26998901,308269989010000000000
2025-08-01,1754055000,306.2099914550781,309.30999755859375,297.82000732421875,302.6300048828125,302.6300048828125,89121400,302.63000488,302630004880000000000
2025-08-04,1754314200,309.0799865722656,312.1199951171875,303.0,309.260009765625,309.260009765625,78683900,309.26000977,309260009770000000000
2025-08-05,1754400600,308.95001220703125,312.45001220703125,305.5,308.7200012207031,308.7200012207031,57961300,308.72000122,308720001220000000000
2025-08-06,1754487000,307.8900146484375,320.4700012207031,306.92999267578125,319.9100036621094,319.9100036621094,78523600,319.91000366,319910003660000000000
2025-08-07,1754573400,319.7900085449219,322.3999938964844,316.1600036621094,322.2699890136719,322.2699890136719,66658700,322.26998901,322269989010000000000
2025-08-08,1754659800,321.42999267578125,335.1499938964844,320.9800109863281,329.6499938964844,329.6499938964844,91200300,329.64999390,329649993900000000000
2025-08-11,1754919000,335.0,346.6400146484375,334.1499938964844,339.0299987792969,339.0299987792969,105320200,339.02999878,339029998780000000000
2025-08-12,1755005400,345.0,345.260009765625,332.94000244140625,340.8399963378906,340.8399963378906,80522100,340.83999634,340839996340000000000
2025-08-13,1755091800,341.5,348.9800109863281,338.20001220703125,339.3800048828125,339.3800048828125,67838900,339.38000488,339380004880000000000
2025-08-14,1755178200,335.760009765625,340.4700012207031,330.3999938964844,335.5799865722656,335.5799865722656,75000700,335.57998657,335579986570000000000
2025-08-15,1755264600,337.6600036621094,339.29998779296875,327.0199890136719,330.55999755859375,330.55999755859375,74319800,330.55999756,330559997560000000000
2025-08-18,1755523800,329.6199951171875,336.2699890136719,329.5899963378906,335.1600036621094,335.1600036621094,56956600,335.16000366,335160003660000000000
2025-08-19,1755610200,335.7900085449219,340.54998779296875,327.8500061035156,329.30999755859375,329.30999755859375,75956000,329.30999756,329309997560000000000
2025-08-20,1755696600,329.2200012207031,331.3699951171875,314.6000061035156,323.8999938964844,323.8999938964844,77481800,323.89999390,323899993900000000000
2025-08-21,1755783000,322.0799865722656,324.8999938964844,318.67999267578125,320.1099853515625,320.1099853515625,55744400,320.10998535,320109985350000000000
2025-08-22,1755869400,321.6600036621094,340.25,319.69000244140625,340.010009765625,340.010009765625,94016300,340.01000977,340010009770000000000
2025-08-25,1756128600,338.8999938964844,349.5299987792969,335.0299987792969,346.6000061035156,346.6000061035156,86670000,346.60000610,346600006100000000000
2025-08-26,1756215000,344.92999267578125,351.8999938964844,343.7200012207031,351.6700134277344,351.6700134277344,76651600,351.67001343,351670013430000000000
2025-08-27,1756301400,351.94000244140625,355.3900146484375,349.1600036621094,349.6000061035156,349.6000061035156,65519000,349.60000610,349600006100000000000
2025-08-28,1756387800,350.9100036621094,353.54998779296875,340.260009765625,345.9800109863281,345.9800109863281,67903200,345.98001099,345980010990000000000
2025-08-29,1756474200,347.2300109863281,348.75,331.70001220703125,333.8699951171875,333.8699951171875,81145700,333.86999512,333869995120000000000
2025-09-02,1756819800,328.2300109863281,333.3299865722656,325.6000061035156,329.3599853515625,329.3599853515625,58392000,329.35998535,329359985350000000000
2025-09-03,1756906200,335.20001220703125,343.3299865722656,328.510009765625,334.0899963378906,334.0899963378906,88733300,334.08999634,334089996340000000000
2025-09-04,1756992600,336.1499938964844,338.8900146484375,331.4800109863281,338.5299987792969,338.5299987792969,60711000,338.52999878,338529998780000000000
2025-09-05,1757079000,348.0,355.8699951171875,344.67999267578125,350.8399963378906,350.8399963378906,108989800,350.83999634,350839996340000000000
2025-09-08,1757338200,354.6400146484375,358.44000244140625,344.8399963378906,346.3999938964844,346.3999938964844,75208300,346.39999390,346399993900000000000
2025-09-09,1757424600,348.44000244140625,350.7699890136719,343.82000732421875,346.9700012207031,346.9700012207031,53816000,346.97000122,346970001220000000000
2025-09-10,1757511000,350.54998779296875,356.3299865722656,346.07000732421875,347.7900085449219,347.7900085449219,72121700,347.79000854,347790008540000000000
2025-09-11,1757597400,350.1700134277344,368.989990234375,347.6000061035156,368.80999755859375,368.80999755859375,103756000,368.80999756,368809997560000000000
2025-09-12,1757683800,370.94000244140625,396.69000244140625,370.239990234375,395.94000244140625,395.94000244140625,168156400,395.94000244,395940002440000000000
2025-09-15,1757943000,423.1300048828125,425.70001220703125,402.42999267578125,410.0400085449219,410.0400085449219,163823700,410.04000854,410040008540000000000
2025-09-16,1758029400,414.5,423.25,411.42999267578125,421.6199951171875,421.6199951171875,104285700,421.61999512,421619995120000000000
2025-09-17,1758115800,415.75,428.30999755859375,409.6700134277344,425.8599853515625,425.8599853515625,106133500,425.85998535,425859985350000000000
2025-09-18,1758202200,428.8699951171875,432.2200012207031,416.55999755859375,416.8500061035156,416.8500061035156,90454500,416.85000610,416850006100000000000
2025-09-19,1758288600,421.82000732421875,429.4700012207031,421.7200012207031,426.07000732421875,426.07000732421875,93131000,426.07000732,426070007320000000000
2025-09-22,1758547800,431.1099853515625,444.9800109863281,429.1300048828125,434.2099914550781,434.2099914550781,97108800,434.20999146,434209991460000000000
2025-09-23,1758634200,439.8800048828125,440.9700012207031,423.7200012207031,425.8500061035156,425.8500061035156,83422700,425.85000610,425850006100000000000
2025-09-24,1758720600,429.8299865722656,444.2099914550781,429.0299987792969,442.7900085449219,442.7900085449219,93133600,442.79000854,442790008540000000000
2025-09-25,1758807000,435.239990234375,435.3500061035156,419.0799865722656,423.3900146484375,423.3900146484375,96746400,423.39001465,423390014650000000000
2025-09-26,1758893400,428.29998779296875,440.4700012207031,421.0199890136719,440.3999938964844,440.3999938964844,101628200,440.39999390,440399993900000000000
2025-09-29,1759152600,444.3500061035156,450.9800109863281,439.5,443.2099914550781,443.2099914550781,79491500,443.20999146,443209991460000000000
2025-09-30,1759239000,441.5199890136719,445.0,433.1199951171875,444.7200012207031,444.7200012207031,74358000,444.72000122,444720001220000000000
2025-10-01,1759325400,443.79998779296875,462.2900085449219,440.75,459.4599914550781,459.4599914550781,98122300,459.45999146,459459991460000000000
2025-10-02,1759411800,470.5400085449219,470.75,435.57000732421875,436.0,436.0,137009000,436.00000000,436000000000000000000
2025-10-03,1759498200,443.2900085449219,446.7699890136719,416.5799865722656,429.8299865722656,429.8299865722656,133188200,429.82998657,429829986570000000000
2025-10-06,1759757400,440.75,453.54998779296875,436.69000244140625,453.25,453.25,85324900,453.25000000,453250000000000000000
2025-10-07,1759843800,447.82000732421875,452.67999267578125,432.45001220703125,433.0899963378906,433.0899963378906,102296100,433.08999634,433089996340000000000
2025-10-08,1759930200,437.57000732421875,441.3299865722656,425.2300109863281,438.69000244140625,438.69000244140625,71192100,438.69000244,438690002440000000000
2025-10-09,1760016600,431.80999755859375,436.3500061035156,426.17999267578125,435.5400085449219,435.5400085449219,69339900,435.54000854,435540008540000000000
2025-10-10,1760103000,436.5400085449219,443.1300048828125,411.45001220703125,413.489990234375,413.489990234375,112107900,413.48999023,413489990230000000000
2025-10-13,1760362200,423.5299987792969,436.8900146484375,419.70001220703125,435.8999938964844,435.8999938964844,79552800,435.89999390,435899993900000000000
2025-10-14,1760448600,426.7900085449219,434.20001220703125,417.8599853515625,429.239990234375,429.239990234375,72669400,429.23999023,429239990230000000000
2025-10-15,1760535000,434.8999938964844,440.510009765625,426.3299865722656,435.1499938964844,435.1499938964844,71558200,435.14999390,435149993900000000000
2025-10-16,1760621400,434.7300109863281,439.3500061035156,421.30999755859375,428.75,428.75,77189900,428.75000000,428750000000000000000
2025-10-17,1760707800,425.5,441.4599914550781,423.6000061035156,439.30999755859375,439.30999755859375,89331600,439.30999756,439309997560000000000
2025-10-20,1760967000,443.8699951171875,449.79998779296875,440.6099853515625,447.42999267578125,447.42999267578125,63719000,447.42999268,447429992680000000000
2025-10-21,1761053400,445.760009765625,449.29998779296875,442.04998779296875,442.6000061035156,442.6000061035156,54412200,442.60000610,442600006100000000000
2025-10-22,1761139800,443.45001220703125,445.5400085449219,429.0,438.9700012207031,438.9700012207031,84023500,438.97000122,438970001220000000000
2025-10-23,1761226200,420.0,449.3999938964844,413.8999938964844,448.9800109863281,448.9800109863281,126709800,448.98001099,448980010990000000000
2025-10-24,1761312600,446.8299865722656,451.67999267578125,430.1700134277344,433.7200012207031,433.7200012207031,94727800,433.72000122,433720001220000000000
2025-10-27,1761571800,439.9800109863281,460.1600036621094,438.69000244140625,452.4200134277344,452.4200134277344,105867500,452.42001343,452420013430000000000
2025-10-28,1761658200,454.7799987792969,467.0,451.6000061035156,460.54998779296875,460.54998779296875,80185700,460.54998779,460549987790000000000
2025-10-29,1761744600,462.5,465.70001220703125,452.6499938964844,461.510009765625,461.510009765625,67983500,461.51000977,461510009770000000000
2025-10-30,1761831000,451.04998779296875,455.05999755859375,439.6099853515625,440.1000061035156,440.1000061035156,72447900,440.10000610,440100006100000000000
2025-10-31,1761917400,446.75,458.0,443.69000244140625,456.55999755859375,456.55999755859375,83135800,456.55999756,456559997560000000000
2025-11-03,1762180200,455.989990234375,474.07000732421875,453.79998779296875,468.3699951171875,468.3699951171875,84595200,468.36999512,468369995120000000000
2025-11-04,1762266600,454.4599914550781,460.2200012207031,443.6000061035156,444.260009765625,444.260009765625,87756600,444.26000977,444260009770000000000
2025-11-05,1762353000,452.04998779296875,466.3299865722656,440.7099914550781,462.07000732421875,462.07000732421875,85573000,462.07000732,462070007320000000000
2025-11-06,1762439400,461.9599914550781,467.45001220703125,435.0899963378906,445.9100036621094,445.9100036621094,109622900,445.91000366,445910003660000000000
2025-11-07,1762525800,437.9200134277344,439.3599853515625,421.8800048828125,429.5199890136719,429.5199890136719,103471500,429.51998901,429519989010000000000
2025-11-10,1762785000,439.6000061035156,449.6700134277344,433.3599853515625,445.2300109863281,445.2300109863281,76515900,445.23001099,445230010990000000000
2025-11-11,1762871400,439.3999938964844,442.489990234375,432.3599853515625,439.6199951171875,439.6199951171875,60533200,439.61999512,439619995120000000000
2025-11-12,1762957800,442.1499938964844,442.3299865722656,426.55999755859375,430.6000061035156,430.6000061035156,58513500,430.60000610,430600006100000000000
2025-11-13,1763044200,423.1300048828125,424.5,396.3399963378906,401.989990234375,401.989990234375,118948000,401.98999023,401989990230000000000
2025-11-14,1763130600,386.29998779296875,412.19000244140625,382.7799987792969,404.3500061035156,404.3500061035156,105506700,404.35000610,404350006100000000000
2025-11-17,1763389800,398.739990234375,423.9599914550781,398.739990234375,408.9200134277344,408.9200134277344,102214300,408.92001343,408920013430000000000
2025-11-18,1763476200,405.3800048828125,408.8999938964844,393.7099914550781,401.25,401.25,80688600,401.25000000,401250000000000000000
2025-11-19,1763562600,406.17999267578125,411.7799987792969,398.5,403.989990234375,403.989990234375,72047700,403.98999023,403989990230000000000
2025-11-20,1763649000,414.6300048828125,428.94000244140625,394.739990234375,395.2300109863281,395.2300109863281,113548800,395.23001099,395230010990000000000
2025-11-21,1763735400,402.32000732421875,402.79998779296875,383.760009765625,391.0899963378906,391.0899963378906,100460600,391.08999634,391089996340000000000
2025-11-24,1763994600,402.1700134277344,421.7200012207031,401.0899963378906,417.7799987792969,417.7799987792969,96806400,417.77999878,417779998780000000000
2025-11-25,1764081000,414.4200134277344,420.4800109863281,405.95001220703125,419.3999938964844,419.3999938964844,71915600,419.39999390,419399993900000000000
2025-11-26,1764167400,423.95001220703125,426.94000244140625,416.8900146484375,426.5799865722656,426.5799865722656,63463000,426.57998657,426579986570000000000
2025-11-28,1764340200,426.5899963378906,432.92999267578125,426.20001220703125,430.1700134277344,430.1700134277344,36252900,430.17001343,430170013430000000000
2025-12-01,1764599400,425.32000732421875,433.6600036621094,425.2900085449219,430.1400146484375,430.1400146484375,57463600,430.14001465,430140014650000000000
2025-12-02,1764685800,430.80999755859375,436.79998779296875,422.1199951171875,429.239990234375,429.239990234375,69336600,429.23999023,429239990230000000000
2025-12-03,1764772200,432.1000061035156,447.9200134277344,431.1099853515625,446.739990234375,446.739990234375,87483000,446.73999023,446739990230000000000
2025-12-04,1764858600,449.94000244140625,454.6300048828125,445.3900146484375,454.5299987792969,454.5299987792969,71906500,454.52999878,454529998780000000000
2025-12-05,1764945000,453.0299987792969,458.8699951171875,451.6600036621094,455.0,455.0,56427500,455.00000000,455000000000000000000
2025-12-08,1765204200,447.45001220703125,449.75,435.25,439.5799865722656,439.5799865722656,69165800,439.57998657,439579986570000000000
2025-12-09,1765290600,437.5400085449219,452.3900146484375,435.70001220703125,445.1700134277344,445.1700134277344,62367400,445.17001343,445170013430000000000
2025-12-10,1765377000,446.07000732421875,456.8800048828125,443.6099853515625,451.45001220703125,451.45001220703125,63257500,451.45001221,451450012210000000000
2025-12-11,1765463400,448.95001220703125,449.2699890136719,440.3299865722656,446.8900146484375,446.8900146484375,55979500,446.89001465,446890014650000000000
2025-12-12,1765549800,448.0899963378906,463.010009765625,441.6700134277344,458.9599914550781,458.9599914550781,95656700,458.95999146,458959991460000000000
2025-12-15,1765809000,469.44000244140625,481.7699890136719,467.6600036621094,475.30999755859375,475.30999755859375,114542200,475.30999756,475309997560000000000
2025-12-16,1765895400,472.2099914550781,491.5,465.8299865722656,489.8800048828125,489.8800048828125,107608100,489.88000488,489880004880000000000
2025-12-17,1765981800,488.2200012207031,495.2799987792969,466.20001220703125,467.260009765625,467.260009765625,106490400,467.26000977,467260009770000000000
2025-12-18,1766068200,478.1600036621094,490.8599853515625,473.1199951171875,483.3699951171875,483.3699951171875,95168400,483.36999512,483369995120000000000
2025-12-19,1766154600,488.1199951171875,490.489990234375,474.7200012207031,481.20001220703125,481.20001220703125,103305400,481.20001221,481200012210000000000
2025-12-22,1766413800,489.8800048828125,498.8299865722656,485.3299865722656,488.7300109863281,488.7300109863281,86916100,488.73001099,488730010990000000000
2025-12-23,1766500200,489.3999938964844,491.9700012207031,482.8399963378906,485.55999755859375,485.55999755859375,58223600,485.55999756,485559997560000000000
2025-12-24,1766586600,488.4800109863281,490.8999938964844,476.79998779296875,485.3999938964844,485.3999938964844,41285400,485.39999390,485399993900000000000
2025-12-26,1766759400,485.2300109863281,489.0899963378906,473.82000732421875,475.19000244140625,475.19000244140625,58780700,475.19000244,475190002440000000000
2025-12-29,1767018600,469.0,469.3999938964844,459.0,459.6400146484375,459.6400146484375,66263000,459.64001465,459640014650000000000
2025-12-30,1767105000,461.0899963378906,463.1199951171875,453.8299865722656,454.42999267578125,454.42999267578125,59238500,454.42999268,454429992680000000000
2025-12-31,1767191400,456.1000061035156,456.54998779296875,449.29998779296875,449.7200012207031,449.7200012207031,49078000,449.72000122,449720001220000000000
