Compiling 224 files with Solc 0.8.26
Solc 0.8.26 finished in 48.78s
Compiler run successful with warnings:
Warning (2519): This declaration shadows an existing declaration.
   --> test/V2OriginalSupplyParticipationFork.t.sol:112:20:
    |
112 |                 (, uint256 out,) = curve.quoteBuyFor(mid, _wallet(N + i));
    |                    ^^^^^^^^^^^
Note: The shadowed declaration is here:
   --> test/V2OriginalSupplyParticipationFork.t.sol:116:33:
    |
116 |             (uint256 canonical, uint256 out,) = curve.quoteBuyFor(hi, _wallet(N + i));
    |                                 ^^^^^^^^^^^

Warning (2018): Function state mutability can be restricted to pure
   --> script/TestnetV2KeeperReward.s.sol:100:5:
    |
100 |     function _candidate(address a, address b, uint256 start, string memory revision) private view {
    |     ^ (Relevant source part starts here and spans across multiple lines).

Warning (2018): Function state mutability can be restricted to view
  --> test/TestnetV2EthMarket.t.sol:66:5:
   |
66 |     function test_priceUsesCanonicalTickWindowWithoutWrappedEquityPauseInterface() public {
   |     ^ (Relevant source part starts here and spans across multiple lines).

Warning (2018): Function state mutability can be restricted to view
   --> test/V2AssetPercentConfigPolicy.t.sol:193:5:
    |
193 |     function test_metadataAndExact160ByteIntentKeepStateHashAndNonce() public {
    |     ^ (Relevant source part starts here and spans across multiple lines).

Warning (2018): Function state mutability can be restricted to view
   --> test/V2AssetPercentConfigPolicy.t.sol:202:5:
    |
202 |     function test_proposalsCoverTradableTargetGapLeavingFullNavCapsToCore() public {
    |     ^ (Relevant source part starts here and spans across multiple lines).

Warning (2018): Function state mutability can be restricted to view
  --> test/V2EngineKeeperReward.t.sol:84:5:
   |
84 |     function _rewardLog(HedgeFunV2EngineTreasury t, address keeper, address asset, uint256 amount) private {
   |     ^ (Relevant source part starts here and spans across multiple lines).

2026-10-03T05:46:04.896928Z  WARN evm::traces::external: etherscan config not found
2026-10-03T05:46:04.909270Z  WARN evm::traces: failed to read cache file path="/Users/leo/.foundry/cache/signatures" err=Read { source: Os { code: 2, kind: NotFound, message: "No such file or directory" }, path: "/Users/leo/.foundry/cache/signatures" }
2026-10-03T05:46:04.909406Z  WARN evm::traces: failed to read cache file path="/Users/leo/.foundry/cache/signatures" err=Read { source: Os { code: 2, kind: NotFound, message: "No such file or directory" }, path: "/Users/leo/.foundry/cache/signatures" }
2026-10-03T05:46:05.066663Z  WARN evm::traces: failed to read cache file path="/Users/leo/.foundry/cache/signatures" err=Read { source: Os { code: 2, kind: NotFound, message: "No such file or directory" }, path: "/Users/leo/.foundry/cache/signatures" }

Ran 6 tests for test/TestnetV2KeeperReward.t.sol:TestnetV2KeeperRewardTest
[SKIP] test_fork_allSevenPhasesPayTwoDifferentKeepersAndPreserveOldEngine() (gas: 0)
[PASS] test_missingPinnedCoreFailsBeforeSchedulingTransactions() (gas: 13487)
[PASS] test_rewardFrictionBoundaryIsCheckedDespiteOldRegistry() (gas: 11294)
[PASS] test_rewardRecipientsAreFixedByPhase() (gas: 13183)
[PASS] test_wrongChainFailsBeforeSchedulingTransactions() (gas: 11340)
[PASS] test_wrongOwnerCannotAppend() (gas: 9448)
Suite result: ok. 5 passed; 0 failed; 1 skipped; finished in 1.23ms (266.38µs CPU time)

Ran 5 tests for test/V2AssetPercentConfigPolicy.t.sol:V2AssetPercentPolicyTest
[PASS] test_bandEqualityAndCooldownHoldAreObservationsWithoutStateMutation() (gas: 32183)
[PASS] test_metadataAndExact160ByteIntentKeepStateHashAndNonce() (gas: 13467)
[PASS] test_mulDivAcceptsFullWidthNavWhileOverflowSumHoldsAndWrongSchemaRefuses() (gas: 29805)
[PASS] test_proposalsCoverTradableTargetGapLeavingFullNavCapsToCore() (gas: 39195)
[PASS] test_zeroAndOneBpBandsFollowCreatorGeometryAndHoldAtTarget() (gas: 52379)
Suite result: ok. 5 passed; 0 failed; 0 skipped; finished in 403.50µs (314.21µs CPU time)

Ran 4 tests for test/V2AssetPercentFork.t.sol:V2AssetPercentForkTest
[SKIP: set RH_FORK=1; pinned live-venue simulation, no broadcast] test_forkBuyBandAndCooldownWaitWithoutConsumingState() (gas: 0)
[SKIP: set RH_FORK=1; pinned live-venue simulation, no broadcast] test_forkChunkAndDynamicDailyBudgetKeepAbsoluteUsed() (gas: 0)
[SKIP: set RH_FORK=1; pinned live-venue simulation, no broadcast] test_forkOwnLpFeesCollectIntoBuybackWithoutDoubleCounting() (gas: 0)
[SKIP: set RH_FORK=1; pinned live-venue simulation, no broadcast] test_forkSellUsesFullNavAndPaysActualOutputReward() (gas: 0)
Suite result: ok. 0 passed; 0 failed; 4 skipped; finished in 1.08ms (28.37µs CPU time)

Ran 8 tests for test/TradingCalendar.t.sol:TradingCalendarTest
[PASS] test_daylightSavingMovesTheBoundary() (gas: 63335)
[PASS] test_fixedHolidays() (gas: 106562)
[PASS] test_floatingHolidays() (gas: 129836)
[PASS] test_goodFriday() (gas: 72267)
[PASS] test_overrideBothWays() (gas: 147700)
[PASS] test_sundayEveningBeforeAHolidayStaysClosed() (gas: 25505)
[PASS] test_theSessionRollsAtTwentyHundredEastern() (gas: 72179)
[PASS] test_weekendsAreClosedAndWeekdaysAreNot() (gas: 96218)
Suite result: ok. 8 passed; 0 failed; 0 skipped; finished in 14.48ms (7.45ms CPU time)

Ran 2 tests for test/DeployV2CreatorTestnet.t.sol:DeployV2CreatorTestnetTest
[PASS] test_creatorCandidateHasSeparateFeatureAndFortyUnverifiedTransactions() (gas: 47724758)
Logs:
  unverified candidate deploy/testnet-v2-creator.dryrun.json

[PASS] test_publicChunkNonceInterferenceCannotChangeCreatorRegistrations() (gas: 114907281)
Suite result: ok. 2 passed; 0 failed; 0 skipped; finished in 7.71ms (5.00ms CPU time)

Ran 7 tests for test/TestnetV2EthMarket.t.sol:TestnetCryptoOracleTest
[PASS] test_constructorRejectsNoncanonicalPoolMissingCodeWrongDecimalsAndZeroLiquidityFloor() (gas: 673131)
[PASS] test_cryptoCalendarWeekendUtcRollAndHaltAppliesToEveryPriceRead() (gas: 83890)
[PASS] test_extremeTicksCannotOverflowAndOutOfRangeCumulativeFailsClosed() (gas: 145072)
[PASS] test_missingHistoryMalformedReadsLockedOrShallowPoolFailClosed() (gas: 166550)
[PASS] test_negativeCumulativeMeanRoundsDownRatherThanTowardZero() (gas: 62047)
[PASS] test_priceUsesCanonicalTickWindowWithoutWrappedEquityPauseInterface() (gas: 66103)
[PASS] test_reciprocalPairPreserves18StockAnd6QuoteScale() (gas: 1399930)
Suite result: ok. 7 passed; 0 failed; 0 skipped; finished in 1.50ms (1.19ms CPU time)

Ran 5 tests for test/TestnetV2EthMarket.t.sol:TestnetNativeMarketTest
[PASS] test_callbackAndOperatorBoundariesCannotSpendPrefundedBalances() (gas: 29032251)
[PASS] test_capsAndInsufficientPrefundingRevertWithoutFabricatingWeth() (gas: 29639649)
[PASS] test_prefundingAndOneSecondPokeMakeRealV3RingLiveBothOrderings() (gas: 58768546)
[PASS] test_priceMovesAreBudgetedAndPoolAndSyntheticFeedMoveAtomically() (gas: 29451280)
[PASS] test_realPoolRequiresFullWindowAndInstantSpotMoveDoesNotRewriteTwap() (gas: 30688130)
Suite result: ok. 5 passed; 0 failed; 0 skipped; finished in 10.28ms (10.07ms CPU time)

Ran 1 test for test/TestnetV2EthMarketCandidate.t.sol:TestnetV2EthMarketCandidateTest
[SKIP] test_realPhaseWriterHasPublisherShapeAndNarrowFilePermissions() (gas: 0)
Suite result: ok. 0 passed; 0 failed; 1 skipped; finished in 524.00µs (10.67µs CPU time)

Ran 2 tests for test/TestnetV2EthMarketFork.t.sol:TestnetV2EthMarketForkTest
[SKIP] test_actualOperatorBalanceStopsBeforeAnyNativeMarketTransaction() (gas: 0)
[SKIP] test_realWrappedNativeVenueSupportsStockPaymentAndEthUnderlyingGraduationWithoutChangingEightListings() (gas: 0)
Suite result: ok. 0 passed; 0 failed; 2 skipped; finished in 622.63µs (11.63µs CPU time)

Ran 1 test for test/TestnetV2JourneyFork.t.sol:TestnetV2JourneyForkTest
[SKIP: skipped] setUp() (gas: 0)
Suite result: ok. 0 passed; 0 failed; 1 skipped; finished in 107.21µs (0.00ns CPU time)

Ran 6 tests for test/DeployV2Testnet.t.sol:DeployV2TestnetTest
[PASS] test_deploysListsAndOpens() (gas: 368942)
[PASS] test_launchBuyGraduateTradeWithTestUsdg() (gas: 13462992)
[PASS] test_pokeMakesTheRingLive_andKeepsThePrice() (gas: 858107)
[PASS] test_refusesOtherChains() (gas: 52340938)
[PASS] test_rolesAndDrip() (gas: 195931)
[PASS] test_setPriceMovesPoolAndFeedTogether() (gas: 243489)
Suite result: ok. 6 passed; 0 failed; 0 skipped; finished in 40.40ms (5.65ms CPU time)

Ran 7 tests for test/V2AssetPercentConfigPolicy.t.sol:V2AssetPercentConfigTest
[PASS] test_allocationGeometryCooldownAndOptionalToolingMinimum() (gas: 171272)
[PASS] test_constructorRejectsBadGeometryEvenWithoutEconomicBandMinimum() (gas: 463367)
[PASS] test_constructorRejectsInvalidSchema2WordsByNameAndAcceptsRuntimeTinyCap() (gas: 13542858)
[PASS] test_existingRegistryMetadataIsGenericAndInvalidWordsCannotDeploy() (gas: 2166141)
[PASS] test_oneBpCreatorBandDeploysWithHighFrictionAndPreservesExecution() (gas: 13772787)
[PASS] test_wordValidationEdgesAndFullWidthPercentageWords() (gas: 177257)
[PASS] test_zeroCreatorBandDeploysWithHighFrictionAndPreservesExecution() (gas: 13772698)
Suite result: ok. 7 passed; 0 failed; 0 skipped; finished in 138.05ms (6.26ms CPU time)

Ran 8 tests for test/AddV2TestnetStocks.t.sol:AddV2TestnetStocksTest
[PASS] test_appendsFourStocksAndPreservesOldListings() (gas: 93177849)
[PASS] test_eachStockLaunchesGraduatesAndTradesWithLowerTargets() (gas: 142167776)
[PASS] test_pokeOnlyNewPoolsAndStartsUsableTwapAfter600Seconds() (gas: 93282242)
[PASS] test_refusesBrokenVenueOperatorBinding() (gas: 83397)
[PASS] test_refusesRepeatInsteadOfCreatingDuplicateTickers() (gas: 92582400)
[PASS] test_refusesWrongCallerBeforeMutation() (gas: 14190)
[PASS] test_refusesWrongChainBeforeMutation() (gas: 11996)
[PASS] test_runWritesOnlyUnverifiedDryRunCandidate() (gas: 92797035)
Logs:
  Wrote UNVERIFIED stock extension candidate: deploy/testnet-v2-stock-extension.dryrun.json

Suite result: ok. 8 passed; 0 failed; 0 skipped; finished in 145.88ms (86.52ms CPU time)

Ran 8 tests for test/V2AssetPercentGuards.t.sol:V2AssetPercentGuardsTest
[PASS] test_inheritedManualTradingEntryPointsRemainClosed() (gas: 13154820)
[PASS] test_oversizedSellAndBuyAmountsAreIndependentlyClippedToPercentAndListing() (gas: 27737858)
[PASS] test_policyCapabilityAndCodeHashCannotBeBypassedAtExecution() (gas: 26880813)
[PASS] test_rewardCallbackSeesFinalNetInventoryAndCannotReenter() (gas: 14551530)
[PASS] test_staticCallGasAndStateWriteBoundaries() (gas: 27393643)
[PASS] test_totalNavOverflowAndBuyerDustFailClosedWithoutStateChange() (gas: 26709937)
[PASS] test_unsupportedActionAndWrongReturnSizesFailByName() (gas: 40543397)
[PASS] test_wrongNonceOrHashCannotConsumeBudgetOrAdvanceState() (gas: 27265488)
Suite result: ok. 8 passed; 0 failed; 0 skipped; finished in 149.18ms (28.72ms CPU time)

Ran 14 tests for test/HedgeFunMath.t.sol:HedgeFunMathTest
[PASS] testFuzz_bps_isTheWrittenOutExpression(uint128,uint16) (runs: 1024, μ: 1487, ~: 1487)
[PASS] testFuzz_exceeds_isTheDeviationGate(uint128,uint128,uint16) (runs: 1024, μ: 1232, ~: 1232)
[PASS] testFuzz_fellTo_isTheStopAndDipComparison(uint128,uint128,uint16) (runs: 1024, μ: 1926, ~: 1832)
[PASS] testFuzz_fullWidthBpsAndThresholds(uint256,uint256,uint16) (runs: 1024, μ: 11127, ~: 11037)
[PASS] testFuzz_reachedFullRateAndWideCost(uint256,uint256,uint16) (runs: 1024, μ: 4144, ~: 4138)
[PASS] testFuzz_reached_matchesTheMathematicalTakeProfitThreshold(uint128,uint128,uint16) (runs: 1024, μ: 2182, ~: 2182)
[PASS] testFuzz_shift_isTheBuybackLimit(uint160,uint16,bool) (runs: 1024, μ: 2019, ~: 1912)
[PASS] testFuzz_upwardShiftWideValues(uint256,uint16) (runs: 1024, μ: 1600, ~: 1587)
[PASS] test_finalThresholdOverflowStillReverts() (gas: 4882)
[PASS] test_fullWidthIntermediateProductsSucceed() (gas: 4727)
[PASS] test_nonDivisibleThresholds_preserveInclusiveAndStrictComparisons() (gas: 4722)
[PASS] test_reached_fixesTheLegacyUint16Overflow() (gas: 13696)
[PASS] test_theEdgesAreInclusive_exactlyAsBefore() (gas: 3757)
[PASS] test_theHooksFourNamedFlagsAreTheLiteralItUsedToCheck() (gas: 411)
Suite result: ok. 14 passed; 0 failed; 0 skipped; finished in 111.67ms (168.57ms CPU time)

Ran 1 test for test/TestnetV2CreatorCore.t.sol:TestnetV2CreatorCoreTest
[SKIP] test_forkFreshCoreAllowsOneBpsAllRungsAndGraduatesOnExistingPools() (gas: 0)
Suite result: ok. 0 passed; 0 failed; 1 skipped; finished in 1.27ms (9.75µs CPU time)

Ran 2 tests for test/TestnetV2EthBridge.t.sol:TestnetV2EthBridgeLiquidityTest
[PASS] test_collectCrystallizesTradingFeesWhilePositionIsStillActive() (gas: 820181)
[PASS] test_realV3PositionAndUnusedPrefundingCanBeRecoveredOnlyByOwner() (gas: 455738)
Suite result: ok. 2 passed; 0 failed; 0 skipped; finished in 1.23ms (525.21µs CPU time)

Ran 1 test for test/TestnetV2EthBridgeFork.t.sol:TestnetV2EthBridgeForkTest
[SKIP: set ETH_BRIDGE_FORK=true] test_nativeOnlyWalletLaunchesAndBuysStockThroughRecoverableBridge() (gas: 0)
Suite result: ok. 0 passed; 0 failed; 1 skipped; finished in 367.63µs (8.46µs CPU time)

Ran 8 tests for test/V2BuybackKind.t.sol:V2BuybackKindTest
[PASS] test_buybackPacesSpendsBurnsWithoutRearmingSellSpike() (gas: 3147238)
[PASS] test_cachedSizingPriceExpiresAfterFiveDays() (gas: 3133913)
[PASS] test_everyLaterStockArrivalIsBudgetToo() (gas: 2731959)
[PASS] test_graduationShareIsBuybackBudgetNotALot() (gas: 2735164)
[PASS] test_kindOneBookRecordsReceivedStockSoTheScorecardHasADenominator() (gas: 3061523)
[PASS] test_kindZeroLaunchIsUnaffected() (gas: 8798974)
[PASS] test_liveBuybackSeedsFallbackForAStaleOracle() (gas: 3120788)
[PASS] test_staleOracleWithoutACacheStillFailsClosed() (gas: 2757051)
Suite result: ok. 8 passed; 0 failed; 0 skipped; finished in 138.22ms (14.68ms CPU time)

Ran 1 test for test/V2CapitalSimulationFork.t.sol:V2CapitalSimulationForkTest
[SKIP: skipped: opt-in in-memory fork only] setUp() (gas: 0)
Suite result: ok. 0 passed; 0 failed; 1 skipped; finished in 181.25µs (0.00ns CPU time)

Ran 24 tests for test/StrategyTokenMetadata.t.sol:StrategyTokenMetadataTest
[PASS] testFuzz_aZeroDeployerMeansNobodyCanEverWrite(address) (runs: 1024, μ: 1600427, ~: 1600427)
[PASS] testFuzz_nobodyButTheDeployerAndTheEditorMayWriteAnything(address) (runs: 1024, μ: 97193, ~: 97193)
[PASS] testFuzz_nobodyButTheLauncherCanWriteTheFirstEntry(address) (runs: 1024, μ: 18248, ~: 18248)
[PASS] test_K7_1_anEditorCannotWriteInFrontOfALock_becauseALockNeedsTheEditorGone() (gas: 349838)
[PASS] test_aCreatorContractThatCannotCall_launchesATokenThatWorks_withAnEntryEmptyForEver() (gas: 1667294)
[PASS] test_aCreatorsWriteOrLockShutsTheLaunchersDoor() (gas: 320603)
[PASS] test_aLockIsForGood_forTheEntryAndForTheEditor() (gas: 343816)
[PASS] test_aSecondWriteReplacesTheWholeEntry_emptyStringsIncluded() (gas: 245440)
[PASS] test_anEditorMayWrite_butMayNeitherAppointNorLock() (gas: 302117)
[PASS] test_anEmptyEntryCanBeLockedEmpty() (gas: 45576)
[PASS] test_atBirthTheWholeSupplyIsMintedOnce_theCreatorIsRecorded_andTheEntryIsEmpty() (gas: 1632094)
[PASS] test_burnIsStillForOnesOwnBalanceOnly() (gas: 28274)
[PASS] test_everyChangeIsAnEventCarryingTheWholeNewValue() (gas: 300523)
[PASS] test_everyStringAtItsCapIsAccepted() (gas: 2388814)
[PASS] test_gasOfTheLargestPossibleWrite_isReported() (gas: 1929844)
Logs:
  setMetadata, every string at its cap (2,816 bytes), first write, gas: 2196854
  setMetadata, a typical entry over a full one, gas: 35386

[PASS] test_noMetadataCallMovesABalanceAnAllowanceOrTheSupply() (gas: 2076754)
[PASS] test_oneByteOverAnyCapIsRefused_andNothingIsWritten() (gas: 528461)
[PASS] test_theCapsCountBytes_notCharacters() (gas: 399685)
[PASS] test_theDeployerHasNoHandleOnAnyonesTokens() (gas: 25964)
[PASS] test_theFactoryThatMintedItHasNoSayInTheEntry() (gas: 16202)
[PASS] test_theLauncherWritesTheFirstEntry_once_andTheEventNamesTheCreator() (gas: 380798)
[PASS] test_theLaunchersEntryMeetsTheSameCaps_andAnOverCapFieldWritesNothing() (gas: 1505537)
[PASS] test_theReadersHavePonsSelectors() (gas: 1052)
[PASS] test_whatTheCreatorWritesReadsBackThroughPonsReaders() (gas: 310508)
Suite result: ok. 24 passed; 0 failed; 0 skipped; finished in 229.75ms (379.20ms CPU time)

Ran 5 tests for test/TestnetV2AllInFloor.t.sol:TestnetV2AllInFloorTest
[PASS] test_creatorRungsHaveOnlyStructuralValidation() (gas: 10977)
[SKIP] test_forkAppendCreateGraduateOnUnchangedFeeCore() (gas: 0)
[PASS] test_wrongChainBeforeScheduling() (gas: 10782)
[PASS] test_wrongCreatorCannotLaunch() (gas: 9170)
[PASS] test_wrongSenderCannotAppend() (gas: 8988)
Suite result: ok. 4 passed; 0 failed; 1 skipped; finished in 544.58µs (52.92µs CPU time)

Ran 8 tests for test/V2AdversarialCallbacks.t.sol:V2AdversarialCallbacksTest
[PASS] testCurveCallbackClaimsCannotChangeAnotherUsersFeeRights() (gas: 4669684)
[PASS] testInvalidCanonicalCallbacksRollbackAlongsideNormalUsers() (gas: 3259549)
[PASS] testNativePayoutCallbackCannotRepeatPaymentAndMatchesControl() (gas: 2177542)
[PASS] testPaymentTokenReentryIsRejectedWithoutChangingControlResult() (gas: 2901601)
[PASS] testRejectedNativePayoutRollsBackFeesReservesAndTemporaryApproval() (gas: 1486347)
[PASS] testStaleStageAfterAnotherUserGraduatesRollsBackWrapping() (gas: 3795155)
[PASS] testUnauthorizedAndIdleTrustedCallbacksPreserveAllBalances() (gas: 1361200)
[PASS] testUnexpectedNativeReceiveCannotCreditOrChangeOtherTrades() (gas: 1132042)
Suite result: ok. 8 passed; 0 failed; 0 skipped; finished in 133.35ms (13.61ms CPU time)
2026-10-03T05:46:05.223707Z  WARN evm::traces: failed to read cache file path="/Users/leo/.foundry/cache/signatures" err=Read { source: Os { code: 2, kind: NotFound, message: "No such file or directory" }, path: "/Users/leo/.foundry/cache/signatures" }

Ran 14 tests for test/V2CreatorCurveConfig.t.sol:V2CreatorCurveConfigTest
[PASS] test_changingTheRaiseAfterPredictRestates() (gas: 15511682)
[PASS] test_changingTheWindowAfterPredictRestates() (gas: 13623499)
[PASS] test_creatorSaleBpsBuildsTheCurveAndItsRaise() (gas: 57860925)
[PASS] test_creatorSnipeSecondsSetsTheOpeningWindow() (gas: 36896537)
[PASS] test_firstRegistrationAfterPredictRestatesOnlyIfItChangesTheCurve() (gas: 15502309)
[PASS] test_noRegistrationGivesTheDefaults() (gas: 17703143)
[PASS] test_openingWindowLiterals() (gas: 26549877)
[PASS] test_predictCurveIsTheDeployedCurveForCreatorChoices() (gas: 8979803)
[PASS] test_preflightRefusesAnUnseedableCreatorChoice() (gas: 15643397)
[PASS] test_reRegisteringALaunchedSaltChangesNothingDeployed() (gas: 8909322)
[PASS] test_registrationEmitsAndReadsBack() (gas: 42824)
[PASS] test_saleBpsOutsideTheCurvesBoundsIsRefusedAtRegistration() (gas: 51070)
[PASS] test_snipeSecondsOverTheBoundIsRefusedAtRegistration() (gas: 45278)
[PASS] test_strangerCannotChooseForAnotherCreatorsSalt() (gas: 17529571)
Suite result: ok. 14 passed; 0 failed; 0 skipped; finished in 155.81ms (26.22ms CPU time)

Ran 6 tests for test/DeployV2FeeUpgradeTestnet.t.sol:DeployV2FeeUpgradeTestnetTest
[PASS] test_candidateCannotBecomePublishedAndRequiresCommit() (gas: 311887030)
Logs:
  unverified candidate deploy/testnet-v2-fees.dryrun.json
  new fee factory 0x9F2FCe6997cFA69eF9675a170121Fff533288210
  new fee hook 0x99c9b8A1B890727ba85D954909646278591a2844
  new fee router 0xB15D34FC30292DeDb070875074e7b56FD34a1da2
  reused stocks 8

[PASS] test_newBindingsAndEightMarketsPreserveOldState() (gas: 306640315)
[PASS] test_refusesBrokenOldBindingBeforeDeploying() (gas: 49744)
[PASS] test_refusesEmptyPoolBeforeDeploying() (gas: 298628)
[PASS] test_refusesWrongChainAndSender() (gas: 33394)
[PASS] test_tslaLaunchCurveTradesGraduateV4AndSettleFees() (gas: 318845860)
Suite result: ok. 6 passed; 0 failed; 0 skipped; finished in 313.90ms (264.03ms CPU time)

Ran 40 tests for test/V2CreatorTakeProfit.t.sol:V2CreatorTakeProfitStock0Test
[PASS] test_allInProfitDustDoesNotBlockLaterProfit() (gas: 6222396)
[PASS] test_allInStopDustDoesNotBlockLaterStop() (gas: 6324801)
[PASS] test_cannotBypassExecuteThroughOldSelectors() (gas: 469165)
[PASS] test_closedMarketWithStopConfiguredAllowsProfitButNotDip() (gas: 6690948)
[PASS] test_closedMarketWithoutStopKeepsPoolOnlyDipPolicy() (gas: 6381119)
[PASS] test_creator180TriggerSucceedsOnSmallHealthyActualFill() (gas: 5864074)
[PASS] test_creatorApprovedAdverseActualFillSucceedsWithoutNetProfitRequirement() (gas: 5969918)
[PASS] test_creatorOneBpsDipActuallyExecutesWithActualFillCost() (gas: 5956823)
[PASS] test_creatorOneBpsStopActuallyExecutesAndPaysOnlyActualUsdGReward() (gas: 5865744)
[PASS] test_dipAfterStopRetiresTheGateForTheNextRung() (gas: 1231308)
[PASS] test_distinctCost128DustLotsReleaseCapacity_keepStopGate_thenBookAndBuyNormally() (gas: 77056195)
[PASS] test_distinctCost128ValuableRemaindersReleaseCapacityWithoutFreeRewards() (gas: 76401259)
[PASS] test_donatedLotsAtCapacityCoalesceWithoutBlockingBookingOrDip() (gas: 17911178)
[PASS] test_dustCleanupSurvivesPendingBookingAtLotCapacity() (gas: 23409500)
[PASS] test_exactCostCoalescedLotsConserveInventory_andNormalFillClearsStopGate() (gas: 5836690)
[PASS] test_fullBookCannotEraseDistinctCostStopBeforeBuy() (gas: 12870683)
[PASS] test_fullDistinctCostLotsHaveBoundedStopScanGas() (gas: 12982877)
Logs:
  Full distinct-cost execute gas: 816963

[PASS] test_fullDistinctCostLotsRejectBuyWithinGasBudget() (gas: 23016238)
[PASS] test_minimumBookedLotStillExecutesStop() (gas: 644937)
[PASS] test_minimumBookedLotStillExecutesTp1() (gas: 5747722)
[PASS] test_minimumOutputRoundingDustDoesNotBlockLaterStop() (gas: 1215782)
[PASS] test_noMonetaryFillRevertsAtomicallyWithoutRewardOrStopGateChange() (gas: 6999765)
[PASS] test_oneWeiTp1StageAdvanceThenDustCleanupMovesNoRewardOrPriceReference() (gas: 5636256)
[PASS] test_partialTp1RemainderReclassificationProgressesTwoCallsThenTp2WithoutEconomicSideEffects() (gas: 5810651)
[PASS] test_profitAfterStopReopensDipAtTheProfitRung() (gas: 1346753)
[PASS] test_rebookingReleasedProfitDustDoesNotCountItAsNewStock() (gas: 5874609)
[PASS] test_rebookingReleasedStopDustDoesNotCountItAsNewStock() (gas: 982969)
[PASS] test_stopDustAndDueDipExecuteInTheSameCall() (gas: 1047276)
[PASS] test_stopDustWithoutAnotherDueLotDoesNotClaimASale() (gas: 904852)
[PASS] test_stopNeedsNewReportCooldownAndDeeperPriceBeforeReentry() (gas: 1015625)
[PASS] test_stopTailThatReboundsToTp1DoesNotBlockAnotherProfit() (gas: 1146215)
[PASS] test_stopWinsOverProfitAndDip_andShortFillStillBlocksBuy() (gas: 1142193)
[PASS] test_tinyStopRejectedBeforeDeployment() (gas: 213571)
[PASS] test_tinyTp1RemainderAdvancesStageWithoutClaimingSale() (gas: 5888689)
[PASS] test_unexecutableProfitDustDoesNotBlockLaterProfit() (gas: 6121599)
[PASS] test_unexecutableStopDustDoesNotBlockLaterStop() (gas: 1215980)
[PASS] test_unrepresentableChunkCannotClaimAStop() (gas: 5569490)
[PASS] test_valuableRemainderReclassifiesWithoutRewardSaleOrStopGateChange() (gas: 5617746)
[PASS] test_widerMinimumOutputRoundingDustDoesNotBlockLaterStop() (gas: 1216420)
[PASS] test_zeroSelectedQuantityRevertsAtomicallyInsteadOfPayingForAnEmptyAction() (gas: 6054289)
Suite result: ok. 40 passed; 0 failed; 0 skipped; finished in 373.87ms (371.72ms CPU time)

Ran 25 tests for test/DemoBallot.t.sol:DemoBallotTest
[PASS] testCandidateAddressesMustBeNonzeroAndDistinct() (gas: 188528)
[PASS] testCannotWithdrawBeforeDeadline() (gas: 134224)
[PASS] testChoiceChangeRefusedWithoutMovingFunds() (gas: 141527)
[PASS] testConstructorBindsImmutablePoll() (gas: 17583)
[PASS] testDeadlineBounds() (gas: 1374314)
[PASS] testDepositFailureGivesNoCredit() (gas: 71050)
[PASS] testDepositReentryCannotCreateExtraVotes() (gas: 177403)
[PASS] testFeeActivatedAfterVotingCannotReduceWithdrawalPrincipal() (gas: 160434)
[PASS] testFeeOnDepositRefusedAndAllEffectsRolledBack() (gas: 112782)
[PASS] testFuzzVotesRemainBackedUntilWithdrawal(uint256,uint256) (runs: 1024, μ: 210411, ~: 210460)
[PASS] testInvalidChoiceRefused() (gas: 37083)
[PASS] testNoOpTransferCannotEraseLockedPrincipal() (gas: 165185)
[PASS] testNoRepeatedWithdrawalOrRevoteOfWithdrawnCapital() (gas: 137952)
[PASS] testNonVoterCannotWithdrawSomebodyElsesTokens() (gas: 141349)
[PASS] testSameChoiceAdditionalDepositCountsOnlyNewTokens() (gas: 139899)
[PASS] testTokenWithoutCodeRefused() (gas: 70489)
[PASS] testTransferredTokensCannotBeCountedTwice() (gas: 228009)
[PASS] testVoteBeforeDeadlineAndRefusedAtDeadline() (gas: 133906)
[PASS] testVoteLocksExactAmountAndEmitsEvent() (gas: 160423)
[PASS] testWithdrawAtDeadlineReturnsOnlyOwnPrincipalAndKeepsResult() (gas: 221773)
[PASS] testWithdrawalFailureRetainsAllPrincipalAndVotes() (gas: 160140)
[PASS] testWithdrawalReentryCannotWithdrawTwice() (gas: 153916)
[PASS] testWrongChainRefused() (gas: 68557)
[PASS] testZeroAmountRefused() (gas: 37434)
[PASS] testZeroTokenRefused() (gas: 65888)
Suite result: ok. 25 passed; 0 failed; 0 skipped; finished in 450.24ms (449.77ms CPU time)

Ran 11 tests for test/StrategyPolicyAdversarialMocks.t.sol:StrategyPolicyAdversarialMocksTest
[PASS] test_fixture_codehashDoesNotCommitMutableStorageSemantics() (gas: 235738)
[PASS] test_fixture_excessiveAmountMustBeCappedByEngine() (gas: 172921)
[PASS] test_fixture_gasBombIsBoundedByCallGas() (gas: 157713)
[PASS] test_fixture_honestIntentHasFixedEncoding() (gas: 173233)
[PASS] test_fixture_hugeReturnCanBeRejectedBeforeCopy() (gas: 147920)
[PASS] test_fixture_malformedReturnIsNotAnIntent() (gas: 133176)
[PASS] test_fixture_optionsActionIsRawOutOfRangeWord() (gas: 173849)
[PASS] test_fixture_proxyCodehashDoesNotCommitImplementation() (gas: 422912)
[PASS] test_fixture_revertIsContained() (gas: 136337)
[PASS] test_fixture_staticcallTrapsStateWrite() (gas: 300301)
[PASS] test_fixture_wrongCommitmentsAreWellFormedButInvalid() (gas: 328184)
Suite result: ok. 11 passed; 0 failed; 0 skipped; finished in 366.29µs (262.29µs CPU time)

Ran 29 tests for test/V2CreatorParameters.t.sol:V2CreatorTradeEconomicsStock0Test
[PASS] test_allInProfitDustDoesNotBlockLaterProfit() (gas: 6222176)
[PASS] test_allInStopDustDoesNotBlockLaterStop() (gas: 6324647)
[PASS] test_cannotBypassExecuteThroughOldSelectors() (gas: 469011)
[PASS] test_closedMarketWithStopConfiguredAllowsProfitButNotDip() (gas: 6690794)
[PASS] test_closedMarketWithoutStopKeepsPoolOnlyDipPolicy() (gas: 6381031)
[PASS] test_dipAfterStopRetiresTheGateForTheNextRung() (gas: 1231132)
[PASS] test_donatedLotsAtCapacityCoalesceWithoutBlockingBookingOrDip() (gas: 17911046)
[PASS] test_dustCleanupSurvivesPendingBookingAtLotCapacity() (gas: 23409456)
[PASS] test_fullBookCannotEraseDistinctCostStopBeforeBuy() (gas: 12870595)
[PASS] test_fullDistinctCostLotsHaveBoundedStopScanGas() (gas: 12982811)
Logs:
  Full distinct-cost execute gas: 816963

[PASS] test_fullDistinctCostLotsRejectBuyWithinGasBudget() (gas: 23016062)
[PASS] test_minimumBookedLotStillExecutesStop() (gas: 644761)
[PASS] test_minimumBookedLotStillExecutesTp1() (gas: 5747634)
[PASS] test_minimumOutputRoundingDustDoesNotBlockLaterStop() (gas: 1215628)
[PASS] test_partialBuyAndHealthyTakeProfitConserveActualFillInventory() (gas: 6125212)
[PASS] test_profitAfterStopReopensDipAtTheProfitRung() (gas: 1346577)
[PASS] test_rebookingReleasedProfitDustDoesNotCountItAsNewStock() (gas: 5874609)
[PASS] test_rebookingReleasedStopDustDoesNotCountItAsNewStock() (gas: 982771)
[PASS] test_stopDustAndDueDipExecuteInTheSameCall() (gas: 1047117)
[PASS] test_stopDustWithoutAnotherDueLotDoesNotClaimASale() (gas: 904676)
[PASS] test_stopNeedsNewReportCooldownAndDeeperPriceBeforeReentry() (gas: 1015484)
[PASS] test_stopTailThatReboundsToTp1DoesNotBlockAnotherProfit() (gas: 1146193)
[PASS] test_stopWinsOverProfitAndDip_andShortFillStillBlocksBuy() (gas: 1142017)
[PASS] test_tinyStopRejectedBeforeDeployment() (gas: 213395)
[PASS] test_tinyTp1RemainderAdvancesStageWithoutClaimingSale() (gas: 5888469)
[PASS] test_unexecutableProfitDustDoesNotBlockLaterProfit() (gas: 6121423)
[PASS] test_unexecutableStopDustDoesNotBlockLaterStop() (gas: 1215804)
[PASS] test_unrepresentableChunkCannotClaimAStop() (gas: 5569292)
[PASS] test_widerMinimumOutputRoundingDustDoesNotBlockLaterStop() (gas: 1216200)
Suite result: ok. 29 passed; 0 failed; 0 skipped; finished in 90.17ms (109.52ms CPU time)

Ran 13 tests for test/V2LowFrequencyFork.t.sol:V2LowFrequencyForkTest
[SKIP: set RH_FORK=1; this is a live-venue fork test] test_fork_freshButDivergentFeedFailsClosedUntilCorrected() (gas: 0)
[SKIP: set RH_FORK=1; this is a live-venue fork test] test_fork_gapDownRejectsMismatchThenStopsAtRealV3Price() (gas: 0)
[SKIP: set RH_FORK=1; this is a live-venue fork test] test_fork_keeperDipBuySandwichedByV3Bot() (gas: 0)
[SKIP: set RH_FORK=1; this is a live-venue fork test] test_fork_params_10PercentLotFallsBelowMinimumAfterProfit() (gas: 0)
[SKIP: set RH_FORK=1; this is a live-venue fork test] test_fork_params_partialStopBlocksAnyCallerFromBuyingFirst() (gas: 0)
[SKIP: set RH_FORK=1; this is a live-venue fork test] test_fork_params_stopOffLeavesOnlyDip() (gas: 0)
[SKIP: set RH_FORK=1; this is a live-venue fork test] test_fork_params_widerDipDelaysButDoesNotDisableStop() (gas: 0)
[SKIP: set RH_FORK=1; this is a live-venue fork test] test_fork_sidewaysTenMinuteKeeperChecksDoNothing() (gas: 0)
[SKIP: set RH_FORK=1; this is a live-venue fork test] test_fork_staleStockFeedHaltsStrategyAndRecovers() (gas: 0)
[SKIP: set RH_FORK=1; this is a live-venue fork test] test_fork_stopLossThenFurtherDipReenters() (gas: 0)
[SKIP: set RH_FORK=1; this is a live-venue fork test] test_fork_takeProfitThenDipBuysBackStock() (gas: 0)
[SKIP: set RH_FORK=1; this is a live-venue fork test] test_fork_transientCrashRecoversWithoutStopLoss() (gas: 0)
[SKIP: set RH_FORK=1; this is a live-venue fork test] test_fork_uptrendWaitsForMeanThenTakesProfit() (gas: 0)
Suite result: ok. 0 passed; 0 failed; 13 skipped; finished in 1.92ms (212.33µs CPU time)

Ran 6 tests for test/V2MarketSniperScenarios.t.sol:V2MarketSniperScenariosTest
[PASS] test_buybackNoticeCannotRaiseV2SniperExitTax() (gas: 3619626)
Logs:
  Scenario sniper_v4_flat_exit stock_out_raw: 1773589281964987621
  Scenario sniper_v4_flat_exit tax_stock_raw: 197065475773887513
  Scenario sniper_v4_after_buyback stock_out_raw: 1773589281964987621
  Scenario sniper_v4_after_buyback tax_stock_raw: 197065475773887513

[PASS] test_graduatedOpeningHasFlatTaxAndNoLaunchSpike() (gas: 4603166)
Logs:
  Scenario v4_bot_first bot_spent_stock_raw: 2000000000000000000
  Scenario v4_bot_first bot_sale_stock_raw: 1773589281964987621
  Scenario v4_bot_first bot_pnl_stock_raw: -226410718035012379
  Scenario v4_bot_first bot_buy_tax_token_raw: 156401356942565248940
  Scenario v4_bot_first bot_sell_tax_stock_raw: 197065475773887513
  Scenario v4_bot_first user_spent_stock_raw: 5000000000000000000
  Scenario v4_bot_first user_out_token_raw: 3289459175359386516531
  Scenario v4_bot_first user_buy_tax_token_raw: 365495463928820724059
  Scenario v4_user_first bot_spent_stock_raw: 2000000000000000000
  Scenario v4_user_first bot_sale_stock_raw: 1613382987060690781
  Scenario v4_user_first bot_pnl_stock_raw: -386617012939309219
  Scenario v4_user_first bot_buy_tax_token_raw: 142033030806138556674
  Scenario v4_user_first bot_sell_tax_stock_raw: 179264776340076753
  Scenario v4_user_first user_spent_stock_raw: 5000000000000000000
  Scenario v4_user_first user_out_token_raw: 3418774110587226746926
  Scenario v4_user_first user_buy_tax_token_raw: 379863790065247416325
  Scenario sniper_v4 victim_loss_token_raw: 129314935227840230395
  Scenario sniper_v4_protected bot_pnl_stock_raw: -386465762052699645

[PASS] test_graduatedOpeningSizeSweep() (gas: 6903439)
Logs:
  Scenario v4_size_2_10 bot_spent_stock_raw: 2000000000000000000
  Scenario v4_size_2_10 bot_sale_stock_raw: 1941065407297417507
  Scenario v4_size_2_10 bot_pnl_stock_raw: -58934592702582493
  Scenario v4_size_2_10 bot_buy_tax_token_raw: 156401356942565248940
  Scenario v4_size_2_10 bot_sell_tax_stock_raw: 215673934144157500
  Scenario v4_size_2_10 user_spent_stock_raw: 10000000000000000000
  Scenario v4_size_2_10 user_out_token_raw: 6286003592597117112186
  Scenario v4_size_2_10 user_buy_tax_token_raw: 698444843621901901354
  Scenario v4_size_2_10 victim_loss_token_raw: 241594843339956636103
  Scenario v4_size_5_20 bot_spent_stock_raw: 5000000000000000000
  Scenario v4_size_5_20 bot_sale_stock_raw: 5681920802387129641
  Scenario v4_size_5_20 bot_pnl_stock_raw: 681920802387129641
  Scenario v4_size_5_20 bot_buy_tax_token_raw: 379863790065247416325
  Scenario v4_size_5_20 bot_sell_tax_stock_raw: 631324533598569960
  Scenario v4_size_5_20 user_spent_stock_raw: 20000000000000000000
  Scenario v4_size_5_20 user_out_token_raw: 10946645140963703815786
  Scenario v4_size_5_20 user_buy_tax_token_raw: 1216293904551522646198
  Scenario v4_size_5_20 victim_loss_token_raw: 1023339851532544311315
  Scenario sniper_v4_size_5_20_protected bot_pnl_stock_raw: -954535838331899606
  Scenario v4_size_10_30 bot_spent_stock_raw: 10000000000000000000
  Scenario v4_size_10_30 bot_sale_stock_raw: 12861985295681241238
  Scenario v4_size_10_30 bot_pnl_stock_raw: 2861985295681241238
  Scenario v4_size_10_30 bot_buy_tax_token_raw: 725288715104119305365
  Scenario v4_size_10_30 bot_sell_tax_stock_raw: 1429109477297915693
  Scenario v4_size_10_30 user_spent_stock_raw: 30000000000000000000
  Scenario v4_size_10_30 user_out_token_raw: 13999710686167587398201
  Scenario v4_size_10_30 user_buy_tax_token_raw: 1555523409574176377577
  Scenario v4_size_10_30 victim_loss_token_raw: 2577304170271485812154

[PASS] test_openingTaxTimeSweepKeepsQuotesAndLossesVisible() (gas: 1372960)
Logs:
  Scenario curve_t0 bot_spent_stock_raw: 19999999999999999999
  Scenario curve_t0 bot_sale_stock_raw: 1970012795161102710
  Scenario curve_t0 bot_pnl_stock_raw: -18029987204838897289
  Scenario curve_t0 bot_buy_tax_token_raw: 261764705882352941176470
  Scenario curve_t0 bot_sell_tax_stock_raw: 218890310573455856
  Scenario curve_t0 user_spent_stock_raw: 139999999999999999999
  Scenario curve_t0 user_out_token_raw: 5306246209824135839903
  Scenario curve_t0 user_buy_tax_token_raw: 472255912674348089751364
  Scenario curve_t1 bot_spent_stock_raw: 19999999999999999999
  Scenario curve_t1 bot_sale_stock_raw: 45255620262122603935
  Scenario curve_t1 bot_pnl_stock_raw: 25255620262122603936
  Scenario curve_t1 bot_buy_tax_token_raw: 174529411764705882352941
  Scenario curve_t1 bot_sell_tax_stock_raw: 5028402251346955992
  Scenario curve_t1 user_spent_stock_raw: 139999999999999999999
  Scenario curve_t1 user_out_token_raw: 162689508793208004851425
  Scenario curve_t1 user_buy_tax_token_raw: 314872650090964220739842
  Scenario curve_t2 bot_spent_stock_raw: 19999999999999999999
  Scenario curve_t2 bot_sale_stock_raw: 71192881415216405228
  Scenario curve_t2 bot_pnl_stock_raw: 51192881415216405229
  Scenario curve_t2 bot_buy_tax_token_raw: 87264705882352941176470
  Scenario curve_t2 bot_sell_tax_stock_raw: 7910320157246267247
  Scenario curve_t2 user_spent_stock_raw: 139999999999999999999
  Scenario curve_t2 user_out_token_raw: 320125833838690115221346
  Scenario curve_t2 user_buy_tax_token_raw: 157436325045482110369921
  Scenario curve_t3 bot_spent_stock_raw: 19999999999999999999
  Scenario curve_t3 bot_sale_stock_raw: 88465351131746952989
  Scenario curve_t3 bot_pnl_stock_raw: 68465351131746952990
  Scenario curve_t3 bot_buy_tax_token_raw: 0
  Scenario curve_t3 bot_sell_tax_stock_raw: 9829483459082994776
  Scenario curve_t3 user_spent_stock_raw: 139999999999999999999
  Scenario curve_t3 user_out_token_raw: 477562158884172225591267
  Scenario curve_t3 user_buy_tax_token_raw: 0

[PASS] test_postWindowCurveOrderAndTightMinOut() (gas: 910816)
Logs:
  Scenario curve_bot_first bot_spent_stock_raw: 19999999999999999999
  Scenario curve_bot_first bot_sale_stock_raw: 88465351131746952989
  Scenario curve_bot_first bot_pnl_stock_raw: 68465351131746952990
  Scenario curve_bot_first bot_buy_tax_token_raw: 0
  Scenario curve_bot_first bot_sell_tax_stock_raw: 9829483459082994776
  Scenario curve_bot_first user_spent_stock_raw: 139999999999999999999
  Scenario curve_bot_first user_out_token_raw: 477562158884172225591267
  Scenario curve_bot_first user_buy_tax_token_raw: 0
  Scenario curve_user_first bot_spent_stock_raw: 19999999999999999999
  Scenario curve_user_first bot_sale_stock_raw: 16200000000000000000
  Scenario curve_user_first bot_pnl_stock_raw: -3799999999999999999
  Scenario curve_user_first bot_buy_tax_token_raw: 0
  Scenario curve_user_first bot_sell_tax_stock_raw: 1800000000000000000
  Scenario curve_user_first user_spent_stock_raw: 139999999999999999999
  Scenario curve_user_first user_out_token_raw: 715909090909090909090909
  Scenario curve_user_first user_buy_tax_token_raw: 0
  Scenario sniper_curve victim_loss_token_raw: 238346932024918683499642
  Scenario sniper_curve_protected bot_pnl_stock_raw: -3800000000000000000

[PASS] test_smallSnipersStillProfitWithinStrictMinOut() (gas: 1348367)
Logs:
  Scenario curve_t1_small_bot_pnl_stock_raw: 240900638993039762
  Scenario curve_t1_small_bot_victim_loss_percent_e18: 230694976766279779
  Scenario curve_t1_tiny_bot_pnl_stock_raw: 24180036139561279
  Scenario curve_t1_tiny_bot_victim_loss_percent_e18: 23109215225498284
  Scenario curve_t2_small_bot_pnl_stock_raw: 569400303512935670
  Scenario curve_t2_small_bot_victim_loss_percent_e18: 230694976766279779
  Scenario curve_t2_tiny_bot_pnl_stock_raw: 57242371089517831
  Scenario curve_t2_tiny_bot_victim_loss_percent_e18: 23109215225498284

Suite result: ok. 6 passed; 0 failed; 0 skipped; finished in 130.78ms (13.85ms CPU time)

Ran 1 test for test/V2LaunchNativeRouterMainnetFork.t.sol:V2LaunchNativeRouterMainnetForkTest
[SKIP: fork test: set RH_FORK=1] test_fork_nativeLaunchAndFirstBuy_realWethUsdgGmePools_andAtomicRollback() (gas: 0)
Suite result: ok. 0 passed; 0 failed; 1 skipped; finished in 1.37ms (22.67µs CPU time)

Ran 6 tests for test/V2LiquidityVault.t.sol:V2LiquidityVaultTest
[PASS] test_callbackCannotBeCalledByOutsider() (gas: 16571)
[PASS] test_collectsOnlyEarnedFeesAndKeepsPrincipalLocked() (gas: 765635)
[PASS] test_seedLocksPositionAndReturnsUnusedBudget() (gas: 391545)
[PASS] test_stockCallbackCannotReenterFeeCollection() (gas: 658273)
[PASS] test_stockCreditFailureParksFeeButStillBurnsTokenFee() (gas: 800538)
[PASS] test_tokenSideFeeBurnsWithoutTreasuryCredit() (gas: 545241)
Suite result: ok. 6 passed; 0 failed; 0 skipped; finished in 5.84ms (4.80ms CPU time)

Ran 5 tests for test/V2LiveVenueFork.t.sol:StrategyForkTestV2LiveVenue
[SKIP: live V2 fork: set RH_FORK=1; no broadcast] test_fork_curveUserBuySandwichedByBot() (gas: 0)
[SKIP: live V2 fork: set RH_FORK=1; no broadcast] test_fork_curveUserTightMinOutRejectsSandwich() (gas: 0)
[SKIP: live V2 fork: set RH_FORK=1; no broadcast] test_fork_kindOneRegistersLaunchesGraduatesAndBuysBackOnLiveVenue() (gas: 0)
[SKIP: live V2 fork: set RH_FORK=1; no broadcast] test_fork_selectedThreePercentBuyFeesConvertToStockAndSplit() (gas: 0)
[SKIP: live V2 fork: set RH_FORK=1; no broadcast] test_fork_twoUsersLiveV3CurveGraduationV4FeesAndBuybackBurn() (gas: 0)
Suite result: ok. 0 passed; 0 failed; 5 skipped; finished in 1.02ms (36.25µs CPU time)

Ran 11 tests for test/V2LaunchNativeRouter.t.sol:V2LaunchNativeRouterTest
[PASS] testCreatorCannotBeSpoofed() (gas: 222133)
[PASS] testCurveCapRefundsStockToCreator() (gas: 11932689)
[PASS] testCurveCapWithoutPartialFillRollsBackEverything() (gas: 12376374)
[PASS] testDonatedBalancesStayInRouter() (gas: 9408050)
[PASS] testLaunchAndBuyUsesOnlyNativeAndCreatorOpeningTaxExemption() (gas: 18067906)
[PASS] testNativeFeeAndRouteAreRequired() (gas: 9245128)
[PASS] testStaleFeeTermsRollBackNativeFee() (gas: 6989000)
[PASS] testTwoHopNativeToUsdgToListedStockLaunch() (gas: 12026884)
[PASS] testUnrelatedLaunchBetweenQuoteAndExecutionUsesActualId() (gas: 18072025)
[PASS] testWrappedNativeStockRefundUnwrapsToCreator() (gas: 13767113)
[PASS] testWrongPaymentAndSlippageRollBackCreationAndFee() (gas: 9560529)
Suite result: ok. 11 passed; 0 failed; 0 skipped; finished in 131.13ms (16.38ms CPU time)

Ran 1 test for test/V2LaunchNativeRouterFork.t.sol:V2LaunchNativeRouterForkTest
[SKIP: set V2_NATIVE_LAUNCH_FORK=true] test_fork_nativeLaunchActivatesAndBuysThroughCanonicalTwoHopV3() (gas: 0)
Suite result: ok. 0 passed; 0 failed; 1 skipped; finished in 629.58µs (9.42µs CPU time)

Ran 2 tests for test/V2LpDepthExperiment.t.sol:V2LpDepthExperimentTest
[PASS] test_buybackNoticeLeavesV2SellTaxFlat() (gas: 44232462)
Logs:
  --- notice+0s dump sale bps 8000
      lp bps 5000 raised (stock e18) 200000000000000000000
      LP stock 99999999999999999999 treasury stock 100000000000000000001
      early paid 2083333333333333334 early got stock 27950368601391340486
      early multiple x100 1341 price after % of graduation 46
      hook tax (stock) 3105596511265704498 LP fee to treasury buyback 0
  --- notice+60s dump sale bps 8000
      lp bps 5000 raised (stock e18) 200000000000000000000
      LP stock 99999999999999999999 treasury stock 100000000000000000001
      early paid 2083333333333333334 early got stock 27950368601391340486
      early multiple x100 1341 price after % of graduation 46
      hook tax (stock) 3105596511265704498 LP fee to treasury buyback 0
  --- notice+119s dump sale bps 8000
      lp bps 5000 raised (stock e18) 200000000000000000000
      LP stock 99999999999999999999 treasury stock 100000000000000000001
      early paid 2083333333333333334 early got stock 27950368601391340486
      early multiple x100 1341 price after % of graduation 46
      hook tax (stock) 3105596511265704498 LP fee to treasury buyback 0

[PASS] test_t0DumpAcrossLpAndSaleShares() (gas: 58934736)
Logs:
  --- t+0 dump sale bps 8000
      lp bps 5000 raised (stock e18) 200000000000000000000
      LP stock 99999999999999999999 treasury stock 100000000000000000001
      early paid 2083333333333333334 early got stock 27950368601391340486
      early multiple x100 1341 price after % of graduation 46
      hook tax (stock) 3105596511265704498 LP fee to treasury buyback 0
  --- t+0 dump sale bps 8000
      lp bps 7500 raised (stock e18) 200000000000000000000
      LP stock 149999999999999999999 treasury stock 50000000000000000001
      early paid 2083333333333333334 early got stock 31177901320361362080
      early multiple x100 1496 price after % of graduation 58
      hook tax (stock) 3464211257817929120 LP fee to treasury buyback 0
  --- t+0 dump sale bps 7000
      lp bps 5000 raised (stock e18) 116666666666666666667
      LP stock 58333333333333333332 treasury stock 58333333333333333335
      early paid 1813471502590673576 early got stock 12120060203766594641
      early multiple x100 668 price after % of graduation 58
      hook tax (stock) 1346673355974066071 LP fee to treasury buyback 0
  --- t+0 dump sale bps 7000
      lp bps 7500 raised (stock e18) 116666666666666666667
      LP stock 87499999999999999999 treasury stock 29166666666666666668
      early paid 1813471502590673576 early got stock 13130487498954762117
      early multiple x100 724 price after % of graduation 69
      hook tax (stock) 1458943055439418013 LP fee to treasury buyback 0

Suite result: ok. 2 passed; 0 failed; 0 skipped; finished in 124.47ms (13.90ms CPU time)

Ran 40 tests for test/V2CreatorTakeProfit.t.sol:V2CreatorTakeProfitUsdg0Test
[PASS] test_allInProfitDustDoesNotBlockLaterProfit() (gas: 6222670)
[PASS] test_allInStopDustDoesNotBlockLaterStop() (gas: 6324943)
[PASS] test_cannotBypassExecuteThroughOldSelectors() (gas: 469498)
[PASS] test_closedMarketWithStopConfiguredAllowsProfitButNotDip() (gas: 6691085)
[PASS] test_closedMarketWithoutStopKeepsPoolOnlyDipPolicy() (gas: 6382228)
[PASS] test_creator180TriggerSucceedsOnSmallHealthyActualFill() (gas: 5864188)
[PASS] test_creatorApprovedAdverseActualFillSucceedsWithoutNetProfitRequirement() (gas: 5976708)
[PASS] test_creatorOneBpsDipActuallyExecutesWithActualFillCost() (gas: 5957603)
[PASS] test_creatorOneBpsStopActuallyExecutesAndPaysOnlyActualUsdGReward() (gas: 5865418)
[PASS] test_dipAfterStopRetiresTheGateForTheNextRung() (gas: 1231631)
[PASS] test_distinctCost128DustLotsReleaseCapacity_keepStopGate_thenBookAndBuyNormally() (gas: 77042926)
[PASS] test_distinctCost128ValuableRemaindersReleaseCapacityWithoutFreeRewards() (gas: 76394552)
[PASS] test_donatedLotsAtCapacityCoalesceWithoutBlockingBookingOrDip() (gas: 17904965)
[PASS] test_dustCleanupSurvivesPendingBookingAtLotCapacity() (gas: 23402923)
[PASS] test_exactCostCoalescedLotsConserveInventory_andNormalFillClearsStopGate() (gas: 5836860)
[PASS] test_fullBookCannotEraseDistinctCostStopBeforeBuy() (gas: 12863770)
[PASS] test_fullDistinctCostLotsHaveBoundedStopScanGas() (gas: 12975658)
Logs:
  Full distinct-cost execute gas: 816523

[PASS] test_fullDistinctCostLotsRejectBuyWithinGasBudget() (gas: 23009413)
[PASS] test_minimumBookedLotStillExecutesStop() (gas: 644830)
[PASS] test_minimumBookedLotStillExecutesTp1() (gas: 5747840)
[PASS] test_minimumOutputRoundingDustDoesNotBlockLaterStop() (gas: 1215858)
[PASS] test_noMonetaryFillRevertsAtomicallyWithoutRewardOrStopGateChange() (gas: 6999222)
[PASS] test_oneWeiTp1StageAdvanceThenDustCleanupMovesNoRewardOrPriceReference() (gas: 5636098)
[PASS] test_partialTp1RemainderReclassificationProgressesTwoCallsThenTp2WithoutEconomicSideEffects() (gas: 5810269)
[PASS] test_profitAfterStopReopensDipAtTheProfitRung() (gas: 1348449)
[PASS] test_rebookingReleasedProfitDustDoesNotCountItAsNewStock() (gas: 5874753)
[PASS] test_rebookingReleasedStopDustDoesNotCountItAsNewStock() (gas: 983159)
[PASS] test_stopDustAndDueDipExecuteInTheSameCall() (gas: 1048306)
[PASS] test_stopDustWithoutAnotherDueLotDoesNotClaimASale() (gas: 905098)
[PASS] test_stopNeedsNewReportCooldownAndDeeperPriceBeforeReentry() (gas: 1016094)
[PASS] test_stopTailThatReboundsToTp1DoesNotBlockAnotherProfit() (gas: 1146929)
[PASS] test_stopWinsOverProfitAndDip_andShortFillStillBlocksBuy() (gas: 1141903)
[PASS] test_tinyStopRejectedBeforeDeployment() (gas: 213637)
[PASS] test_tinyTp1RemainderAdvancesStageWithoutClaimingSale() (gas: 5888856)
[PASS] test_unexecutableProfitDustDoesNotBlockLaterProfit() (gas: 6121873)
[PASS] test_unexecutableStopDustDoesNotBlockLaterStop() (gas: 1216056)
[PASS] test_unrepresentableChunkCannotClaimAStop() (gas: 5569721)
[PASS] test_valuableRemainderReclassifiesWithoutRewardSaleOrStopGateChange() (gas: 5617602)
[PASS] test_widerMinimumOutputRoundingDustDoesNotBlockLaterStop() (gas: 1216496)
[PASS] test_zeroSelectedQuantityRevertsAtomicallyInsteadOfPayingForAnEmptyAction() (gas: 6055696)
Suite result: ok. 40 passed; 0 failed; 0 skipped; finished in 351.25ms (349.54ms CPU time)

Ran 9 tests for test/V2NativeRouter.t.sol:V2NativeRouterTest
[PASS] testForcedNativeAndTokenDonationsAreNeverPaidToTraders() (gas: 870228)
[PASS] testNativeBuyAndSellThroughRealCurve() (gas: 877031)
[PASS] testNativeBuyUsesCallerAsOpeningTaxRecipient() (gas: 9411005)
[PASS] testNativeFinalBuyRequiresRefundConsentThenTradesRealV4() (gas: 7081614)
[PASS] testNativePartialSaleReturnsUnsoldTokensOnce() (gas: 7446497)
[PASS] testNativeStockSlippageFloorRollsBackWrappingAndGraduation() (gas: 406300)
[PASS] testPaymentAssetAmountAndUnsolicitedNativeChecks() (gas: 88327)
[PASS] testRejectedNativePayoutRollsBackSell() (gas: 950299)
[PASS] testWrappedNativeQuoteRefundIsUnwrappedOnce() (gas: 7620836)
Suite result: ok. 9 passed; 0 failed; 0 skipped; finished in 124.76ms (13.71ms CPU time)
2026-10-03T05:46:05.693914Z  WARN evm::traces: failed to read cache file path="/Users/leo/.foundry/cache/signatures" err=Read { source: Os { code: 2, kind: NotFound, message: "No such file or directory" }, path: "/Users/leo/.foundry/cache/signatures" }
2026-10-03T05:46:05.694167Z  WARN evm::traces: failed to read cache file path="/Users/leo/.foundry/cache/signatures" err=Read { source: Os { code: 2, kind: NotFound, message: "No such file or directory" }, path: "/Users/leo/.foundry/cache/signatures" }
2026-10-03T05:46:05.694388Z  WARN evm::traces: failed to read cache file path="/Users/leo/.foundry/cache/signatures" err=Read { source: Os { code: 2, kind: NotFound, message: "No such file or directory" }, path: "/Users/leo/.foundry/cache/signatures" }
2026-10-03T05:46:05.694608Z  WARN evm::traces: failed to read cache file path="/Users/leo/.foundry/cache/signatures" err=Read { source: Os { code: 2, kind: NotFound, message: "No such file or directory" }, path: "/Users/leo/.foundry/cache/signatures" }
2026-10-03T05:46:05.694830Z  WARN evm::traces: failed to read cache file path="/Users/leo/.foundry/cache/signatures" err=Read { source: Os { code: 2, kind: NotFound, message: "No such file or directory" }, path: "/Users/leo/.foundry/cache/signatures" }
2026-10-03T05:46:05.695048Z  WARN evm::traces: failed to read cache file path="/Users/leo/.foundry/cache/signatures" err=Read { source: Os { code: 2, kind: NotFound, message: "No such file or directory" }, path: "/Users/leo/.foundry/cache/signatures" }
2026-10-03T05:46:05.695262Z  WARN evm::traces: failed to read cache file path="/Users/leo/.foundry/cache/signatures" err=Read { source: Os { code: 2, kind: NotFound, message: "No such file or directory" }, path: "/Users/leo/.foundry/cache/signatures" }
2026-10-03T05:46:05.695488Z  WARN evm::traces: failed to read cache file path="/Users/leo/.foundry/cache/signatures" err=Read { source: Os { code: 2, kind: NotFound, message: "No such file or directory" }, path: "/Users/leo/.foundry/cache/signatures" }
2026-10-03T05:46:05.695705Z  WARN evm::traces: failed to read cache file path="/Users/leo/.foundry/cache/signatures" err=Read { source: Os { code: 2, kind: NotFound, message: "No such file or directory" }, path: "/Users/leo/.foundry/cache/signatures" }
2026-10-03T05:46:05.695924Z  WARN evm::traces: failed to read cache file path="/Users/leo/.foundry/cache/signatures" err=Read { source: Os { code: 2, kind: NotFound, message: "No such file or directory" }, path: "/Users/leo/.foundry/cache/signatures" }
2026-10-03T05:46:05.696141Z  WARN evm::traces: failed to read cache file path="/Users/leo/.foundry/cache/signatures" err=Read { source: Os { code: 2, kind: NotFound, message: "No such file or directory" }, path: "/Users/leo/.foundry/cache/signatures" }
2026-10-03T05:46:05.696354Z  WARN evm::traces: failed to read cache file path="/Users/leo/.foundry/cache/signatures" err=Read { source: Os { code: 2, kind: NotFound, message: "No such file or directory" }, path: "/Users/leo/.foundry/cache/signatures" }
2026-10-03T05:46:05.696572Z  WARN evm::traces: failed to read cache file path="/Users/leo/.foundry/cache/signatures" err=Read { source: Os { code: 2, kind: NotFound, message: "No such file or directory" }, path: "/Users/leo/.foundry/cache/signatures" }
2026-10-03T05:46:05.696786Z  WARN evm::traces: failed to read cache file path="/Users/leo/.foundry/cache/signatures" err=Read { source: Os { code: 2, kind: NotFound, message: "No such file or directory" }, path: "/Users/leo/.foundry/cache/signatures" }
2026-10-03T05:46:05.697003Z  WARN evm::traces: failed to read cache file path="/Users/leo/.foundry/cache/signatures" err=Read { source: Os { code: 2, kind: NotFound, message: "No such file or directory" }, path: "/Users/leo/.foundry/cache/signatures" }
2026-10-03T05:46:05.697219Z  WARN evm::traces: failed to read cache file path="/Users/leo/.foundry/cache/signatures" err=Read { source: Os { code: 2, kind: NotFound, message: "No such file or directory" }, path: "/Users/leo/.foundry/cache/signatures" }
2026-10-03T05:46:05.697430Z  WARN evm::traces: failed to read cache file path="/Users/leo/.foundry/cache/signatures" err=Read { source: Os { code: 2, kind: NotFound, message: "No such file or directory" }, path: "/Users/leo/.foundry/cache/signatures" }
2026-10-03T05:46:05.697641Z  WARN evm::traces: failed to read cache file path="/Users/leo/.foundry/cache/signatures" err=Read { source: Os { code: 2, kind: NotFound, message: "No such file or directory" }, path: "/Users/leo/.foundry/cache/signatures" }
2026-10-03T05:46:05.697849Z  WARN evm::traces: failed to read cache file path="/Users/leo/.foundry/cache/signatures" err=Read { source: Os { code: 2, kind: NotFound, message: "No such file or directory" }, path: "/Users/leo/.foundry/cache/signatures" }
2026-10-03T05:46:05.698058Z  WARN evm::traces: failed to read cache file path="/Users/leo/.foundry/cache/signatures" err=Read { source: Os { code: 2, kind: NotFound, message: "No such file or directory" }, path: "/Users/leo/.foundry/cache/signatures" }
2026-10-03T05:46:05.698271Z  WARN evm::traces: failed to read cache file path="/Users/leo/.foundry/cache/signatures" err=Read { source: Os { code: 2, kind: NotFound, message: "No such file or directory" }, path: "/Users/leo/.foundry/cache/signatures" }
2026-10-03T05:46:05.698490Z  WARN evm::traces: failed to read cache file path="/Users/leo/.foundry/cache/signatures" err=Read { source: Os { code: 2, kind: NotFound, message: "No such file or directory" }, path: "/Users/leo/.foundry/cache/signatures" }
2026-10-03T05:46:05.698704Z  WARN evm::traces: failed to read cache file path="/Users/leo/.foundry/cache/signatures" err=Read { source: Os { code: 2, kind: NotFound, message: "No such file or directory" }, path: "/Users/leo/.foundry/cache/signatures" }
2026-10-03T05:46:05.698920Z  WARN evm::traces: failed to read cache file path="/Users/leo/.foundry/cache/signatures" err=Read { source: Os { code: 2, kind: NotFound, message: "No such file or directory" }, path: "/Users/leo/.foundry/cache/signatures" }
2026-10-03T05:46:05.699130Z  WARN evm::traces: failed to read cache file path="/Users/leo/.foundry/cache/signatures" err=Read { source: Os { code: 2, kind: NotFound, message: "No such file or directory" }, path: "/Users/leo/.foundry/cache/signatures" }
2026-10-03T05:46:05.699349Z  WARN evm::traces: failed to read cache file path="/Users/leo/.foundry/cache/signatures" err=Read { source: Os { code: 2, kind: NotFound, message: "No such file or directory" }, path: "/Users/leo/.foundry/cache/signatures" }
2026-10-03T05:46:05.699567Z  WARN evm::traces: failed to read cache file path="/Users/leo/.foundry/cache/signatures" err=Read { source: Os { code: 2, kind: NotFound, message: "No such file or directory" }, path: "/Users/leo/.foundry/cache/signatures" }
2026-10-03T05:46:05.699778Z  WARN evm::traces: failed to read cache file path="/Users/leo/.foundry/cache/signatures" err=Read { source: Os { code: 2, kind: NotFound, message: "No such file or directory" }, path: "/Users/leo/.foundry/cache/signatures" }
2026-10-03T05:46:05.699989Z  WARN evm::traces: failed to read cache file path="/Users/leo/.foundry/cache/signatures" err=Read { source: Os { code: 2, kind: NotFound, message: "No such file or directory" }, path: "/Users/leo/.foundry/cache/signatures" }
2026-10-03T05:46:05.700206Z  WARN evm::traces: failed to read cache file path="/Users/leo/.foundry/cache/signatures" err=Read { source: Os { code: 2, kind: NotFound, message: "No such file or directory" }, path: "/Users/leo/.foundry/cache/signatures" }
2026-10-03T05:46:05.700423Z  WARN evm::traces: failed to read cache file path="/Users/leo/.foundry/cache/signatures" err=Read { source: Os { code: 2, kind: NotFound, message: "No such file or directory" }, path: "/Users/leo/.foundry/cache/signatures" }
2026-10-03T05:46:05.700640Z  WARN evm::traces: failed to read cache file path="/Users/leo/.foundry/cache/signatures" err=Read { source: Os { code: 2, kind: NotFound, message: "No such file or directory" }, path: "/Users/leo/.foundry/cache/signatures" }
2026-10-03T05:46:05.700860Z  WARN evm::traces: failed to read cache file path="/Users/leo/.foundry/cache/signatures" err=Read { source: Os { code: 2, kind: NotFound, message: "No such file or directory" }, path: "/Users/leo/.foundry/cache/signatures" }
2026-10-03T05:46:05.701077Z  WARN evm::traces: failed to read cache file path="/Users/leo/.foundry/cache/signatures" err=Read { source: Os { code: 2, kind: NotFound, message: "No such file or directory" }, path: "/Users/leo/.foundry/cache/signatures" }
2026-10-03T05:46:05.701294Z  WARN evm::traces: failed to read cache file path="/Users/leo/.foundry/cache/signatures" err=Read { source: Os { code: 2, kind: NotFound, message: "No such file or directory" }, path: "/Users/leo/.foundry/cache/signatures" }
2026-10-03T05:46:05.701508Z  WARN evm::traces: failed to read cache file path="/Users/leo/.foundry/cache/signatures" err=Read { source: Os { code: 2, kind: NotFound, message: "No such file or directory" }, path: "/Users/leo/.foundry/cache/signatures" }
2026-10-03T05:46:05.701722Z  WARN evm::traces: failed to read cache file path="/Users/leo/.foundry/cache/signatures" err=Read { source: Os { code: 2, kind: NotFound, message: "No such file or directory" }, path: "/Users/leo/.foundry/cache/signatures" }
2026-10-03T05:46:05.701932Z  WARN evm::traces: failed to read cache file path="/Users/leo/.foundry/cache/signatures" err=Read { source: Os { code: 2, kind: NotFound, message: "No such file or directory" }, path: "/Users/leo/.foundry/cache/signatures" }
2026-10-03T05:46:05.702141Z  WARN evm::traces: failed to read cache file path="/Users/leo/.foundry/cache/signatures" err=Read { source: Os { code: 2, kind: NotFound, message: "No such file or directory" }, path: "/Users/leo/.foundry/cache/signatures" }
2026-10-03T05:46:05.702352Z  WARN evm::traces: failed to read cache file path="/Users/leo/.foundry/cache/signatures" err=Read { source: Os { code: 2, kind: NotFound, message: "No such file or directory" }, path: "/Users/leo/.foundry/cache/signatures" }
2026-10-03T05:46:05.702563Z  WARN evm::traces: failed to read cache file path="/Users/leo/.foundry/cache/signatures" err=Read { source: Os { code: 2, kind: NotFound, message: "No such file or directory" }, path: "/Users/leo/.foundry/cache/signatures" }
2026-10-03T05:46:05.702780Z  WARN evm::traces: failed to read cache file path="/Users/leo/.foundry/cache/signatures" err=Read { source: Os { code: 2, kind: NotFound, message: "No such file or directory" }, path: "/Users/leo/.foundry/cache/signatures" }
2026-10-03T05:46:05.702999Z  WARN evm::traces: failed to read cache file path="/Users/leo/.foundry/cache/signatures" err=Read { source: Os { code: 2, kind: NotFound, message: "No such file or directory" }, path: "/Users/leo/.foundry/cache/signatures" }
2026-10-03T05:46:05.703212Z  WARN evm::traces: failed to read cache file path="/Users/leo/.foundry/cache/signatures" err=Read { source: Os { code: 2, kind: NotFound, message: "No such file or directory" }, path: "/Users/leo/.foundry/cache/signatures" }
2026-10-03T05:46:05.703424Z  WARN evm::traces: failed to read cache file path="/Users/leo/.foundry/cache/signatures" err=Read { source: Os { code: 2, kind: NotFound, message: "No such file or directory" }, path: "/Users/leo/.foundry/cache/signatures" }
2026-10-03T05:46:05.703639Z  WARN evm::traces: failed to read cache file path="/Users/leo/.foundry/cache/signatures" err=Read { source: Os { code: 2, kind: NotFound, message: "No such file or directory" }, path: "/Users/leo/.foundry/cache/signatures" }
2026-10-03T05:46:05.703850Z  WARN evm::traces: failed to read cache file path="/Users/leo/.foundry/cache/signatures" err=Read { source: Os { code: 2, kind: NotFound, message: "No such file or directory" }, path: "/Users/leo/.foundry/cache/signatures" }
2026-10-03T05:46:05.704059Z  WARN evm::traces: failed to read cache file path="/Users/leo/.foundry/cache/signatures" err=Read { source: Os { code: 2, kind: NotFound, message: "No such file or directory" }, path: "/Users/leo/.foundry/cache/signatures" }
2026-10-03T05:46:05.704268Z  WARN evm::traces: failed to read cache file path="/Users/leo/.foundry/cache/signatures" err=Read { source: Os { code: 2, kind: NotFound, message: "No such file or directory" }, path: "/Users/leo/.foundry/cache/signatures" }
2026-10-03T05:46:05.704480Z  WARN evm::traces: failed to read cache file path="/Users/leo/.foundry/cache/signatures" err=Read { source: Os { code: 2, kind: NotFound, message: "No such file or directory" }, path: "/Users/leo/.foundry/cache/signatures" }
2026-10-03T05:46:05.704694Z  WARN evm::traces: failed to read cache file path="/Users/leo/.foundry/cache/signatures" err=Read { source: Os { code: 2, kind: NotFound, message: "No such file or directory" }, path: "/Users/leo/.foundry/cache/signatures" }
2026-10-03T05:46:05.704909Z  WARN evm::traces: failed to read cache file path="/Users/leo/.foundry/cache/signatures" err=Read { source: Os { code: 2, kind: NotFound, message: "No such file or directory" }, path: "/Users/leo/.foundry/cache/signatures" }
2026-10-03T05:46:05.705121Z  WARN evm::traces: failed to read cache file path="/Users/leo/.foundry/cache/signatures" err=Read { source: Os { code: 2, kind: NotFound, message: "No such file or directory" }, path: "/Users/leo/.foundry/cache/signatures" }
2026-10-03T05:46:05.705331Z  WARN evm::traces: failed to read cache file path="/Users/leo/.foundry/cache/signatures" err=Read { source: Os { code: 2, kind: NotFound, message: "No such file or directory" }, path: "/Users/leo/.foundry/cache/signatures" }
2026-10-03T05:46:05.705541Z  WARN evm::traces: failed to read cache file path="/Users/leo/.foundry/cache/signatures" err=Read { source: Os { code: 2, kind: NotFound, message: "No such file or directory" }, path: "/Users/leo/.foundry/cache/signatures" }
2026-10-03T05:46:05.705756Z  WARN evm::traces: failed to read cache file path="/Users/leo/.foundry/cache/signatures" err=Read { source: Os { code: 2, kind: NotFound, message: "No such file or directory" }, path: "/Users/leo/.foundry/cache/signatures" }
2026-10-03T05:46:05.705972Z  WARN evm::traces: failed to read cache file path="/Users/leo/.foundry/cache/signatures" err=Read { source: Os { code: 2, kind: NotFound, message: "No such file or directory" }, path: "/Users/leo/.foundry/cache/signatures" }
2026-10-03T05:46:05.706186Z  WARN evm::traces: failed to read cache file path="/Users/leo/.foundry/cache/signatures" err=Read { source: Os { code: 2, kind: NotFound, message: "No such file or directory" }, path: "/Users/leo/.foundry/cache/signatures" }
2026-10-03T05:46:05.706401Z  WARN evm::traces: failed to read cache file path="/Users/leo/.foundry/cache/signatures" err=Read { source: Os { code: 2, kind: NotFound, message: "No such file or directory" }, path: "/Users/leo/.foundry/cache/signatures" }
2026-10-03T05:46:05.706613Z  WARN evm::traces: failed to read cache file path="/Users/leo/.foundry/cache/signatures" err=Read { source: Os { code: 2, kind: NotFound, message: "No such file or directory" }, path: "/Users/leo/.foundry/cache/signatures" }
2026-10-03T05:46:05.706828Z  WARN evm::traces: failed to read cache file path="/Users/leo/.foundry/cache/signatures" err=Read { source: Os { code: 2, kind: NotFound, message: "No such file or directory" }, path: "/Users/leo/.foundry/cache/signatures" }
2026-10-03T05:46:05.707042Z  WARN evm::traces: failed to read cache file path="/Users/leo/.foundry/cache/signatures" err=Read { source: Os { code: 2, kind: NotFound, message: "No such file or directory" }, path: "/Users/leo/.foundry/cache/signatures" }
2026-10-03T05:46:05.707258Z  WARN evm::traces: failed to read cache file path="/Users/leo/.foundry/cache/signatures" err=Read { source: Os { code: 2, kind: NotFound, message: "No such file or directory" }, path: "/Users/leo/.foundry/cache/signatures" }
2026-10-03T05:46:05.707470Z  WARN evm::traces: failed to read cache file path="/Users/leo/.foundry/cache/signatures" err=Read { source: Os { code: 2, kind: NotFound, message: "No such file or directory" }, path: "/Users/leo/.foundry/cache/signatures" }
2026-10-03T05:46:05.707682Z  WARN evm::traces: failed to read cache file path="/Users/leo/.foundry/cache/signatures" err=Read { source: Os { code: 2, kind: NotFound, message: "No such file or directory" }, path: "/Users/leo/.foundry/cache/signatures" }
2026-10-03T05:46:05.707899Z  WARN evm::traces: failed to read cache file path="/Users/leo/.foundry/cache/signatures" err=Read { source: Os { code: 2, kind: NotFound, message: "No such file or directory" }, path: "/Users/leo/.foundry/cache/signatures" }
2026-10-03T05:46:05.708115Z  WARN evm::traces: failed to read cache file path="/Users/leo/.foundry/cache/signatures" err=Read { source: Os { code: 2, kind: NotFound, message: "No such file or directory" }, path: "/Users/leo/.foundry/cache/signatures" }
2026-10-03T05:46:05.708329Z  WARN evm::traces: failed to read cache file path="/Users/leo/.foundry/cache/signatures" err=Read { source: Os { code: 2, kind: NotFound, message: "No such file or directory" }, path: "/Users/leo/.foundry/cache/signatures" }
2026-10-03T05:46:05.708540Z  WARN evm::traces: failed to read cache file path="/Users/leo/.foundry/cache/signatures" err=Read { source: Os { code: 2, kind: NotFound, message: "No such file or directory" }, path: "/Users/leo/.foundry/cache/signatures" }
2026-10-03T05:46:05.708758Z  WARN evm::traces: failed to read cache file path="/Users/leo/.foundry/cache/signatures" err=Read { source: Os { code: 2, kind: NotFound, message: "No such file or directory" }, path: "/Users/leo/.foundry/cache/signatures" }
2026-10-03T05:46:05.708972Z  WARN evm::traces: failed to read cache file path="/Users/leo/.foundry/cache/signatures" err=Read { source: Os { code: 2, kind: NotFound, message: "No such file or directory" }, path: "/Users/leo/.foundry/cache/signatures" }
2026-10-03T05:46:05.709185Z  WARN evm::traces: failed to read cache file path="/Users/leo/.foundry/cache/signatures" err=Read { source: Os { code: 2, kind: NotFound, message: "No such file or directory" }, path: "/Users/leo/.foundry/cache/signatures" }
2026-10-03T05:46:05.709400Z  WARN evm::traces: failed to read cache file path="/Users/leo/.foundry/cache/signatures" err=Read { source: Os { code: 2, kind: NotFound, message: "No such file or directory" }, path: "/Users/leo/.foundry/cache/signatures" }
2026-10-03T05:46:05.710590Z  WARN evm::traces: failed to read cache file path="/Users/leo/.foundry/cache/signatures" err=Read { source: Os { code: 2, kind: NotFound, message: "No such file or directory" }, path: "/Users/leo/.foundry/cache/signatures" }
2026-10-03T05:46:05.711083Z  WARN evm::traces: failed to read cache file path="/Users/leo/.foundry/cache/signatures" err=Read { source: Os { code: 2, kind: NotFound, message: "No such file or directory" }, path: "/Users/leo/.foundry/cache/signatures" }
2026-10-03T05:46:05.711525Z  WARN evm::traces: failed to read cache file path="/Users/leo/.foundry/cache/signatures" err=Read { source: Os { code: 2, kind: NotFound, message: "No such file or directory" }, path: "/Users/leo/.foundry/cache/signatures" }
2026-10-03T05:46:05.711985Z  WARN evm::traces: failed to read cache file path="/Users/leo/.foundry/cache/signatures" err=Read { source: Os { code: 2, kind: NotFound, message: "No such file or directory" }, path: "/Users/leo/.foundry/cache/signatures" }

Ran 28 tests for test/V2Execute.t.sol:V2ExecuteStockCurrency0Test
[PASS] test_allInProfitDustDoesNotBlockLaterProfit() (gas: 6222154)
[PASS] test_allInStopDustDoesNotBlockLaterStop() (gas: 6324647)
[PASS] test_cannotBypassExecuteThroughOldSelectors() (gas: 469011)
[PASS] test_closedMarketWithStopConfiguredAllowsProfitButNotDip() (gas: 6690794)
2026-10-03T05:46:05.712479Z  WARN evm::traces: failed to read cache file path="/Users/leo/.foundry/cache/signatures" err=Read { source: Os { code: 2, kind: NotFound, message: "No such file or directory" }, path: "/Users/leo/.foundry/cache/signatures" }
[PASS] test_closedMarketWithoutStopKeepsPoolOnlyDipPolicy() (gas: 6381031)
[PASS] test_dipAfterStopRetiresTheGateForTheNextRung() (gas: 1231115)
[PASS] test_donatedLotsAtCapacityCoalesceWithoutBlockingBookingOrDip() (gas: 17911046)
[PASS] test_dustCleanupSurvivesPendingBookingAtLotCapacity() (gas: 23409456)
[PASS] test_fullBookCannotEraseDistinctCostStopBeforeBuy() (gas: 12870595)
[PASS] test_fullDistinctCostLotsHaveBoundedStopScanGas() (gas: 12982799)
Logs:
  Full distinct-cost execute gas: 816963

[PASS] test_fullDistinctCostLotsRejectBuyWithinGasBudget() (gas: 23016062)
[PASS] test_minimumBookedLotStillExecutesStop() (gas: 644761)
[PASS] test_minimumBookedLotStillExecutesTp1() (gas: 5747634)
[PASS] test_minimumOutputRoundingDustDoesNotBlockLaterStop() (gas: 1215628)
[PASS] test_profitAfterStopReopensDipAtTheProfitRung() (gas: 1346577)
[PASS] test_rebookingReleasedProfitDustDoesNotCountItAsNewStock() (gas: 5874609)
[PASS] test_rebookingReleasedStopDustDoesNotCountItAsNewStock() (gas: 982771)
[PASS] test_stopDustAndDueDipExecuteInTheSameCall() (gas: 1047117)
[PASS] test_stopDustWithoutAnotherDueLotDoesNotClaimASale() (gas: 904676)
[PASS] test_stopNeedsNewReportCooldownAndDeeperPriceBeforeReentry() (gas: 1015484)
[PASS] test_stopTailThatReboundsToTp1DoesNotBlockAnotherProfit() (gas: 1146193)
[PASS] test_stopWinsOverProfitAndDip_andShortFillStillBlocksBuy() (gas: 1142017)
[PASS] test_tinyStopRejectedBeforeDeployment() (gas: 213395)
[PASS] test_tinyTp1RemainderAdvancesStageWithoutClaimingSale() (gas: 5888469)
[PASS] test_unexecutableProfitDustDoesNotBlockLaterProfit() (gas: 6121423)
[PASS] test_unexecutableStopDustDoesNotBlockLaterStop() (gas: 1215804)
[PASS] test_unrepresentableChunkCannotClaimAStop() (gas: 5569270)
[PASS] test_widerMinimumOutputRoundingDustDoesNotBlockLaterStop() (gas: 1216178)
Suite result: ok. 28 passed; 0 failed; 0 skipped; finished in 103.67ms (102.30ms CPU time)
2026-10-03T05:46:05.712958Z  WARN evm::traces: failed to read cache file path="/Users/leo/.foundry/cache/signatures" err=Read { source: Os { code: 2, kind: NotFound, message: "No such file or directory" }, path: "/Users/leo/.foundry/cache/signatures" }
2026-10-03T05:46:05.713570Z  WARN evm::traces: failed to read cache file path="/Users/leo/.foundry/cache/signatures" err=Read { source: Os { code: 2, kind: NotFound, message: "No such file or directory" }, path: "/Users/leo/.foundry/cache/signatures" }
2026-10-03T05:46:05.714047Z  WARN evm::traces: failed to read cache file path="/Users/leo/.foundry/cache/signatures" err=Read { source: Os { code: 2, kind: NotFound, message: "No such file or directory" }, path: "/Users/leo/.foundry/cache/signatures" }
2026-10-03T05:46:05.714487Z  WARN evm::traces: failed to read cache file path="/Users/leo/.foundry/cache/signatures" err=Read { source: Os { code: 2, kind: NotFound, message: "No such file or directory" }, path: "/Users/leo/.foundry/cache/signatures" }
2026-10-03T05:46:05.714919Z  WARN evm::traces: failed to read cache file path="/Users/leo/.foundry/cache/signatures" err=Read { source: Os { code: 2, kind: NotFound, message: "No such file or directory" }, path: "/Users/leo/.foundry/cache/signatures" }
2026-10-03T05:46:05.715361Z  WARN evm::traces: failed to read cache file path="/Users/leo/.foundry/cache/signatures" err=Read { source: Os { code: 2, kind: NotFound, message: "No such file or directory" }, path: "/Users/leo/.foundry/cache/signatures" }
2026-10-03T05:46:05.715797Z  WARN evm::traces: failed to read cache file path="/Users/leo/.foundry/cache/signatures" err=Read { source: Os { code: 2, kind: NotFound, message: "No such file or directory" }, path: "/Users/leo/.foundry/cache/signatures" }
2026-10-03T05:46:05.716229Z  WARN evm::traces: failed to read cache file path="/Users/leo/.foundry/cache/signatures" err=Read { source: Os { code: 2, kind: NotFound, message: "No such file or directory" }, path: "/Users/leo/.foundry/cache/signatures" }
2026-10-03T05:46:05.716945Z  WARN evm::traces: failed to read cache file path="/Users/leo/.foundry/cache/signatures" err=Read { source: Os { code: 2, kind: NotFound, message: "No such file or directory" }, path: "/Users/leo/.foundry/cache/signatures" }
2026-10-03T05:46:05.717415Z  WARN evm::traces: failed to read cache file path="/Users/leo/.foundry/cache/signatures" err=Read { source: Os { code: 2, kind: NotFound, message: "No such file or directory" }, path: "/Users/leo/.foundry/cache/signatures" }
2026-10-03T05:46:05.717882Z  WARN evm::traces: failed to read cache file path="/Users/leo/.foundry/cache/signatures" err=Read { source: Os { code: 2, kind: NotFound, message: "No such file or directory" }, path: "/Users/leo/.foundry/cache/signatures" }
2026-10-03T05:46:05.718346Z  WARN evm::traces: failed to read cache file path="/Users/leo/.foundry/cache/signatures" err=Read { source: Os { code: 2, kind: NotFound, message: "No such file or directory" }, path: "/Users/leo/.foundry/cache/signatures" }
2026-10-03T05:46:05.718906Z  WARN evm::traces: failed to read cache file path="/Users/leo/.foundry/cache/signatures" err=Read { source: Os { code: 2, kind: NotFound, message: "No such file or directory" }, path: "/Users/leo/.foundry/cache/signatures" }
2026-10-03T05:46:05.719506Z  WARN evm::traces: failed to read cache file path="/Users/leo/.foundry/cache/signatures" err=Read { source: Os { code: 2, kind: NotFound, message: "No such file or directory" }, path: "/Users/leo/.foundry/cache/signatures" }
2026-10-03T05:46:05.720132Z  WARN evm::traces: failed to read cache file path="/Users/leo/.foundry/cache/signatures" err=Read { source: Os { code: 2, kind: NotFound, message: "No such file or directory" }, path: "/Users/leo/.foundry/cache/signatures" }
2026-10-03T05:46:05.720600Z  WARN evm::traces: failed to read cache file path="/Users/leo/.foundry/cache/signatures" err=Read { source: Os { code: 2, kind: NotFound, message: "No such file or directory" }, path: "/Users/leo/.foundry/cache/signatures" }
2026-10-03T05:46:05.721441Z  WARN evm::traces: failed to read cache file path="/Users/leo/.foundry/cache/signatures" err=Read { source: Os { code: 2, kind: NotFound, message: "No such file or directory" }, path: "/Users/leo/.foundry/cache/signatures" }
2026-10-03T05:46:05.721672Z  WARN evm::traces: failed to read cache file path="/Users/leo/.foundry/cache/signatures" err=Read { source: Os { code: 2, kind: NotFound, message: "No such file or directory" }, path: "/Users/leo/.foundry/cache/signatures" }
2026-10-03T05:46:05.721891Z  WARN evm::traces: failed to read cache file path="/Users/leo/.foundry/cache/signatures" err=Read { source: Os { code: 2, kind: NotFound, message: "No such file or directory" }, path: "/Users/leo/.foundry/cache/signatures" }
2026-10-03T05:46:05.722103Z  WARN evm::traces: failed to read cache file path="/Users/leo/.foundry/cache/signatures" err=Read { source: Os { code: 2, kind: NotFound, message: "No such file or directory" }, path: "/Users/leo/.foundry/cache/signatures" }
2026-10-03T05:46:05.722317Z  WARN evm::traces: failed to read cache file path="/Users/leo/.foundry/cache/signatures" err=Read { source: Os { code: 2, kind: NotFound, message: "No such file or directory" }, path: "/Users/leo/.foundry/cache/signatures" }
2026-10-03T05:46:05.722536Z  WARN evm::traces: failed to read cache file path="/Users/leo/.foundry/cache/signatures" err=Read { source: Os { code: 2, kind: NotFound, message: "No such file or directory" }, path: "/Users/leo/.foundry/cache/signatures" }
2026-10-03T05:46:05.722745Z  WARN evm::traces: failed to read cache file path="/Users/leo/.foundry/cache/signatures" err=Read { source: Os { code: 2, kind: NotFound, message: "No such file or directory" }, path: "/Users/leo/.foundry/cache/signatures" }
2026-10-03T05:46:05.722953Z  WARN evm::traces: failed to read cache file path="/Users/leo/.foundry/cache/signatures" err=Read { source: Os { code: 2, kind: NotFound, message: "No such file or directory" }, path: "/Users/leo/.foundry/cache/signatures" }
2026-10-03T05:46:05.723163Z  WARN evm::traces: failed to read cache file path="/Users/leo/.foundry/cache/signatures" err=Read { source: Os { code: 2, kind: NotFound, message: "No such file or directory" }, path: "/Users/leo/.foundry/cache/signatures" }
2026-10-03T05:46:05.723383Z  WARN evm::traces: failed to read cache file path="/Users/leo/.foundry/cache/signatures" err=Read { source: Os { code: 2, kind: NotFound, message: "No such file or directory" }, path: "/Users/leo/.foundry/cache/signatures" }
2026-10-03T05:46:05.723607Z  WARN evm::traces: failed to read cache file path="/Users/leo/.foundry/cache/signatures" err=Read { source: Os { code: 2, kind: NotFound, message: "No such file or directory" }, path: "/Users/leo/.foundry/cache/signatures" }
2026-10-03T05:46:05.723822Z  WARN evm::traces: failed to read cache file path="/Users/leo/.foundry/cache/signatures" err=Read { source: Os { code: 2, kind: NotFound, message: "No such file or directory" }, path: "/Users/leo/.foundry/cache/signatures" }
2026-10-03T05:46:05.724037Z  WARN evm::traces: failed to read cache file path="/Users/leo/.foundry/cache/signatures" err=Read { source: Os { code: 2, kind: NotFound, message: "No such file or directory" }, path: "/Users/leo/.foundry/cache/signatures" }
2026-10-03T05:46:05.724251Z  WARN evm::traces: failed to read cache file path="/Users/leo/.foundry/cache/signatures" err=Read { source: Os { code: 2, kind: NotFound, message: "No such file or directory" }, path: "/Users/leo/.foundry/cache/signatures" }
2026-10-03T05:46:05.724467Z  WARN evm::traces: failed to read cache file path="/Users/leo/.foundry/cache/signatures" err=Read { source: Os { code: 2, kind: NotFound, message: "No such file or directory" }, path: "/Users/leo/.foundry/cache/signatures" }
2026-10-03T05:46:05.724677Z  WARN evm::traces: failed to read cache file path="/Users/leo/.foundry/cache/signatures" err=Read { source: Os { code: 2, kind: NotFound, message: "No such file or directory" }, path: "/Users/leo/.foundry/cache/signatures" }
2026-10-03T05:46:05.724891Z  WARN evm::traces: failed to read cache file path="/Users/leo/.foundry/cache/signatures" err=Read { source: Os { code: 2, kind: NotFound, message: "No such file or directory" }, path: "/Users/leo/.foundry/cache/signatures" }
2026-10-03T05:46:05.725104Z  WARN evm::traces: failed to read cache file path="/Users/leo/.foundry/cache/signatures" err=Read { source: Os { code: 2, kind: NotFound, message: "No such file or directory" }, path: "/Users/leo/.foundry/cache/signatures" }
2026-10-03T05:46:05.725320Z  WARN evm::traces: failed to read cache file path="/Users/leo/.foundry/cache/signatures" err=Read { source: Os { code: 2, kind: NotFound, message: "No such file or directory" }, path: "/Users/leo/.foundry/cache/signatures" }
2026-10-03T05:46:05.725531Z  WARN evm::traces: failed to read cache file path="/Users/leo/.foundry/cache/signatures" err=Read { source: Os { code: 2, kind: NotFound, message: "No such file or directory" }, path: "/Users/leo/.foundry/cache/signatures" }
2026-10-03T05:46:05.725743Z  WARN evm::traces: failed to read cache file path="/Users/leo/.foundry/cache/signatures" err=Read { source: Os { code: 2, kind: NotFound, message: "No such file or directory" }, path: "/Users/leo/.foundry/cache/signatures" }
2026-10-03T05:46:05.725957Z  WARN evm::traces: failed to read cache file path="/Users/leo/.foundry/cache/signatures" err=Read { source: Os { code: 2, kind: NotFound, message: "No such file or directory" }, path: "/Users/leo/.foundry/cache/signatures" }
2026-10-03T05:46:05.726169Z  WARN evm::traces: failed to read cache file path="/Users/leo/.foundry/cache/signatures" err=Read { source: Os { code: 2, kind: NotFound, message: "No such file or directory" }, path: "/Users/leo/.foundry/cache/signatures" }
2026-10-03T05:46:05.726383Z  WARN evm::traces: failed to read cache file path="/Users/leo/.foundry/cache/signatures" err=Read { source: Os { code: 2, kind: NotFound, message: "No such file or directory" }, path: "/Users/leo/.foundry/cache/signatures" }
2026-10-03T05:46:05.726600Z  WARN evm::traces: failed to read cache file path="/Users/leo/.foundry/cache/signatures" err=Read { source: Os { code: 2, kind: NotFound, message: "No such file or directory" }, path: "/Users/leo/.foundry/cache/signatures" }
2026-10-03T05:46:05.726817Z  WARN evm::traces: failed to read cache file path="/Users/leo/.foundry/cache/signatures" err=Read { source: Os { code: 2, kind: NotFound, message: "No such file or directory" }, path: "/Users/leo/.foundry/cache/signatures" }
2026-10-03T05:46:05.727034Z  WARN evm::traces: failed to read cache file path="/Users/leo/.foundry/cache/signatures" err=Read { source: Os { code: 2, kind: NotFound, message: "No such file or directory" }, path: "/Users/leo/.foundry/cache/signatures" }
2026-10-03T05:46:05.727252Z  WARN evm::traces: failed to read cache file path="/Users/leo/.foundry/cache/signatures" err=Read { source: Os { code: 2, kind: NotFound, message: "No such file or directory" }, path: "/Users/leo/.foundry/cache/signatures" }
2026-10-03T05:46:05.727464Z  WARN evm::traces: failed to read cache file path="/Users/leo/.foundry/cache/signatures" err=Read { source: Os { code: 2, kind: NotFound, message: "No such file or directory" }, path: "/Users/leo/.foundry/cache/signatures" }
2026-10-03T05:46:05.727680Z  WARN evm::traces: failed to read cache file path="/Users/leo/.foundry/cache/signatures" err=Read { source: Os { code: 2, kind: NotFound, message: "No such file or directory" }, path: "/Users/leo/.foundry/cache/signatures" }
2026-10-03T05:46:05.727893Z  WARN evm::traces: failed to read cache file path="/Users/leo/.foundry/cache/signatures" err=Read { source: Os { code: 2, kind: NotFound, message: "No such file or directory" }, path: "/Users/leo/.foundry/cache/signatures" }
2026-10-03T05:46:05.728106Z  WARN evm::traces: failed to read cache file path="/Users/leo/.foundry/cache/signatures" err=Read { source: Os { code: 2, kind: NotFound, message: "No such file or directory" }, path: "/Users/leo/.foundry/cache/signatures" }
2026-10-03T05:46:05.728318Z  WARN evm::traces: failed to read cache file path="/Users/leo/.foundry/cache/signatures" err=Read { source: Os { code: 2, kind: NotFound, message: "No such file or directory" }, path: "/Users/leo/.foundry/cache/signatures" }
2026-10-03T05:46:05.728533Z  WARN evm::traces: failed to read cache file path="/Users/leo/.foundry/cache/signatures" err=Read { source: Os { code: 2, kind: NotFound, message: "No such file or directory" }, path: "/Users/leo/.foundry/cache/signatures" }
2026-10-03T05:46:05.728747Z  WARN evm::traces: failed to read cache file path="/Users/leo/.foundry/cache/signatures" err=Read { source: Os { code: 2, kind: NotFound, message: "No such file or directory" }, path: "/Users/leo/.foundry/cache/signatures" }
2026-10-03T05:46:05.728962Z  WARN evm::traces: failed to read cache file path="/Users/leo/.foundry/cache/signatures" err=Read { source: Os { code: 2, kind: NotFound, message: "No such file or directory" }, path: "/Users/leo/.foundry/cache/signatures" }
2026-10-03T05:46:05.729173Z  WARN evm::traces: failed to read cache file path="/Users/leo/.foundry/cache/signatures" err=Read { source: Os { code: 2, kind: NotFound, message: "No such file or directory" }, path: "/Users/leo/.foundry/cache/signatures" }
2026-10-03T05:46:05.729385Z  WARN evm::traces: failed to read cache file path="/Users/leo/.foundry/cache/signatures" err=Read { source: Os { code: 2, kind: NotFound, message: "No such file or directory" }, path: "/Users/leo/.foundry/cache/signatures" }
2026-10-03T05:46:05.729595Z  WARN evm::traces: failed to read cache file path="/Users/leo/.foundry/cache/signatures" err=Read { source: Os { code: 2, kind: NotFound, message: "No such file or directory" }, path: "/Users/leo/.foundry/cache/signatures" }
2026-10-03T05:46:05.729805Z  WARN evm::traces: failed to read cache file path="/Users/leo/.foundry/cache/signatures" err=Read { source: Os { code: 2, kind: NotFound, message: "No such file or directory" }, path: "/Users/leo/.foundry/cache/signatures" }
2026-10-03T05:46:05.730016Z  WARN evm::traces: failed to read cache file path="/Users/leo/.foundry/cache/signatures" err=Read { source: Os { code: 2, kind: NotFound, message: "No such file or directory" }, path: "/Users/leo/.foundry/cache/signatures" }
2026-10-03T05:46:05.730226Z  WARN evm::traces: failed to read cache file path="/Users/leo/.foundry/cache/signatures" err=Read { source: Os { code: 2, kind: NotFound, message: "No such file or directory" }, path: "/Users/leo/.foundry/cache/signatures" }
2026-10-03T05:46:05.730443Z  WARN evm::traces: failed to read cache file path="/Users/leo/.foundry/cache/signatures" err=Read { source: Os { code: 2, kind: NotFound, message: "No such file or directory" }, path: "/Users/leo/.foundry/cache/signatures" }
2026-10-03T05:46:05.730658Z  WARN evm::traces: failed to read cache file path="/Users/leo/.foundry/cache/signatures" err=Read { source: Os { code: 2, kind: NotFound, message: "No such file or directory" }, path: "/Users/leo/.foundry/cache/signatures" }
2026-10-03T05:46:05.730868Z  WARN evm::traces: failed to read cache file path="/Users/leo/.foundry/cache/signatures" err=Read { source: Os { code: 2, kind: NotFound, message: "No such file or directory" }, path: "/Users/leo/.foundry/cache/signatures" }
2026-10-03T05:46:05.731080Z  WARN evm::traces: failed to read cache file path="/Users/leo/.foundry/cache/signatures" err=Read { source: Os { code: 2, kind: NotFound, message: "No such file or directory" }, path: "/Users/leo/.foundry/cache/signatures" }
2026-10-03T05:46:05.731293Z  WARN evm::traces: failed to read cache file path="/Users/leo/.foundry/cache/signatures" err=Read { source: Os { code: 2, kind: NotFound, message: "No such file or directory" }, path: "/Users/leo/.foundry/cache/signatures" }
2026-10-03T05:46:05.731509Z  WARN evm::traces: failed to read cache file path="/Users/leo/.foundry/cache/signatures" err=Read { source: Os { code: 2, kind: NotFound, message: "No such file or directory" }, path: "/Users/leo/.foundry/cache/signatures" }
2026-10-03T05:46:05.731716Z  WARN evm::traces: failed to read cache file path="/Users/leo/.foundry/cache/signatures" err=Read { source: Os { code: 2, kind: NotFound, message: "No such file or directory" }, path: "/Users/leo/.foundry/cache/signatures" }
2026-10-03T05:46:05.731925Z  WARN evm::traces: failed to read cache file path="/Users/leo/.foundry/cache/signatures" err=Read { source: Os { code: 2, kind: NotFound, message: "No such file or directory" }, path: "/Users/leo/.foundry/cache/signatures" }
2026-10-03T05:46:05.732140Z  WARN evm::traces: failed to read cache file path="/Users/leo/.foundry/cache/signatures" err=Read { source: Os { code: 2, kind: NotFound, message: "No such file or directory" }, path: "/Users/leo/.foundry/cache/signatures" }
2026-10-03T05:46:05.732354Z  WARN evm::traces: failed to read cache file path="/Users/leo/.foundry/cache/signatures" err=Read { source: Os { code: 2, kind: NotFound, message: "No such file or directory" }, path: "/Users/leo/.foundry/cache/signatures" }
2026-10-03T05:46:05.732565Z  WARN evm::traces: failed to read cache file path="/Users/leo/.foundry/cache/signatures" err=Read { source: Os { code: 2, kind: NotFound, message: "No such file or directory" }, path: "/Users/leo/.foundry/cache/signatures" }
2026-10-03T05:46:05.732771Z  WARN evm::traces: failed to read cache file path="/Users/leo/.foundry/cache/signatures" err=Read { source: Os { code: 2, kind: NotFound, message: "No such file or directory" }, path: "/Users/leo/.foundry/cache/signatures" }
2026-10-03T05:46:05.732982Z  WARN evm::traces: failed to read cache file path="/Users/leo/.foundry/cache/signatures" err=Read { source: Os { code: 2, kind: NotFound, message: "No such file or directory" }, path: "/Users/leo/.foundry/cache/signatures" }
2026-10-03T05:46:05.733197Z  WARN evm::traces: failed to read cache file path="/Users/leo/.foundry/cache/signatures" err=Read { source: Os { code: 2, kind: NotFound, message: "No such file or directory" }, path: "/Users/leo/.foundry/cache/signatures" }
2026-10-03T05:46:05.733411Z  WARN evm::traces: failed to read cache file path="/Users/leo/.foundry/cache/signatures" err=Read { source: Os { code: 2, kind: NotFound, message: "No such file or directory" }, path: "/Users/leo/.foundry/cache/signatures" }
2026-10-03T05:46:05.733623Z  WARN evm::traces: failed to read cache file path="/Users/leo/.foundry/cache/signatures" err=Read { source: Os { code: 2, kind: NotFound, message: "No such file or directory" }, path: "/Users/leo/.foundry/cache/signatures" }
2026-10-03T05:46:05.733839Z  WARN evm::traces: failed to read cache file path="/Users/leo/.foundry/cache/signatures" err=Read { source: Os { code: 2, kind: NotFound, message: "No such file or directory" }, path: "/Users/leo/.foundry/cache/signatures" }
2026-10-03T05:46:05.734053Z  WARN evm::traces: failed to read cache file path="/Users/leo/.foundry/cache/signatures" err=Read { source: Os { code: 2, kind: NotFound, message: "No such file or directory" }, path: "/Users/leo/.foundry/cache/signatures" }
2026-10-03T05:46:05.734264Z  WARN evm::traces: failed to read cache file path="/Users/leo/.foundry/cache/signatures" err=Read { source: Os { code: 2, kind: NotFound, message: "No such file or directory" }, path: "/Users/leo/.foundry/cache/signatures" }
2026-10-03T05:46:05.734472Z  WARN evm::traces: failed to read cache file path="/Users/leo/.foundry/cache/signatures" err=Read { source: Os { code: 2, kind: NotFound, message: "No such file or directory" }, path: "/Users/leo/.foundry/cache/signatures" }
2026-10-03T05:46:05.734679Z  WARN evm::traces: failed to read cache file path="/Users/leo/.foundry/cache/signatures" err=Read { source: Os { code: 2, kind: NotFound, message: "No such file or directory" }, path: "/Users/leo/.foundry/cache/signatures" }
2026-10-03T05:46:05.734888Z  WARN evm::traces: failed to read cache file path="/Users/leo/.foundry/cache/signatures" err=Read { source: Os { code: 2, kind: NotFound, message: "No such file or directory" }, path: "/Users/leo/.foundry/cache/signatures" }
2026-10-03T05:46:05.735106Z  WARN evm::traces: failed to read cache file path="/Users/leo/.foundry/cache/signatures" err=Read { source: Os { code: 2, kind: NotFound, message: "No such file or directory" }, path: "/Users/leo/.foundry/cache/signatures" }
2026-10-03T05:46:05.735318Z  WARN evm::traces: failed to read cache file path="/Users/leo/.foundry/cache/signatures" err=Read { source: Os { code: 2, kind: NotFound, message: "No such file or directory" }, path: "/Users/leo/.foundry/cache/signatures" }
2026-10-03T05:46:05.735532Z  WARN evm::traces: failed to read cache file path="/Users/leo/.foundry/cache/signatures" err=Read { source: Os { code: 2, kind: NotFound, message: "No such file or directory" }, path: "/Users/leo/.foundry/cache/signatures" }
2026-10-03T05:46:05.735742Z  WARN evm::traces: failed to read cache file path="/Users/leo/.foundry/cache/signatures" err=Read { source: Os { code: 2, kind: NotFound, message: "No such file or directory" }, path: "/Users/leo/.foundry/cache/signatures" }
2026-10-03T05:46:05.735951Z  WARN evm::traces: failed to read cache file path="/Users/leo/.foundry/cache/signatures" err=Read { source: Os { code: 2, kind: NotFound, message: "No such file or directory" }, path: "/Users/leo/.foundry/cache/signatures" }
2026-10-03T05:46:05.736159Z  WARN evm::traces: failed to read cache file path="/Users/leo/.foundry/cache/signatures" err=Read { source: Os { code: 2, kind: NotFound, message: "No such file or directory" }, path: "/Users/leo/.foundry/cache/signatures" }
2026-10-03T05:46:05.736369Z  WARN evm::traces: failed to read cache file path="/Users/leo/.foundry/cache/signatures" err=Read { source: Os { code: 2, kind: NotFound, message: "No such file or directory" }, path: "/Users/leo/.foundry/cache/signatures" }
2026-10-03T05:46:05.736576Z  WARN evm::traces: failed to read cache file path="/Users/leo/.foundry/cache/signatures" err=Read { source: Os { code: 2, kind: NotFound, message: "No such file or directory" }, path: "/Users/leo/.foundry/cache/signatures" }
2026-10-03T05:46:05.736792Z  WARN evm::traces: failed to read cache file path="/Users/leo/.foundry/cache/signatures" err=Read { source: Os { code: 2, kind: NotFound, message: "No such file or directory" }, path: "/Users/leo/.foundry/cache/signatures" }
2026-10-03T05:46:05.737007Z  WARN evm::traces: failed to read cache file path="/Users/leo/.foundry/cache/signatures" err=Read { source: Os { code: 2, kind: NotFound, message: "No such file or directory" }, path: "/Users/leo/.foundry/cache/signatures" }
2026-10-03T05:46:05.737223Z  WARN evm::traces: failed to read cache file path="/Users/leo/.foundry/cache/signatures" err=Read { source: Os { code: 2, kind: NotFound, message: "No such file or directory" }, path: "/Users/leo/.foundry/cache/signatures" }
2026-10-03T05:46:05.737437Z  WARN evm::traces: failed to read cache file path="/Users/leo/.foundry/cache/signatures" err=Read { source: Os { code: 2, kind: NotFound, message: "No such file or directory" }, path: "/Users/leo/.foundry/cache/signatures" }
2026-10-03T05:46:05.737648Z  WARN evm::traces: failed to read cache file path="/Users/leo/.foundry/cache/signatures" err=Read { source: Os { code: 2, kind: NotFound, message: "No such file or directory" }, path: "/Users/leo/.foundry/cache/signatures" }
2026-10-03T05:46:05.737854Z  WARN evm::traces: failed to read cache file path="/Users/leo/.foundry/cache/signatures" err=Read { source: Os { code: 2, kind: NotFound, message: "No such file or directory" }, path: "/Users/leo/.foundry/cache/signatures" }
2026-10-03T05:46:05.738064Z  WARN evm::traces: failed to read cache file path="/Users/leo/.foundry/cache/signatures" err=Read { source: Os { code: 2, kind: NotFound, message: "No such file or directory" }, path: "/Users/leo/.foundry/cache/signatures" }
2026-10-03T05:46:05.738276Z  WARN evm::traces: failed to read cache file path="/Users/leo/.foundry/cache/signatures" err=Read { source: Os { code: 2, kind: NotFound, message: "No such file or directory" }, path: "/Users/leo/.foundry/cache/signatures" }
2026-10-03T05:46:05.738482Z  WARN evm::traces: failed to read cache file path="/Users/leo/.foundry/cache/signatures" err=Read { source: Os { code: 2, kind: NotFound, message: "No such file or directory" }, path: "/Users/leo/.foundry/cache/signatures" }
2026-10-03T05:46:05.738695Z  WARN evm::traces: failed to read cache file path="/Users/leo/.foundry/cache/signatures" err=Read { source: Os { code: 2, kind: NotFound, message: "No such file or directory" }, path: "/Users/leo/.foundry/cache/signatures" }
2026-10-03T05:46:05.738904Z  WARN evm::traces: failed to read cache file path="/Users/leo/.foundry/cache/signatures" err=Read { source: Os { code: 2, kind: NotFound, message: "No such file or directory" }, path: "/Users/leo/.foundry/cache/signatures" }
2026-10-03T05:46:05.739115Z  WARN evm::traces: failed to read cache file path="/Users/leo/.foundry/cache/signatures" err=Read { source: Os { code: 2, kind: NotFound, message: "No such file or directory" }, path: "/Users/leo/.foundry/cache/signatures" }
2026-10-03T05:46:05.739328Z  WARN evm::traces: failed to read cache file path="/Users/leo/.foundry/cache/signatures" err=Read { source: Os { code: 2, kind: NotFound, message: "No such file or directory" }, path: "/Users/leo/.foundry/cache/signatures" }
2026-10-03T05:46:05.739542Z  WARN evm::traces: failed to read cache file path="/Users/leo/.foundry/cache/signatures" err=Read { source: Os { code: 2, kind: NotFound, message: "No such file or directory" }, path: "/Users/leo/.foundry/cache/signatures" }
2026-10-03T05:46:05.739756Z  WARN evm::traces: failed to read cache file path="/Users/leo/.foundry/cache/signatures" err=Read { source: Os { code: 2, kind: NotFound, message: "No such file or directory" }, path: "/Users/leo/.foundry/cache/signatures" }
2026-10-03T05:46:05.739966Z  WARN evm::traces: failed to read cache file path="/Users/leo/.foundry/cache/signatures" err=Read { source: Os { code: 2, kind: NotFound, message: "No such file or directory" }, path: "/Users/leo/.foundry/cache/signatures" }
2026-10-03T05:46:05.740174Z  WARN evm::traces: failed to read cache file path="/Users/leo/.foundry/cache/signatures" err=Read { source: Os { code: 2, kind: NotFound, message: "No such file or directory" }, path: "/Users/leo/.foundry/cache/signatures" }
2026-10-03T05:46:05.740388Z  WARN evm::traces: failed to read cache file path="/Users/leo/.foundry/cache/signatures" err=Read { source: Os { code: 2, kind: NotFound, message: "No such file or directory" }, path: "/Users/leo/.foundry/cache/signatures" }
2026-10-03T05:46:05.740603Z  WARN evm::traces: failed to read cache file path="/Users/leo/.foundry/cache/signatures" err=Read { source: Os { code: 2, kind: NotFound, message: "No such file or directory" }, path: "/Users/leo/.foundry/cache/signatures" }
2026-10-03T05:46:05.740819Z  WARN evm::traces: failed to read cache file path="/Users/leo/.foundry/cache/signatures" err=Read { source: Os { code: 2, kind: NotFound, message: "No such file or directory" }, path: "/Users/leo/.foundry/cache/signatures" }
2026-10-03T05:46:05.741030Z  WARN evm::traces: failed to read cache file path="/Users/leo/.foundry/cache/signatures" err=Read { source: Os { code: 2, kind: NotFound, message: "No such file or directory" }, path: "/Users/leo/.foundry/cache/signatures" }
2026-10-03T05:46:05.741241Z  WARN evm::traces: failed to read cache file path="/Users/leo/.foundry/cache/signatures" err=Read { source: Os { code: 2, kind: NotFound, message: "No such file or directory" }, path: "/Users/leo/.foundry/cache/signatures" }

Ran 1 test for test/V2Emergency.t.sol:V2EmergencyTest
[PASS] test_haltAndDelistDoNotTrapCurveFundsOrBlockGraduation() (gas: 112991546)
Suite result: ok. 1 passed; 0 failed; 0 skipped; finished in 138.54ms (137.61ms CPU time)
2026-10-03T05:46:05.741455Z  WARN evm::traces: failed to read cache file path="/Users/leo/.foundry/cache/signatures" err=Read { source: Os { code: 2, kind: NotFound, message: "No such file or directory" }, path: "/Users/leo/.foundry/cache/signatures" }
2026-10-03T05:46:05.741674Z  WARN evm::traces: failed to read cache file path="/Users/leo/.foundry/cache/signatures" err=Read { source: Os { code: 2, kind: NotFound, message: "No such file or directory" }, path: "/Users/leo/.foundry/cache/signatures" }
2026-10-03T05:46:05.741888Z  WARN evm::traces: failed to read cache file path="/Users/leo/.foundry/cache/signatures" err=Read { source: Os { code: 2, kind: NotFound, message: "No such file or directory" }, path: "/Users/leo/.foundry/cache/signatures" }
2026-10-03T05:46:05.742104Z  WARN evm::traces: failed to read cache file path="/Users/leo/.foundry/cache/signatures" err=Read { source: Os { code: 2, kind: NotFound, message: "No such file or directory" }, path: "/Users/leo/.foundry/cache/signatures" }
2026-10-03T05:46:05.742315Z  WARN evm::traces: failed to read cache file path="/Users/leo/.foundry/cache/signatures" err=Read { source: Os { code: 2, kind: NotFound, message: "No such file or directory" }, path: "/Users/leo/.foundry/cache/signatures" }
2026-10-03T05:46:05.742532Z  WARN evm::traces: failed to read cache file path="/Users/leo/.foundry/cache/signatures" err=Read { source: Os { code: 2, kind: NotFound, message: "No such file or directory" }, path: "/Users/leo/.foundry/cache/signatures" }
2026-10-03T05:46:05.742747Z  WARN evm::traces: failed to read cache file path="/Users/leo/.foundry/cache/signatures" err=Read { source: Os { code: 2, kind: NotFound, message: "No such file or directory" }, path: "/Users/leo/.foundry/cache/signatures" }
2026-10-03T05:46:05.742959Z  WARN evm::traces: failed to read cache file path="/Users/leo/.foundry/cache/signatures" err=Read { source: Os { code: 2, kind: NotFound, message: "No such file or directory" }, path: "/Users/leo/.foundry/cache/signatures" }
2026-10-03T05:46:05.743173Z  WARN evm::traces: failed to read cache file path="/Users/leo/.foundry/cache/signatures" err=Read { source: Os { code: 2, kind: NotFound, message: "No such file or directory" }, path: "/Users/leo/.foundry/cache/signatures" }
2026-10-03T05:46:05.743387Z  WARN evm::traces: failed to read cache file path="/Users/leo/.foundry/cache/signatures" err=Read { source: Os { code: 2, kind: NotFound, message: "No such file or directory" }, path: "/Users/leo/.foundry/cache/signatures" }
2026-10-03T05:46:05.743602Z  WARN evm::traces: failed to read cache file path="/Users/leo/.foundry/cache/signatures" err=Read { source: Os { code: 2, kind: NotFound, message: "No such file or directory" }, path: "/Users/leo/.foundry/cache/signatures" }
2026-10-03T05:46:05.743815Z  WARN evm::traces: failed to read cache file path="/Users/leo/.foundry/cache/signatures" err=Read { source: Os { code: 2, kind: NotFound, message: "No such file or directory" }, path: "/Users/leo/.foundry/cache/signatures" }
2026-10-03T05:46:05.744032Z  WARN evm::traces: failed to read cache file path="/Users/leo/.foundry/cache/signatures" err=Read { source: Os { code: 2, kind: NotFound, message: "No such file or directory" }, path: "/Users/leo/.foundry/cache/signatures" }
2026-10-03T05:46:05.744248Z  WARN evm::traces: failed to read cache file path="/Users/leo/.foundry/cache/signatures" err=Read { source: Os { code: 2, kind: NotFound, message: "No such file or directory" }, path: "/Users/leo/.foundry/cache/signatures" }
2026-10-03T05:46:05.744466Z  WARN evm::traces: failed to read cache file path="/Users/leo/.foundry/cache/signatures" err=Read { source: Os { code: 2, kind: NotFound, message: "No such file or directory" }, path: "/Users/leo/.foundry/cache/signatures" }
2026-10-03T05:46:05.744686Z  WARN evm::traces: failed to read cache file path="/Users/leo/.foundry/cache/signatures" err=Read { source: Os { code: 2, kind: NotFound, message: "No such file or directory" }, path: "/Users/leo/.foundry/cache/signatures" }

Ran 2 tests for test/V2MarketBuyScenarios.t.sol:V2MarketBuyScenariosTest
[PASS] testFourWalletBuyWaveGraduationRefundAndAtomicFailure() (gas: 6036935)
Logs:
  Scenario buy-wave pregraduation raw index spent out 0 9999999999999999999 152542372881355932203389
  Scenario buy-wave pregraduation raw index spent out 1 9999999999999999999 112163509471585244267199
  Scenario buy-wave pregraduation raw index spent out 2 9999999999999999999 85943468296409472880061
  Scenario buy-wave graduation raw budget spent refund 1000000000000000000000 192222222222222222222 807777777777777777778
  Scenario buy-wave graduation raw out curveTax lpLiquidity 449350649350649350649351 0 2828427124746190101923

[PASS] testFourWalletBuyWaveOrderChangesWalletOutcomeNotAggregate() (gas: 1032506)
Logs:
  Scenario buy-wave step raw index spent out 0 9999999999999999999 152542372881355932203389
  Scenario buy-wave step raw walletIndex burn spot 0 0 69619999999999
  Scenario buy-wave step raw index spent out 1 9999999999999999999 112163509471585244267199
  Scenario buy-wave step raw walletIndex burn spot 1 0 92479999999999
  Scenario buy-wave step raw index spent out 2 9999999999999999999 85943468296409472880061
  Scenario buy-wave step raw walletIndex burn spot 2 0 118579999999999
  Scenario buy-wave step raw index spent out 3 9999999999999999999 67955300513440048323769
  Scenario buy-wave step raw walletIndex burn spot 3 0 147919999999999
  Scenario buy-wave step raw index spent out 0 9999999999999999999 152542372881355932203389
  Scenario buy-wave step raw walletIndex burn spot 3 0 69619999999999
  Scenario buy-wave step raw index spent out 1 9999999999999999999 112163509471585244267199
  Scenario buy-wave step raw walletIndex burn spot 2 0 92479999999999
  Scenario buy-wave step raw index spent out 2 9999999999999999999 85943468296409472880061
  Scenario buy-wave step raw walletIndex burn spot 1 0 118579999999999
  Scenario buy-wave step raw index spent out 3 9999999999999999999 67955300513440048323769
  Scenario buy-wave step raw walletIndex burn spot 0 0 147919999999999
  Scenario buy-wave order raw firstWalletAdvantage 84587072367915883879620
  Scenario buy-wave order raw aggregateSpent aggregateBurn 39999999999999999996 0

Suite result: ok. 2 passed; 0 failed; 0 skipped; finished in 129.62ms (2.22ms CPU time)
2026-10-03T05:46:05.744904Z  WARN evm::traces: failed to read cache file path="/Users/leo/.foundry/cache/signatures" err=Read { source: Os { code: 2, kind: NotFound, message: "No such file or directory" }, path: "/Users/leo/.foundry/cache/signatures" }
2026-10-03T05:46:05.746281Z  WARN evm::traces: failed to read cache file path="/Users/leo/.foundry/cache/signatures" err=Read { source: Os { code: 2, kind: NotFound, message: "No such file or directory" }, path: "/Users/leo/.foundry/cache/signatures" }
2026-10-03T05:46:05.746530Z  WARN evm::traces: failed to read cache file path="/Users/leo/.foundry/cache/signatures" err=Read { source: Os { code: 2, kind: NotFound, message: "No such file or directory" }, path: "/Users/leo/.foundry/cache/signatures" }
2026-10-03T05:46:05.746755Z  WARN evm::traces: failed to read cache file path="/Users/leo/.foundry/cache/signatures" err=Read { source: Os { code: 2, kind: NotFound, message: "No such file or directory" }, path: "/Users/leo/.foundry/cache/signatures" }
2026-10-03T05:46:05.746974Z  WARN evm::traces: failed to read cache file path="/Users/leo/.foundry/cache/signatures" err=Read { source: Os { code: 2, kind: NotFound, message: "No such file or directory" }, path: "/Users/leo/.foundry/cache/signatures" }
2026-10-03T05:46:05.747194Z  WARN evm::traces: failed to read cache file path="/Users/leo/.foundry/cache/signatures" err=Read { source: Os { code: 2, kind: NotFound, message: "No such file or directory" }, path: "/Users/leo/.foundry/cache/signatures" }
2026-10-03T05:46:05.747415Z  WARN evm::traces: failed to read cache file path="/Users/leo/.foundry/cache/signatures" err=Read { source: Os { code: 2, kind: NotFound, message: "No such file or directory" }, path: "/Users/leo/.foundry/cache/signatures" }
2026-10-03T05:46:05.747634Z  WARN evm::traces: failed to read cache file path="/Users/leo/.foundry/cache/signatures" err=Read { source: Os { code: 2, kind: NotFound, message: "No such file or directory" }, path: "/Users/leo/.foundry/cache/signatures" }
2026-10-03T05:46:05.747854Z  WARN evm::traces: failed to read cache file path="/Users/leo/.foundry/cache/signatures" err=Read { source: Os { code: 2, kind: NotFound, message: "No such file or directory" }, path: "/Users/leo/.foundry/cache/signatures" }
2026-10-03T05:46:05.748074Z  WARN evm::traces: failed to read cache file path="/Users/leo/.foundry/cache/signatures" err=Read { source: Os { code: 2, kind: NotFound, message: "No such file or directory" }, path: "/Users/leo/.foundry/cache/signatures" }
2026-10-03T05:46:05.748290Z  WARN evm::traces: failed to read cache file path="/Users/leo/.foundry/cache/signatures" err=Read { source: Os { code: 2, kind: NotFound, message: "No such file or directory" }, path: "/Users/leo/.foundry/cache/signatures" }
2026-10-03T05:46:05.748502Z  WARN evm::traces: failed to read cache file path="/Users/leo/.foundry/cache/signatures" err=Read { source: Os { code: 2, kind: NotFound, message: "No such file or directory" }, path: "/Users/leo/.foundry/cache/signatures" }
2026-10-03T05:46:05.748717Z  WARN evm::traces: failed to read cache file path="/Users/leo/.foundry/cache/signatures" err=Read { source: Os { code: 2, kind: NotFound, message: "No such file or directory" }, path: "/Users/leo/.foundry/cache/signatures" }
2026-10-03T05:46:05.748933Z  WARN evm::traces: failed to read cache file path="/Users/leo/.foundry/cache/signatures" err=Read { source: Os { code: 2, kind: NotFound, message: "No such file or directory" }, path: "/Users/leo/.foundry/cache/signatures" }
2026-10-03T05:46:05.749149Z  WARN evm::traces: failed to read cache file path="/Users/leo/.foundry/cache/signatures" err=Read { source: Os { code: 2, kind: NotFound, message: "No such file or directory" }, path: "/Users/leo/.foundry/cache/signatures" }
2026-10-03T05:46:05.749366Z  WARN evm::traces: failed to read cache file path="/Users/leo/.foundry/cache/signatures" err=Read { source: Os { code: 2, kind: NotFound, message: "No such file or directory" }, path: "/Users/leo/.foundry/cache/signatures" }
2026-10-03T05:46:05.749581Z  WARN evm::traces: failed to read cache file path="/Users/leo/.foundry/cache/signatures" err=Read { source: Os { code: 2, kind: NotFound, message: "No such file or directory" }, path: "/Users/leo/.foundry/cache/signatures" }
2026-10-03T05:46:05.749797Z  WARN evm::traces: failed to read cache file path="/Users/leo/.foundry/cache/signatures" err=Read { source: Os { code: 2, kind: NotFound, message: "No such file or directory" }, path: "/Users/leo/.foundry/cache/signatures" }
2026-10-03T05:46:05.750011Z  WARN evm::traces: failed to read cache file path="/Users/leo/.foundry/cache/signatures" err=Read { source: Os { code: 2, kind: NotFound, message: "No such file or directory" }, path: "/Users/leo/.foundry/cache/signatures" }
2026-10-03T05:46:05.750224Z  WARN evm::traces: failed to read cache file path="/Users/leo/.foundry/cache/signatures" err=Read { source: Os { code: 2, kind: NotFound, message: "No such file or directory" }, path: "/Users/leo/.foundry/cache/signatures" }
2026-10-03T05:46:05.750437Z  WARN evm::traces: failed to read cache file path="/Users/leo/.foundry/cache/signatures" err=Read { source: Os { code: 2, kind: NotFound, message: "No such file or directory" }, path: "/Users/leo/.foundry/cache/signatures" }
2026-10-03T05:46:05.750649Z  WARN evm::traces: failed to read cache file path="/Users/leo/.foundry/cache/signatures" err=Read { source: Os { code: 2, kind: NotFound, message: "No such file or directory" }, path: "/Users/leo/.foundry/cache/signatures" }
2026-10-03T05:46:05.750861Z  WARN evm::traces: failed to read cache file path="/Users/leo/.foundry/cache/signatures" err=Read { source: Os { code: 2, kind: NotFound, message: "No such file or directory" }, path: "/Users/leo/.foundry/cache/signatures" }
2026-10-03T05:46:05.751075Z  WARN evm::traces: failed to read cache file path="/Users/leo/.foundry/cache/signatures" err=Read { source: Os { code: 2, kind: NotFound, message: "No such file or directory" }, path: "/Users/leo/.foundry/cache/signatures" }
2026-10-03T05:46:05.751292Z  WARN evm::traces: failed to read cache file path="/Users/leo/.foundry/cache/signatures" err=Read { source: Os { code: 2, kind: NotFound, message: "No such file or directory" }, path: "/Users/leo/.foundry/cache/signatures" }
2026-10-03T05:46:05.751508Z  WARN evm::traces: failed to read cache file path="/Users/leo/.foundry/cache/signatures" err=Read { source: Os { code: 2, kind: NotFound, message: "No such file or directory" }, path: "/Users/leo/.foundry/cache/signatures" }
2026-10-03T05:46:05.751719Z  WARN evm::traces: failed to read cache file path="/Users/leo/.foundry/cache/signatures" err=Read { source: Os { code: 2, kind: NotFound, message: "No such file or directory" }, path: "/Users/leo/.foundry/cache/signatures" }
2026-10-03T05:46:05.751931Z  WARN evm::traces: failed to read cache file path="/Users/leo/.foundry/cache/signatures" err=Read { source: Os { code: 2, kind: NotFound, message: "No such file or directory" }, path: "/Users/leo/.foundry/cache/signatures" }
2026-10-03T05:46:05.752145Z  WARN evm::traces: failed to read cache file path="/Users/leo/.foundry/cache/signatures" err=Read { source: Os { code: 2, kind: NotFound, message: "No such file or directory" }, path: "/Users/leo/.foundry/cache/signatures" }
2026-10-03T05:46:05.752364Z  WARN evm::traces: failed to read cache file path="/Users/leo/.foundry/cache/signatures" err=Read { source: Os { code: 2, kind: NotFound, message: "No such file or directory" }, path: "/Users/leo/.foundry/cache/signatures" }
2026-10-03T05:46:05.752582Z  WARN evm::traces: failed to read cache file path="/Users/leo/.foundry/cache/signatures" err=Read { source: Os { code: 2, kind: NotFound, message: "No such file or directory" }, path: "/Users/leo/.foundry/cache/signatures" }
2026-10-03T05:46:05.752799Z  WARN evm::traces: failed to read cache file path="/Users/leo/.foundry/cache/signatures" err=Read { source: Os { code: 2, kind: NotFound, message: "No such file or directory" }, path: "/Users/leo/.foundry/cache/signatures" }
2026-10-03T05:46:05.753012Z  WARN evm::traces: failed to read cache file path="/Users/leo/.foundry/cache/signatures" err=Read { source: Os { code: 2, kind: NotFound, message: "No such file or directory" }, path: "/Users/leo/.foundry/cache/signatures" }
2026-10-03T05:46:05.753220Z  WARN evm::traces: failed to read cache file path="/Users/leo/.foundry/cache/signatures" err=Read { source: Os { code: 2, kind: NotFound, message: "No such file or directory" }, path: "/Users/leo/.foundry/cache/signatures" }
2026-10-03T05:46:05.753429Z  WARN evm::traces: failed to read cache file path="/Users/leo/.foundry/cache/signatures" err=Read { source: Os { code: 2, kind: NotFound, message: "No such file or directory" }, path: "/Users/leo/.foundry/cache/signatures" }
2026-10-03T05:46:05.753644Z  WARN evm::traces: failed to read cache file path="/Users/leo/.foundry/cache/signatures" err=Read { source: Os { code: 2, kind: NotFound, message: "No such file or directory" }, path: "/Users/leo/.foundry/cache/signatures" }
2026-10-03T05:46:05.753855Z  WARN evm::traces: failed to read cache file path="/Users/leo/.foundry/cache/signatures" err=Read { source: Os { code: 2, kind: NotFound, message: "No such file or directory" }, path: "/Users/leo/.foundry/cache/signatures" }
2026-10-03T05:46:05.754073Z  WARN evm::traces: failed to read cache file path="/Users/leo/.foundry/cache/signatures" err=Read { source: Os { code: 2, kind: NotFound, message: "No such file or directory" }, path: "/Users/leo/.foundry/cache/signatures" }
2026-10-03T05:46:05.754335Z  WARN evm::traces: failed to read cache file path="/Users/leo/.foundry/cache/signatures" err=Read { source: Os { code: 2, kind: NotFound, message: "No such file or directory" }, path: "/Users/leo/.foundry/cache/signatures" }
2026-10-03T05:46:05.754560Z  WARN evm::traces: failed to read cache file path="/Users/leo/.foundry/cache/signatures" err=Read { source: Os { code: 2, kind: NotFound, message: "No such file or directory" }, path: "/Users/leo/.foundry/cache/signatures" }
2026-10-03T05:46:05.754776Z  WARN evm::traces: failed to read cache file path="/Users/leo/.foundry/cache/signatures" err=Read { source: Os { code: 2, kind: NotFound, message: "No such file or directory" }, path: "/Users/leo/.foundry/cache/signatures" }
2026-10-03T05:46:05.754995Z  WARN evm::traces: failed to read cache file path="/Users/leo/.foundry/cache/signatures" err=Read { source: Os { code: 2, kind: NotFound, message: "No such file or directory" }, path: "/Users/leo/.foundry/cache/signatures" }
2026-10-03T05:46:05.755212Z  WARN evm::traces: failed to read cache file path="/Users/leo/.foundry/cache/signatures" err=Read { source: Os { code: 2, kind: NotFound, message: "No such file or directory" }, path: "/Users/leo/.foundry/cache/signatures" }
2026-10-03T05:46:05.755431Z  WARN evm::traces: failed to read cache file path="/Users/leo/.foundry/cache/signatures" err=Read { source: Os { code: 2, kind: NotFound, message: "No such file or directory" }, path: "/Users/leo/.foundry/cache/signatures" }
2026-10-03T05:46:05.755643Z  WARN evm::traces: failed to read cache file path="/Users/leo/.foundry/cache/signatures" err=Read { source: Os { code: 2, kind: NotFound, message: "No such file or directory" }, path: "/Users/leo/.foundry/cache/signatures" }
2026-10-03T05:46:05.755856Z  WARN evm::traces: failed to read cache file path="/Users/leo/.foundry/cache/signatures" err=Read { source: Os { code: 2, kind: NotFound, message: "No such file or directory" }, path: "/Users/leo/.foundry/cache/signatures" }
2026-10-03T05:46:05.756070Z  WARN evm::traces: failed to read cache file path="/Users/leo/.foundry/cache/signatures" err=Read { source: Os { code: 2, kind: NotFound, message: "No such file or directory" }, path: "/Users/leo/.foundry/cache/signatures" }
2026-10-03T05:46:05.756277Z  WARN evm::traces: failed to read cache file path="/Users/leo/.foundry/cache/signatures" err=Read { source: Os { code: 2, kind: NotFound, message: "No such file or directory" }, path: "/Users/leo/.foundry/cache/signatures" }
2026-10-03T05:46:05.756490Z  WARN evm::traces: failed to read cache file path="/Users/leo/.foundry/cache/signatures" err=Read { source: Os { code: 2, kind: NotFound, message: "No such file or directory" }, path: "/Users/leo/.foundry/cache/signatures" }
2026-10-03T05:46:05.756702Z  WARN evm::traces: failed to read cache file path="/Users/leo/.foundry/cache/signatures" err=Read { source: Os { code: 2, kind: NotFound, message: "No such file or directory" }, path: "/Users/leo/.foundry/cache/signatures" }
2026-10-03T05:46:05.762252Z  WARN evm::traces: failed to read cache file path="/Users/leo/.foundry/cache/signatures" err=Read { source: Os { code: 2, kind: NotFound, message: "No such file or directory" }, path: "/Users/leo/.foundry/cache/signatures" }
2026-10-03T05:46:05.763969Z  WARN evm::traces: failed to read cache file path="/Users/leo/.foundry/cache/signatures" err=Read { source: Os { code: 2, kind: NotFound, message: "No such file or directory" }, path: "/Users/leo/.foundry/cache/signatures" }
2026-10-03T05:46:05.764207Z  WARN evm::traces: failed to read cache file path="/Users/leo/.foundry/cache/signatures" err=Read { source: Os { code: 2, kind: NotFound, message: "No such file or directory" }, path: "/Users/leo/.foundry/cache/signatures" }
2026-10-03T05:46:05.764424Z  WARN evm::traces: failed to read cache file path="/Users/leo/.foundry/cache/signatures" err=Read { source: Os { code: 2, kind: NotFound, message: "No such file or directory" }, path: "/Users/leo/.foundry/cache/signatures" }
2026-10-03T05:46:05.764642Z  WARN evm::traces: failed to read cache file path="/Users/leo/.foundry/cache/signatures" err=Read { source: Os { code: 2, kind: NotFound, message: "No such file or directory" }, path: "/Users/leo/.foundry/cache/signatures" }
2026-10-03T05:46:05.764857Z  WARN evm::traces: failed to read cache file path="/Users/leo/.foundry/cache/signatures" err=Read { source: Os { code: 2, kind: NotFound, message: "No such file or directory" }, path: "/Users/leo/.foundry/cache/signatures" }
2026-10-03T05:46:05.765078Z  WARN evm::traces: failed to read cache file path="/Users/leo/.foundry/cache/signatures" err=Read { source: Os { code: 2, kind: NotFound, message: "No such file or directory" }, path: "/Users/leo/.foundry/cache/signatures" }
2026-10-03T05:46:05.765296Z  WARN evm::traces: failed to read cache file path="/Users/leo/.foundry/cache/signatures" err=Read { source: Os { code: 2, kind: NotFound, message: "No such file or directory" }, path: "/Users/leo/.foundry/cache/signatures" }
2026-10-03T05:46:05.765513Z  WARN evm::traces: failed to read cache file path="/Users/leo/.foundry/cache/signatures" err=Read { source: Os { code: 2, kind: NotFound, message: "No such file or directory" }, path: "/Users/leo/.foundry/cache/signatures" }
2026-10-03T05:46:05.765731Z  WARN evm::traces: failed to read cache file path="/Users/leo/.foundry/cache/signatures" err=Read { source: Os { code: 2, kind: NotFound, message: "No such file or directory" }, path: "/Users/leo/.foundry/cache/signatures" }
2026-10-03T05:46:05.765947Z  WARN evm::traces: failed to read cache file path="/Users/leo/.foundry/cache/signatures" err=Read { source: Os { code: 2, kind: NotFound, message: "No such file or directory" }, path: "/Users/leo/.foundry/cache/signatures" }
2026-10-03T05:46:05.766163Z  WARN evm::traces: failed to read cache file path="/Users/leo/.foundry/cache/signatures" err=Read { source: Os { code: 2, kind: NotFound, message: "No such file or directory" }, path: "/Users/leo/.foundry/cache/signatures" }
2026-10-03T05:46:05.766378Z  WARN evm::traces: failed to read cache file path="/Users/leo/.foundry/cache/signatures" err=Read { source: Os { code: 2, kind: NotFound, message: "No such file or directory" }, path: "/Users/leo/.foundry/cache/signatures" }
2026-10-03T05:46:05.766594Z  WARN evm::traces: failed to read cache file path="/Users/leo/.foundry/cache/signatures" err=Read { source: Os { code: 2, kind: NotFound, message: "No such file or directory" }, path: "/Users/leo/.foundry/cache/signatures" }
2026-10-03T05:46:05.766810Z  WARN evm::traces: failed to read cache file path="/Users/leo/.foundry/cache/signatures" err=Read { source: Os { code: 2, kind: NotFound, message: "No such file or directory" }, path: "/Users/leo/.foundry/cache/signatures" }
2026-10-03T05:46:05.767026Z  WARN evm::traces: failed to read cache file path="/Users/leo/.foundry/cache/signatures" err=Read { source: Os { code: 2, kind: NotFound, message: "No such file or directory" }, path: "/Users/leo/.foundry/cache/signatures" }
2026-10-03T05:46:05.767241Z  WARN evm::traces: failed to read cache file path="/Users/leo/.foundry/cache/signatures" err=Read { source: Os { code: 2, kind: NotFound, message: "No such file or directory" }, path: "/Users/leo/.foundry/cache/signatures" }
2026-10-03T05:46:05.767456Z  WARN evm::traces: failed to read cache file path="/Users/leo/.foundry/cache/signatures" err=Read { source: Os { code: 2, kind: NotFound, message: "No such file or directory" }, path: "/Users/leo/.foundry/cache/signatures" }
2026-10-03T05:46:05.767664Z  WARN evm::traces: failed to read cache file path="/Users/leo/.foundry/cache/signatures" err=Read { source: Os { code: 2, kind: NotFound, message: "No such file or directory" }, path: "/Users/leo/.foundry/cache/signatures" }
2026-10-03T05:46:05.767880Z  WARN evm::traces: failed to read cache file path="/Users/leo/.foundry/cache/signatures" err=Read { source: Os { code: 2, kind: NotFound, message: "No such file or directory" }, path: "/Users/leo/.foundry/cache/signatures" }
2026-10-03T05:46:05.768097Z  WARN evm::traces: failed to read cache file path="/Users/leo/.foundry/cache/signatures" err=Read { source: Os { code: 2, kind: NotFound, message: "No such file or directory" }, path: "/Users/leo/.foundry/cache/signatures" }
2026-10-03T05:46:05.768315Z  WARN evm::traces: failed to read cache file path="/Users/leo/.foundry/cache/signatures" err=Read { source: Os { code: 2, kind: NotFound, message: "No such file or directory" }, path: "/Users/leo/.foundry/cache/signatures" }
2026-10-03T05:46:05.768532Z  WARN evm::traces: failed to read cache file path="/Users/leo/.foundry/cache/signatures" err=Read { source: Os { code: 2, kind: NotFound, message: "No such file or directory" }, path: "/Users/leo/.foundry/cache/signatures" }
2026-10-03T05:46:05.768747Z  WARN evm::traces: failed to read cache file path="/Users/leo/.foundry/cache/signatures" err=Read { source: Os { code: 2, kind: NotFound, message: "No such file or directory" }, path: "/Users/leo/.foundry/cache/signatures" }
2026-10-03T05:46:05.768960Z  WARN evm::traces: failed to read cache file path="/Users/leo/.foundry/cache/signatures" err=Read { source: Os { code: 2, kind: NotFound, message: "No such file or directory" }, path: "/Users/leo/.foundry/cache/signatures" }
2026-10-03T05:46:05.769175Z  WARN evm::traces: failed to read cache file path="/Users/leo/.foundry/cache/signatures" err=Read { source: Os { code: 2, kind: NotFound, message: "No such file or directory" }, path: "/Users/leo/.foundry/cache/signatures" }
2026-10-03T05:46:05.769392Z  WARN evm::traces: failed to read cache file path="/Users/leo/.foundry/cache/signatures" err=Read { source: Os { code: 2, kind: NotFound, message: "No such file or directory" }, path: "/Users/leo/.foundry/cache/signatures" }
2026-10-03T05:46:05.769609Z  WARN evm::traces: failed to read cache file path="/Users/leo/.foundry/cache/signatures" err=Read { source: Os { code: 2, kind: NotFound, message: "No such file or directory" }, path: "/Users/leo/.foundry/cache/signatures" }
2026-10-03T05:46:05.769820Z  WARN evm::traces: failed to read cache file path="/Users/leo/.foundry/cache/signatures" err=Read { source: Os { code: 2, kind: NotFound, message: "No such file or directory" }, path: "/Users/leo/.foundry/cache/signatures" }
2026-10-03T05:46:05.770034Z  WARN evm::traces: failed to read cache file path="/Users/leo/.foundry/cache/signatures" err=Read { source: Os { code: 2, kind: NotFound, message: "No such file or directory" }, path: "/Users/leo/.foundry/cache/signatures" }
2026-10-03T05:46:05.770249Z  WARN evm::traces: failed to read cache file path="/Users/leo/.foundry/cache/signatures" err=Read { source: Os { code: 2, kind: NotFound, message: "No such file or directory" }, path: "/Users/leo/.foundry/cache/signatures" }
2026-10-03T05:46:05.770467Z  WARN evm::traces: failed to read cache file path="/Users/leo/.foundry/cache/signatures" err=Read { source: Os { code: 2, kind: NotFound, message: "No such file or directory" }, path: "/Users/leo/.foundry/cache/signatures" }
2026-10-03T05:46:05.770680Z  WARN evm::traces: failed to read cache file path="/Users/leo/.foundry/cache/signatures" err=Read { source: Os { code: 2, kind: NotFound, message: "No such file or directory" }, path: "/Users/leo/.foundry/cache/signatures" }
2026-10-03T05:46:05.770890Z  WARN evm::traces: failed to read cache file path="/Users/leo/.foundry/cache/signatures" err=Read { source: Os { code: 2, kind: NotFound, message: "No such file or directory" }, path: "/Users/leo/.foundry/cache/signatures" }
2026-10-03T05:46:05.771146Z  WARN evm::traces: failed to read cache file path="/Users/leo/.foundry/cache/signatures" err=Read { source: Os { code: 2, kind: NotFound, message: "No such file or directory" }, path: "/Users/leo/.foundry/cache/signatures" }
2026-10-03T05:46:05.771367Z  WARN evm::traces: failed to read cache file path="/Users/leo/.foundry/cache/signatures" err=Read { source: Os { code: 2, kind: NotFound, message: "No such file or directory" }, path: "/Users/leo/.foundry/cache/signatures" }
2026-10-03T05:46:05.771586Z  WARN evm::traces: failed to read cache file path="/Users/leo/.foundry/cache/signatures" err=Read { source: Os { code: 2, kind: NotFound, message: "No such file or directory" }, path: "/Users/leo/.foundry/cache/signatures" }
2026-10-03T05:46:05.771804Z  WARN evm::traces: failed to read cache file path="/Users/leo/.foundry/cache/signatures" err=Read { source: Os { code: 2, kind: NotFound, message: "No such file or directory" }, path: "/Users/leo/.foundry/cache/signatures" }
2026-10-03T05:46:05.772018Z  WARN evm::traces: failed to read cache file path="/Users/leo/.foundry/cache/signatures" err=Read { source: Os { code: 2, kind: NotFound, message: "No such file or directory" }, path: "/Users/leo/.foundry/cache/signatures" }
2026-10-03T05:46:05.772233Z  WARN evm::traces: failed to read cache file path="/Users/leo/.foundry/cache/signatures" err=Read { source: Os { code: 2, kind: NotFound, message: "No such file or directory" }, path: "/Users/leo/.foundry/cache/signatures" }
2026-10-03T05:46:05.772445Z  WARN evm::traces: failed to read cache file path="/Users/leo/.foundry/cache/signatures" err=Read { source: Os { code: 2, kind: NotFound, message: "No such file or directory" }, path: "/Users/leo/.foundry/cache/signatures" }
2026-10-03T05:46:05.772661Z  WARN evm::traces: failed to read cache file path="/Users/leo/.foundry/cache/signatures" err=Read { source: Os { code: 2, kind: NotFound, message: "No such file or directory" }, path: "/Users/leo/.foundry/cache/signatures" }
2026-10-03T05:46:05.772878Z  WARN evm::traces: failed to read cache file path="/Users/leo/.foundry/cache/signatures" err=Read { source: Os { code: 2, kind: NotFound, message: "No such file or directory" }, path: "/Users/leo/.foundry/cache/signatures" }
2026-10-03T05:46:05.773091Z  WARN evm::traces: failed to read cache file path="/Users/leo/.foundry/cache/signatures" err=Read { source: Os { code: 2, kind: NotFound, message: "No such file or directory" }, path: "/Users/leo/.foundry/cache/signatures" }
2026-10-03T05:46:05.773300Z  WARN evm::traces: failed to read cache file path="/Users/leo/.foundry/cache/signatures" err=Read { source: Os { code: 2, kind: NotFound, message: "No such file or directory" }, path: "/Users/leo/.foundry/cache/signatures" }
2026-10-03T05:46:05.773513Z  WARN evm::traces: failed to read cache file path="/Users/leo/.foundry/cache/signatures" err=Read { source: Os { code: 2, kind: NotFound, message: "No such file or directory" }, path: "/Users/leo/.foundry/cache/signatures" }
2026-10-03T05:46:05.773729Z  WARN evm::traces: failed to read cache file path="/Users/leo/.foundry/cache/signatures" err=Read { source: Os { code: 2, kind: NotFound, message: "No such file or directory" }, path: "/Users/leo/.foundry/cache/signatures" }
2026-10-03T05:46:05.773945Z  WARN evm::traces: failed to read cache file path="/Users/leo/.foundry/cache/signatures" err=Read { source: Os { code: 2, kind: NotFound, message: "No such file or directory" }, path: "/Users/leo/.foundry/cache/signatures" }
2026-10-03T05:46:05.774164Z  WARN evm::traces: failed to read cache file path="/Users/leo/.foundry/cache/signatures" err=Read { source: Os { code: 2, kind: NotFound, message: "No such file or directory" }, path: "/Users/leo/.foundry/cache/signatures" }
2026-10-03T05:46:05.774378Z  WARN evm::traces: failed to read cache file path="/Users/leo/.foundry/cache/signatures" err=Read { source: Os { code: 2, kind: NotFound, message: "No such file or directory" }, path: "/Users/leo/.foundry/cache/signatures" }
2026-10-03T05:46:05.774594Z  WARN evm::traces: failed to read cache file path="/Users/leo/.foundry/cache/signatures" err=Read { source: Os { code: 2, kind: NotFound, message: "No such file or directory" }, path: "/Users/leo/.foundry/cache/signatures" }
2026-10-03T05:46:05.774810Z  WARN evm::traces: failed to read cache file path="/Users/leo/.foundry/cache/signatures" err=Read { source: Os { code: 2, kind: NotFound, message: "No such file or directory" }, path: "/Users/leo/.foundry/cache/signatures" }
2026-10-03T05:46:05.775027Z  WARN evm::traces: failed to read cache file path="/Users/leo/.foundry/cache/signatures" err=Read { source: Os { code: 2, kind: NotFound, message: "No such file or directory" }, path: "/Users/leo/.foundry/cache/signatures" }
2026-10-03T05:46:05.775243Z  WARN evm::traces: failed to read cache file path="/Users/leo/.foundry/cache/signatures" err=Read { source: Os { code: 2, kind: NotFound, message: "No such file or directory" }, path: "/Users/leo/.foundry/cache/signatures" }
2026-10-03T05:46:05.775459Z  WARN evm::traces: failed to read cache file path="/Users/leo/.foundry/cache/signatures" err=Read { source: Os { code: 2, kind: NotFound, message: "No such file or directory" }, path: "/Users/leo/.foundry/cache/signatures" }
2026-10-03T05:46:05.775671Z  WARN evm::traces: failed to read cache file path="/Users/leo/.foundry/cache/signatures" err=Read { source: Os { code: 2, kind: NotFound, message: "No such file or directory" }, path: "/Users/leo/.foundry/cache/signatures" }
2026-10-03T05:46:05.775881Z  WARN evm::traces: failed to read cache file path="/Users/leo/.foundry/cache/signatures" err=Read { source: Os { code: 2, kind: NotFound, message: "No such file or directory" }, path: "/Users/leo/.foundry/cache/signatures" }
2026-10-03T05:46:05.776094Z  WARN evm::traces: failed to read cache file path="/Users/leo/.foundry/cache/signatures" err=Read { source: Os { code: 2, kind: NotFound, message: "No such file or directory" }, path: "/Users/leo/.foundry/cache/signatures" }
2026-10-03T05:46:05.776309Z  WARN evm::traces: failed to read cache file path="/Users/leo/.foundry/cache/signatures" err=Read { source: Os { code: 2, kind: NotFound, message: "No such file or directory" }, path: "/Users/leo/.foundry/cache/signatures" }
2026-10-03T05:46:05.776524Z  WARN evm::traces: failed to read cache file path="/Users/leo/.foundry/cache/signatures" err=Read { source: Os { code: 2, kind: NotFound, message: "No such file or directory" }, path: "/Users/leo/.foundry/cache/signatures" }
2026-10-03T05:46:05.776736Z  WARN evm::traces: failed to read cache file path="/Users/leo/.foundry/cache/signatures" err=Read { source: Os { code: 2, kind: NotFound, message: "No such file or directory" }, path: "/Users/leo/.foundry/cache/signatures" }
2026-10-03T05:46:05.776947Z  WARN evm::traces: failed to read cache file path="/Users/leo/.foundry/cache/signatures" err=Read { source: Os { code: 2, kind: NotFound, message: "No such file or directory" }, path: "/Users/leo/.foundry/cache/signatures" }
2026-10-03T05:46:05.777164Z  WARN evm::traces: failed to read cache file path="/Users/leo/.foundry/cache/signatures" err=Read { source: Os { code: 2, kind: NotFound, message: "No such file or directory" }, path: "/Users/leo/.foundry/cache/signatures" }
2026-10-03T05:46:05.777377Z  WARN evm::traces: failed to read cache file path="/Users/leo/.foundry/cache/signatures" err=Read { source: Os { code: 2, kind: NotFound, message: "No such file or directory" }, path: "/Users/leo/.foundry/cache/signatures" }
2026-10-03T05:46:05.777590Z  WARN evm::traces: failed to read cache file path="/Users/leo/.foundry/cache/signatures" err=Read { source: Os { code: 2, kind: NotFound, message: "No such file or directory" }, path: "/Users/leo/.foundry/cache/signatures" }
2026-10-03T05:46:05.777804Z  WARN evm::traces: failed to read cache file path="/Users/leo/.foundry/cache/signatures" err=Read { source: Os { code: 2, kind: NotFound, message: "No such file or directory" }, path: "/Users/leo/.foundry/cache/signatures" }
2026-10-03T05:46:05.778018Z  WARN evm::traces: failed to read cache file path="/Users/leo/.foundry/cache/signatures" err=Read { source: Os { code: 2, kind: NotFound, message: "No such file or directory" }, path: "/Users/leo/.foundry/cache/signatures" }
2026-10-03T05:46:05.778231Z  WARN evm::traces: failed to read cache file path="/Users/leo/.foundry/cache/signatures" err=Read { source: Os { code: 2, kind: NotFound, message: "No such file or directory" }, path: "/Users/leo/.foundry/cache/signatures" }
2026-10-03T05:46:05.778448Z  WARN evm::traces: failed to read cache file path="/Users/leo/.foundry/cache/signatures" err=Read { source: Os { code: 2, kind: NotFound, message: "No such file or directory" }, path: "/Users/leo/.foundry/cache/signatures" }
2026-10-03T05:46:05.778661Z  WARN evm::traces: failed to read cache file path="/Users/leo/.foundry/cache/signatures" err=Read { source: Os { code: 2, kind: NotFound, message: "No such file or directory" }, path: "/Users/leo/.foundry/cache/signatures" }
2026-10-03T05:46:05.778876Z  WARN evm::traces: failed to read cache file path="/Users/leo/.foundry/cache/signatures" err=Read { source: Os { code: 2, kind: NotFound, message: "No such file or directory" }, path: "/Users/leo/.foundry/cache/signatures" }
2026-10-03T05:46:05.779090Z  WARN evm::traces: failed to read cache file path="/Users/leo/.foundry/cache/signatures" err=Read { source: Os { code: 2, kind: NotFound, message: "No such file or directory" }, path: "/Users/leo/.foundry/cache/signatures" }
2026-10-03T05:46:05.779402Z  WARN evm::traces: failed to read cache file path="/Users/leo/.foundry/cache/signatures" err=Read { source: Os { code: 2, kind: NotFound, message: "No such file or directory" }, path: "/Users/leo/.foundry/cache/signatures" }
2026-10-03T05:46:05.779646Z  WARN evm::traces: failed to read cache file path="/Users/leo/.foundry/cache/signatures" err=Read { source: Os { code: 2, kind: NotFound, message: "No such file or directory" }, path: "/Users/leo/.foundry/cache/signatures" }
2026-10-03T05:46:05.779884Z  WARN evm::traces: failed to read cache file path="/Users/leo/.foundry/cache/signatures" err=Read { source: Os { code: 2, kind: NotFound, message: "No such file or directory" }, path: "/Users/leo/.foundry/cache/signatures" }
2026-10-03T05:46:05.780101Z  WARN evm::traces: failed to read cache file path="/Users/leo/.foundry/cache/signatures" err=Read { source: Os { code: 2, kind: NotFound, message: "No such file or directory" }, path: "/Users/leo/.foundry/cache/signatures" }
2026-10-03T05:46:05.780316Z  WARN evm::traces: failed to read cache file path="/Users/leo/.foundry/cache/signatures" err=Read { source: Os { code: 2, kind: NotFound, message: "No such file or directory" }, path: "/Users/leo/.foundry/cache/signatures" }
2026-10-03T05:46:05.780532Z  WARN evm::traces: failed to read cache file path="/Users/leo/.foundry/cache/signatures" err=Read { source: Os { code: 2, kind: NotFound, message: "No such file or directory" }, path: "/Users/leo/.foundry/cache/signatures" }
2026-10-03T05:46:05.780748Z  WARN evm::traces: failed to read cache file path="/Users/leo/.foundry/cache/signatures" err=Read { source: Os { code: 2, kind: NotFound, message: "No such file or directory" }, path: "/Users/leo/.foundry/cache/signatures" }
2026-10-03T05:46:05.780957Z  WARN evm::traces: failed to read cache file path="/Users/leo/.foundry/cache/signatures" err=Read { source: Os { code: 2, kind: NotFound, message: "No such file or directory" }, path: "/Users/leo/.foundry/cache/signatures" }
2026-10-03T05:46:05.781165Z  WARN evm::traces: failed to read cache file path="/Users/leo/.foundry/cache/signatures" err=Read { source: Os { code: 2, kind: NotFound, message: "No such file or directory" }, path: "/Users/leo/.foundry/cache/signatures" }
2026-10-03T05:46:05.781379Z  WARN evm::traces: failed to read cache file path="/Users/leo/.foundry/cache/signatures" err=Read { source: Os { code: 2, kind: NotFound, message: "No such file or directory" }, path: "/Users/leo/.foundry/cache/signatures" }
2026-10-03T05:46:05.781593Z  WARN evm::traces: failed to read cache file path="/Users/leo/.foundry/cache/signatures" err=Read { source: Os { code: 2, kind: NotFound, message: "No such file or directory" }, path: "/Users/leo/.foundry/cache/signatures" }
2026-10-03T05:46:05.781806Z  WARN evm::traces: failed to read cache file path="/Users/leo/.foundry/cache/signatures" err=Read { source: Os { code: 2, kind: NotFound, message: "No such file or directory" }, path: "/Users/leo/.foundry/cache/signatures" }
2026-10-03T05:46:05.782019Z  WARN evm::traces: failed to read cache file path="/Users/leo/.foundry/cache/signatures" err=Read { source: Os { code: 2, kind: NotFound, message: "No such file or directory" }, path: "/Users/leo/.foundry/cache/signatures" }
2026-10-03T05:46:05.782230Z  WARN evm::traces: failed to read cache file path="/Users/leo/.foundry/cache/signatures" err=Read { source: Os { code: 2, kind: NotFound, message: "No such file or directory" }, path: "/Users/leo/.foundry/cache/signatures" }
2026-10-03T05:46:05.782441Z  WARN evm::traces: failed to read cache file path="/Users/leo/.foundry/cache/signatures" err=Read { source: Os { code: 2, kind: NotFound, message: "No such file or directory" }, path: "/Users/leo/.foundry/cache/signatures" }
2026-10-03T05:46:05.782658Z  WARN evm::traces: failed to read cache file path="/Users/leo/.foundry/cache/signatures" err=Read { source: Os { code: 2, kind: NotFound, message: "No such file or directory" }, path: "/Users/leo/.foundry/cache/signatures" }
2026-10-03T05:46:05.782874Z  WARN evm::traces: failed to read cache file path="/Users/leo/.foundry/cache/signatures" err=Read { source: Os { code: 2, kind: NotFound, message: "No such file or directory" }, path: "/Users/leo/.foundry/cache/signatures" }
2026-10-03T05:46:05.783087Z  WARN evm::traces: failed to read cache file path="/Users/leo/.foundry/cache/signatures" err=Read { source: Os { code: 2, kind: NotFound, message: "No such file or directory" }, path: "/Users/leo/.foundry/cache/signatures" }
2026-10-03T05:46:05.783299Z  WARN evm::traces: failed to read cache file path="/Users/leo/.foundry/cache/signatures" err=Read { source: Os { code: 2, kind: NotFound, message: "No such file or directory" }, path: "/Users/leo/.foundry/cache/signatures" }
2026-10-03T05:46:05.783509Z  WARN evm::traces: failed to read cache file path="/Users/leo/.foundry/cache/signatures" err=Read { source: Os { code: 2, kind: NotFound, message: "No such file or directory" }, path: "/Users/leo/.foundry/cache/signatures" }
2026-10-03T05:46:05.783719Z  WARN evm::traces: failed to read cache file path="/Users/leo/.foundry/cache/signatures" err=Read { source: Os { code: 2, kind: NotFound, message: "No such file or directory" }, path: "/Users/leo/.foundry/cache/signatures" }
2026-10-03T05:46:05.783934Z  WARN evm::traces: failed to read cache file path="/Users/leo/.foundry/cache/signatures" err=Read { source: Os { code: 2, kind: NotFound, message: "No such file or directory" }, path: "/Users/leo/.foundry/cache/signatures" }
2026-10-03T05:46:05.784149Z  WARN evm::traces: failed to read cache file path="/Users/leo/.foundry/cache/signatures" err=Read { source: Os { code: 2, kind: NotFound, message: "No such file or directory" }, path: "/Users/leo/.foundry/cache/signatures" }
2026-10-03T05:46:05.784364Z  WARN evm::traces: failed to read cache file path="/Users/leo/.foundry/cache/signatures" err=Read { source: Os { code: 2, kind: NotFound, message: "No such file or directory" }, path: "/Users/leo/.foundry/cache/signatures" }
2026-10-03T05:46:05.784575Z  WARN evm::traces: failed to read cache file path="/Users/leo/.foundry/cache/signatures" err=Read { source: Os { code: 2, kind: NotFound, message: "No such file or directory" }, path: "/Users/leo/.foundry/cache/signatures" }
2026-10-03T05:46:05.784792Z  WARN evm::traces: failed to read cache file path="/Users/leo/.foundry/cache/signatures" err=Read { source: Os { code: 2, kind: NotFound, message: "No such file or directory" }, path: "/Users/leo/.foundry/cache/signatures" }
2026-10-03T05:46:05.785009Z  WARN evm::traces: failed to read cache file path="/Users/leo/.foundry/cache/signatures" err=Read { source: Os { code: 2, kind: NotFound, message: "No such file or directory" }, path: "/Users/leo/.foundry/cache/signatures" }
2026-10-03T05:46:05.785226Z  WARN evm::traces: failed to read cache file path="/Users/leo/.foundry/cache/signatures" err=Read { source: Os { code: 2, kind: NotFound, message: "No such file or directory" }, path: "/Users/leo/.foundry/cache/signatures" }
2026-10-03T05:46:05.785439Z  WARN evm::traces: failed to read cache file path="/Users/leo/.foundry/cache/signatures" err=Read { source: Os { code: 2, kind: NotFound, message: "No such file or directory" }, path: "/Users/leo/.foundry/cache/signatures" }
2026-10-03T05:46:05.785656Z  WARN evm::traces: failed to read cache file path="/Users/leo/.foundry/cache/signatures" err=Read { source: Os { code: 2, kind: NotFound, message: "No such file or directory" }, path: "/Users/leo/.foundry/cache/signatures" }
2026-10-03T05:46:05.785873Z  WARN evm::traces: failed to read cache file path="/Users/leo/.foundry/cache/signatures" err=Read { source: Os { code: 2, kind: NotFound, message: "No such file or directory" }, path: "/Users/leo/.foundry/cache/signatures" }
2026-10-03T05:46:05.786090Z  WARN evm::traces: failed to read cache file path="/Users/leo/.foundry/cache/signatures" err=Read { source: Os { code: 2, kind: NotFound, message: "No such file or directory" }, path: "/Users/leo/.foundry/cache/signatures" }
2026-10-03T05:46:05.786307Z  WARN evm::traces: failed to read cache file path="/Users/leo/.foundry/cache/signatures" err=Read { source: Os { code: 2, kind: NotFound, message: "No such file or directory" }, path: "/Users/leo/.foundry/cache/signatures" }
2026-10-03T05:46:05.786517Z  WARN evm::traces: failed to read cache file path="/Users/leo/.foundry/cache/signatures" err=Read { source: Os { code: 2, kind: NotFound, message: "No such file or directory" }, path: "/Users/leo/.foundry/cache/signatures" }
2026-10-03T05:46:05.786730Z  WARN evm::traces: failed to read cache file path="/Users/leo/.foundry/cache/signatures" err=Read { source: Os { code: 2, kind: NotFound, message: "No such file or directory" }, path: "/Users/leo/.foundry/cache/signatures" }
2026-10-03T05:46:05.786947Z  WARN evm::traces: failed to read cache file path="/Users/leo/.foundry/cache/signatures" err=Read { source: Os { code: 2, kind: NotFound, message: "No such file or directory" }, path: "/Users/leo/.foundry/cache/signatures" }
2026-10-03T05:46:05.787162Z  WARN evm::traces: failed to read cache file path="/Users/leo/.foundry/cache/signatures" err=Read { source: Os { code: 2, kind: NotFound, message: "No such file or directory" }, path: "/Users/leo/.foundry/cache/signatures" }
2026-10-03T05:46:05.787371Z  WARN evm::traces: failed to read cache file path="/Users/leo/.foundry/cache/signatures" err=Read { source: Os { code: 2, kind: NotFound, message: "No such file or directory" }, path: "/Users/leo/.foundry/cache/signatures" }
2026-10-03T05:46:05.787629Z  WARN evm::traces: failed to read cache file path="/Users/leo/.foundry/cache/signatures" err=Read { source: Os { code: 2, kind: NotFound, message: "No such file or directory" }, path: "/Users/leo/.foundry/cache/signatures" }
2026-10-03T05:46:05.787841Z  WARN evm::traces: failed to read cache file path="/Users/leo/.foundry/cache/signatures" err=Read { source: Os { code: 2, kind: NotFound, message: "No such file or directory" }, path: "/Users/leo/.foundry/cache/signatures" }
2026-10-03T05:46:05.788049Z  WARN evm::traces: failed to read cache file path="/Users/leo/.foundry/cache/signatures" err=Read { source: Os { code: 2, kind: NotFound, message: "No such file or directory" }, path: "/Users/leo/.foundry/cache/signatures" }
2026-10-03T05:46:05.788262Z  WARN evm::traces: failed to read cache file path="/Users/leo/.foundry/cache/signatures" err=Read { source: Os { code: 2, kind: NotFound, message: "No such file or directory" }, path: "/Users/leo/.foundry/cache/signatures" }
2026-10-03T05:46:05.788476Z  WARN evm::traces: failed to read cache file path="/Users/leo/.foundry/cache/signatures" err=Read { source: Os { code: 2, kind: NotFound, message: "No such file or directory" }, path: "/Users/leo/.foundry/cache/signatures" }
2026-10-03T05:46:05.788691Z  WARN evm::traces: failed to read cache file path="/Users/leo/.foundry/cache/signatures" err=Read { source: Os { code: 2, kind: NotFound, message: "No such file or directory" }, path: "/Users/leo/.foundry/cache/signatures" }
2026-10-03T05:46:05.788903Z  WARN evm::traces: failed to read cache file path="/Users/leo/.foundry/cache/signatures" err=Read { source: Os { code: 2, kind: NotFound, message: "No such file or directory" }, path: "/Users/leo/.foundry/cache/signatures" }
2026-10-03T05:46:05.789114Z  WARN evm::traces: failed to read cache file path="/Users/leo/.foundry/cache/signatures" err=Read { source: Os { code: 2, kind: NotFound, message: "No such file or directory" }, path: "/Users/leo/.foundry/cache/signatures" }
2026-10-03T05:46:05.789330Z  WARN evm::traces: failed to read cache file path="/Users/leo/.foundry/cache/signatures" err=Read { source: Os { code: 2, kind: NotFound, message: "No such file or directory" }, path: "/Users/leo/.foundry/cache/signatures" }
2026-10-03T05:46:05.789547Z  WARN evm::traces: failed to read cache file path="/Users/leo/.foundry/cache/signatures" err=Read { source: Os { code: 2, kind: NotFound, message: "No such file or directory" }, path: "/Users/leo/.foundry/cache/signatures" }
2026-10-03T05:46:05.789762Z  WARN evm::traces: failed to read cache file path="/Users/leo/.foundry/cache/signatures" err=Read { source: Os { code: 2, kind: NotFound, message: "No such file or directory" }, path: "/Users/leo/.foundry/cache/signatures" }
2026-10-03T05:46:05.789976Z  WARN evm::traces: failed to read cache file path="/Users/leo/.foundry/cache/signatures" err=Read { source: Os { code: 2, kind: NotFound, message: "No such file or directory" }, path: "/Users/leo/.foundry/cache/signatures" }
2026-10-03T05:46:05.790191Z  WARN evm::traces: failed to read cache file path="/Users/leo/.foundry/cache/signatures" err=Read { source: Os { code: 2, kind: NotFound, message: "No such file or directory" }, path: "/Users/leo/.foundry/cache/signatures" }
2026-10-03T05:46:05.790403Z  WARN evm::traces: failed to read cache file path="/Users/leo/.foundry/cache/signatures" err=Read { source: Os { code: 2, kind: NotFound, message: "No such file or directory" }, path: "/Users/leo/.foundry/cache/signatures" }
2026-10-03T05:46:05.790620Z  WARN evm::traces: failed to read cache file path="/Users/leo/.foundry/cache/signatures" err=Read { source: Os { code: 2, kind: NotFound, message: "No such file or directory" }, path: "/Users/leo/.foundry/cache/signatures" }
2026-10-03T05:46:05.790831Z  WARN evm::traces: failed to read cache file path="/Users/leo/.foundry/cache/signatures" err=Read { source: Os { code: 2, kind: NotFound, message: "No such file or directory" }, path: "/Users/leo/.foundry/cache/signatures" }
2026-10-03T05:46:05.791042Z  WARN evm::traces: failed to read cache file path="/Users/leo/.foundry/cache/signatures" err=Read { source: Os { code: 2, kind: NotFound, message: "No such file or directory" }, path: "/Users/leo/.foundry/cache/signatures" }
2026-10-03T05:46:05.791254Z  WARN evm::traces: failed to read cache file path="/Users/leo/.foundry/cache/signatures" err=Read { source: Os { code: 2, kind: NotFound, message: "No such file or directory" }, path: "/Users/leo/.foundry/cache/signatures" }
2026-10-03T05:46:05.791467Z  WARN evm::traces: failed to read cache file path="/Users/leo/.foundry/cache/signatures" err=Read { source: Os { code: 2, kind: NotFound, message: "No such file or directory" }, path: "/Users/leo/.foundry/cache/signatures" }
2026-10-03T05:46:05.791679Z  WARN evm::traces: failed to read cache file path="/Users/leo/.foundry/cache/signatures" err=Read { source: Os { code: 2, kind: NotFound, message: "No such file or directory" }, path: "/Users/leo/.foundry/cache/signatures" }
2026-10-03T05:46:05.791891Z  WARN evm::traces: failed to read cache file path="/Users/leo/.foundry/cache/signatures" err=Read { source: Os { code: 2, kind: NotFound, message: "No such file or directory" }, path: "/Users/leo/.foundry/cache/signatures" }
2026-10-03T05:46:05.792104Z  WARN evm::traces: failed to read cache file path="/Users/leo/.foundry/cache/signatures" err=Read { source: Os { code: 2, kind: NotFound, message: "No such file or directory" }, path: "/Users/leo/.foundry/cache/signatures" }
2026-10-03T05:46:05.792318Z  WARN evm::traces: failed to read cache file path="/Users/leo/.foundry/cache/signatures" err=Read { source: Os { code: 2, kind: NotFound, message: "No such file or directory" }, path: "/Users/leo/.foundry/cache/signatures" }
2026-10-03T05:46:05.792531Z  WARN evm::traces: failed to read cache file path="/Users/leo/.foundry/cache/signatures" err=Read { source: Os { code: 2, kind: NotFound, message: "No such file or directory" }, path: "/Users/leo/.foundry/cache/signatures" }
2026-10-03T05:46:05.792748Z  WARN evm::traces: failed to read cache file path="/Users/leo/.foundry/cache/signatures" err=Read { source: Os { code: 2, kind: NotFound, message: "No such file or directory" }, path: "/Users/leo/.foundry/cache/signatures" }
2026-10-03T05:46:05.792961Z  WARN evm::traces: failed to read cache file path="/Users/leo/.foundry/cache/signatures" err=Read { source: Os { code: 2, kind: NotFound, message: "No such file or directory" }, path: "/Users/leo/.foundry/cache/signatures" }
2026-10-03T05:46:05.793174Z  WARN evm::traces: failed to read cache file path="/Users/leo/.foundry/cache/signatures" err=Read { source: Os { code: 2, kind: NotFound, message: "No such file or directory" }, path: "/Users/leo/.foundry/cache/signatures" }
2026-10-03T05:46:05.793387Z  WARN evm::traces: failed to read cache file path="/Users/leo/.foundry/cache/signatures" err=Read { source: Os { code: 2, kind: NotFound, message: "No such file or directory" }, path: "/Users/leo/.foundry/cache/signatures" }
2026-10-03T05:46:05.793599Z  WARN evm::traces: failed to read cache file path="/Users/leo/.foundry/cache/signatures" err=Read { source: Os { code: 2, kind: NotFound, message: "No such file or directory" }, path: "/Users/leo/.foundry/cache/signatures" }
2026-10-03T05:46:05.793813Z  WARN evm::traces: failed to read cache file path="/Users/leo/.foundry/cache/signatures" err=Read { source: Os { code: 2, kind: NotFound, message: "No such file or directory" }, path: "/Users/leo/.foundry/cache/signatures" }
2026-10-03T05:46:05.794029Z  WARN evm::traces: failed to read cache file path="/Users/leo/.foundry/cache/signatures" err=Read { source: Os { code: 2, kind: NotFound, message: "No such file or directory" }, path: "/Users/leo/.foundry/cache/signatures" }
2026-10-03T05:46:05.794241Z  WARN evm::traces: failed to read cache file path="/Users/leo/.foundry/cache/signatures" err=Read { source: Os { code: 2, kind: NotFound, message: "No such file or directory" }, path: "/Users/leo/.foundry/cache/signatures" }
2026-10-03T05:46:05.794456Z  WARN evm::traces: failed to read cache file path="/Users/leo/.foundry/cache/signatures" err=Read { source: Os { code: 2, kind: NotFound, message: "No such file or directory" }, path: "/Users/leo/.foundry/cache/signatures" }
2026-10-03T05:46:05.794662Z  WARN evm::traces: failed to read cache file path="/Users/leo/.foundry/cache/signatures" err=Read { source: Os { code: 2, kind: NotFound, message: "No such file or directory" }, path: "/Users/leo/.foundry/cache/signatures" }
2026-10-03T05:46:05.794877Z  WARN evm::traces: failed to read cache file path="/Users/leo/.foundry/cache/signatures" err=Read { source: Os { code: 2, kind: NotFound, message: "No such file or directory" }, path: "/Users/leo/.foundry/cache/signatures" }
2026-10-03T05:46:05.795092Z  WARN evm::traces: failed to read cache file path="/Users/leo/.foundry/cache/signatures" err=Read { source: Os { code: 2, kind: NotFound, message: "No such file or directory" }, path: "/Users/leo/.foundry/cache/signatures" }
2026-10-03T05:46:05.795307Z  WARN evm::traces: failed to read cache file path="/Users/leo/.foundry/cache/signatures" err=Read { source: Os { code: 2, kind: NotFound, message: "No such file or directory" }, path: "/Users/leo/.foundry/cache/signatures" }

Ran 5 tests for test/V2CurveDeployer.t.sol:V2CurveDeployerTest
[PASS] test_curveChunkIsInertWhenCalled() (gas: 26853)
[PASS] test_curveChunkIsTheCompilersCurveCreationCode() (gas: 26218)
[PASS] test_frontRunBindFailsTheFactoryConstructor() (gas: 34645056)
[PASS] test_onlyTheBoundFactoryCanUseTheDeployer() (gas: 38643)
[PASS] test_predictedCurveAndVaultAreTheDeployedAddresses() (gas: 11724587)
Suite result: ok. 5 passed; 0 failed; 0 skipped; finished in 172.25ms (24.15ms CPU time)
2026-10-03T05:46:05.795519Z  WARN evm::traces: failed to read cache file path="/Users/leo/.foundry/cache/signatures" err=Read { source: Os { code: 2, kind: NotFound, message: "No such file or directory" }, path: "/Users/leo/.foundry/cache/signatures" }
2026-10-03T05:46:05.796066Z  WARN evm::traces: failed to read cache file path="/Users/leo/.foundry/cache/signatures" err=Read { source: Os { code: 2, kind: NotFound, message: "No such file or directory" }, path: "/Users/leo/.foundry/cache/signatures" }
2026-10-03T05:46:05.796529Z  WARN evm::traces: failed to read cache file path="/Users/leo/.foundry/cache/signatures" err=Read { source: Os { code: 2, kind: NotFound, message: "No such file or directory" }, path: "/Users/leo/.foundry/cache/signatures" }
2026-10-03T05:46:05.796975Z  WARN evm::traces: failed to read cache file path="/Users/leo/.foundry/cache/signatures" err=Read { source: Os { code: 2, kind: NotFound, message: "No such file or directory" }, path: "/Users/leo/.foundry/cache/signatures" }
2026-10-03T05:46:05.797420Z  WARN evm::traces: failed to read cache file path="/Users/leo/.foundry/cache/signatures" err=Read { source: Os { code: 2, kind: NotFound, message: "No such file or directory" }, path: "/Users/leo/.foundry/cache/signatures" }
2026-10-03T05:46:05.797865Z  WARN evm::traces: failed to read cache file path="/Users/leo/.foundry/cache/signatures" err=Read { source: Os { code: 2, kind: NotFound, message: "No such file or directory" }, path: "/Users/leo/.foundry/cache/signatures" }
2026-10-03T05:46:05.798309Z  WARN evm::traces: failed to read cache file path="/Users/leo/.foundry/cache/signatures" err=Read { source: Os { code: 2, kind: NotFound, message: "No such file or directory" }, path: "/Users/leo/.foundry/cache/signatures" }
2026-10-03T05:46:05.798762Z  WARN evm::traces: failed to read cache file path="/Users/leo/.foundry/cache/signatures" err=Read { source: Os { code: 2, kind: NotFound, message: "No such file or directory" }, path: "/Users/leo/.foundry/cache/signatures" }
2026-10-03T05:46:05.799217Z  WARN evm::traces: failed to read cache file path="/Users/leo/.foundry/cache/signatures" err=Read { source: Os { code: 2, kind: NotFound, message: "No such file or directory" }, path: "/Users/leo/.foundry/cache/signatures" }
2026-10-03T05:46:05.799668Z  WARN evm::traces: failed to read cache file path="/Users/leo/.foundry/cache/signatures" err=Read { source: Os { code: 2, kind: NotFound, message: "No such file or directory" }, path: "/Users/leo/.foundry/cache/signatures" }

Ran 3 tests for test/V2CurveSecurity.t.sol:V2CurveSecurityTest
[PASS] test_releaseCallbackCannotConsumeRemainingFees() (gas: 358641)
[PASS] test_sharedRecipientsPreserveAllFeeLiabilities() (gas: 229655)
[PASS] test_stockCallbackCannotClaimDuringBuySellOrClaim() (gas: 259048)
Suite result: ok. 3 passed; 0 failed; 0 skipped; finished in 1.90ms (1.26ms CPU time)
2026-10-03T05:46:05.800116Z  WARN evm::traces: failed to read cache file path="/Users/leo/.foundry/cache/signatures" err=Read { source: Os { code: 2, kind: NotFound, message: "No such file or directory" }, path: "/Users/leo/.foundry/cache/signatures" }
2026-10-03T05:46:05.800560Z  WARN evm::traces: failed to read cache file path="/Users/leo/.foundry/cache/signatures" err=Read { source: Os { code: 2, kind: NotFound, message: "No such file or directory" }, path: "/Users/leo/.foundry/cache/signatures" }
2026-10-03T05:46:05.800993Z  WARN evm::traces: failed to read cache file path="/Users/leo/.foundry/cache/signatures" err=Read { source: Os { code: 2, kind: NotFound, message: "No such file or directory" }, path: "/Users/leo/.foundry/cache/signatures" }
2026-10-03T05:46:05.801441Z  WARN evm::traces: failed to read cache file path="/Users/leo/.foundry/cache/signatures" err=Read { source: Os { code: 2, kind: NotFound, message: "No such file or directory" }, path: "/Users/leo/.foundry/cache/signatures" }
2026-10-03T05:46:05.801880Z  WARN evm::traces: failed to read cache file path="/Users/leo/.foundry/cache/signatures" err=Read { source: Os { code: 2, kind: NotFound, message: "No such file or directory" }, path: "/Users/leo/.foundry/cache/signatures" }
2026-10-03T05:46:05.802318Z  WARN evm::traces: failed to read cache file path="/Users/leo/.foundry/cache/signatures" err=Read { source: Os { code: 2, kind: NotFound, message: "No such file or directory" }, path: "/Users/leo/.foundry/cache/signatures" }
2026-10-03T05:46:05.802760Z  WARN evm::traces: failed to read cache file path="/Users/leo/.foundry/cache/signatures" err=Read { source: Os { code: 2, kind: NotFound, message: "No such file or directory" }, path: "/Users/leo/.foundry/cache/signatures" }
2026-10-03T05:46:05.803210Z  WARN evm::traces: failed to read cache file path="/Users/leo/.foundry/cache/signatures" err=Read { source: Os { code: 2, kind: NotFound, message: "No such file or directory" }, path: "/Users/leo/.foundry/cache/signatures" }
2026-10-03T05:46:05.803652Z  WARN evm::traces: failed to read cache file path="/Users/leo/.foundry/cache/signatures" err=Read { source: Os { code: 2, kind: NotFound, message: "No such file or directory" }, path: "/Users/leo/.foundry/cache/signatures" }
2026-10-03T05:46:05.804104Z  WARN evm::traces: failed to read cache file path="/Users/leo/.foundry/cache/signatures" err=Read { source: Os { code: 2, kind: NotFound, message: "No such file or directory" }, path: "/Users/leo/.foundry/cache/signatures" }
2026-10-03T05:46:05.804556Z  WARN evm::traces: failed to read cache file path="/Users/leo/.foundry/cache/signatures" err=Read { source: Os { code: 2, kind: NotFound, message: "No such file or directory" }, path: "/Users/leo/.foundry/cache/signatures" }
2026-10-03T05:46:05.805005Z  WARN evm::traces: failed to read cache file path="/Users/leo/.foundry/cache/signatures" err=Read { source: Os { code: 2, kind: NotFound, message: "No such file or directory" }, path: "/Users/leo/.foundry/cache/signatures" }
2026-10-03T05:46:05.805455Z  WARN evm::traces: failed to read cache file path="/Users/leo/.foundry/cache/signatures" err=Read { source: Os { code: 2, kind: NotFound, message: "No such file or directory" }, path: "/Users/leo/.foundry/cache/signatures" }
2026-10-03T05:46:05.805826Z  WARN evm::traces: failed to read cache file path="/Users/leo/.foundry/cache/signatures" err=Read { source: Os { code: 2, kind: NotFound, message: "No such file or directory" }, path: "/Users/leo/.foundry/cache/signatures" }
2026-10-03T05:46:05.806051Z  WARN evm::traces: failed to read cache file path="/Users/leo/.foundry/cache/signatures" err=Read { source: Os { code: 2, kind: NotFound, message: "No such file or directory" }, path: "/Users/leo/.foundry/cache/signatures" }
2026-10-03T05:46:05.806270Z  WARN evm::traces: failed to read cache file path="/Users/leo/.foundry/cache/signatures" err=Read { source: Os { code: 2, kind: NotFound, message: "No such file or directory" }, path: "/Users/leo/.foundry/cache/signatures" }
2026-10-03T05:46:05.806483Z  WARN evm::traces: failed to read cache file path="/Users/leo/.foundry/cache/signatures" err=Read { source: Os { code: 2, kind: NotFound, message: "No such file or directory" }, path: "/Users/leo/.foundry/cache/signatures" }
2026-10-03T05:46:05.806697Z  WARN evm::traces: failed to read cache file path="/Users/leo/.foundry/cache/signatures" err=Read { source: Os { code: 2, kind: NotFound, message: "No such file or directory" }, path: "/Users/leo/.foundry/cache/signatures" }
2026-10-03T05:46:05.806912Z  WARN evm::traces: failed to read cache file path="/Users/leo/.foundry/cache/signatures" err=Read { source: Os { code: 2, kind: NotFound, message: "No such file or directory" }, path: "/Users/leo/.foundry/cache/signatures" }
2026-10-03T05:46:05.807121Z  WARN evm::traces: failed to read cache file path="/Users/leo/.foundry/cache/signatures" err=Read { source: Os { code: 2, kind: NotFound, message: "No such file or directory" }, path: "/Users/leo/.foundry/cache/signatures" }
2026-10-03T05:46:05.807332Z  WARN evm::traces: failed to read cache file path="/Users/leo/.foundry/cache/signatures" err=Read { source: Os { code: 2, kind: NotFound, message: "No such file or directory" }, path: "/Users/leo/.foundry/cache/signatures" }
2026-10-03T05:46:05.807551Z  WARN evm::traces: failed to read cache file path="/Users/leo/.foundry/cache/signatures" err=Read { source: Os { code: 2, kind: NotFound, message: "No such file or directory" }, path: "/Users/leo/.foundry/cache/signatures" }
2026-10-03T05:46:05.807766Z  WARN evm::traces: failed to read cache file path="/Users/leo/.foundry/cache/signatures" err=Read { source: Os { code: 2, kind: NotFound, message: "No such file or directory" }, path: "/Users/leo/.foundry/cache/signatures" }
2026-10-03T05:46:05.807981Z  WARN evm::traces: failed to read cache file path="/Users/leo/.foundry/cache/signatures" err=Read { source: Os { code: 2, kind: NotFound, message: "No such file or directory" }, path: "/Users/leo/.foundry/cache/signatures" }
2026-10-03T05:46:05.808190Z  WARN evm::traces: failed to read cache file path="/Users/leo/.foundry/cache/signatures" err=Read { source: Os { code: 2, kind: NotFound, message: "No such file or directory" }, path: "/Users/leo/.foundry/cache/signatures" }
2026-10-03T05:46:05.808395Z  WARN evm::traces: failed to read cache file path="/Users/leo/.foundry/cache/signatures" err=Read { source: Os { code: 2, kind: NotFound, message: "No such file or directory" }, path: "/Users/leo/.foundry/cache/signatures" }
2026-10-03T05:46:05.808604Z  WARN evm::traces: failed to read cache file path="/Users/leo/.foundry/cache/signatures" err=Read { source: Os { code: 2, kind: NotFound, message: "No such file or directory" }, path: "/Users/leo/.foundry/cache/signatures" }
2026-10-03T05:46:05.808814Z  WARN evm::traces: failed to read cache file path="/Users/leo/.foundry/cache/signatures" err=Read { source: Os { code: 2, kind: NotFound, message: "No such file or directory" }, path: "/Users/leo/.foundry/cache/signatures" }
2026-10-03T05:46:05.809021Z  WARN evm::traces: failed to read cache file path="/Users/leo/.foundry/cache/signatures" err=Read { source: Os { code: 2, kind: NotFound, message: "No such file or directory" }, path: "/Users/leo/.foundry/cache/signatures" }
2026-10-03T05:46:05.809229Z  WARN evm::traces: failed to read cache file path="/Users/leo/.foundry/cache/signatures" err=Read { source: Os { code: 2, kind: NotFound, message: "No such file or directory" }, path: "/Users/leo/.foundry/cache/signatures" }
2026-10-03T05:46:05.809442Z  WARN evm::traces: failed to read cache file path="/Users/leo/.foundry/cache/signatures" err=Read { source: Os { code: 2, kind: NotFound, message: "No such file or directory" }, path: "/Users/leo/.foundry/cache/signatures" }
2026-10-03T05:46:05.809658Z  WARN evm::traces: failed to read cache file path="/Users/leo/.foundry/cache/signatures" err=Read { source: Os { code: 2, kind: NotFound, message: "No such file or directory" }, path: "/Users/leo/.foundry/cache/signatures" }
2026-10-03T05:46:05.809869Z  WARN evm::traces: failed to read cache file path="/Users/leo/.foundry/cache/signatures" err=Read { source: Os { code: 2, kind: NotFound, message: "No such file or directory" }, path: "/Users/leo/.foundry/cache/signatures" }
2026-10-03T05:46:05.810076Z  WARN evm::traces: failed to read cache file path="/Users/leo/.foundry/cache/signatures" err=Read { source: Os { code: 2, kind: NotFound, message: "No such file or directory" }, path: "/Users/leo/.foundry/cache/signatures" }
2026-10-03T05:46:05.810284Z  WARN evm::traces: failed to read cache file path="/Users/leo/.foundry/cache/signatures" err=Read { source: Os { code: 2, kind: NotFound, message: "No such file or directory" }, path: "/Users/leo/.foundry/cache/signatures" }
2026-10-03T05:46:05.810495Z  WARN evm::traces: failed to read cache file path="/Users/leo/.foundry/cache/signatures" err=Read { source: Os { code: 2, kind: NotFound, message: "No such file or directory" }, path: "/Users/leo/.foundry/cache/signatures" }
2026-10-03T05:46:05.810707Z  WARN evm::traces: failed to read cache file path="/Users/leo/.foundry/cache/signatures" err=Read { source: Os { code: 2, kind: NotFound, message: "No such file or directory" }, path: "/Users/leo/.foundry/cache/signatures" }
2026-10-03T05:46:05.810915Z  WARN evm::traces: failed to read cache file path="/Users/leo/.foundry/cache/signatures" err=Read { source: Os { code: 2, kind: NotFound, message: "No such file or directory" }, path: "/Users/leo/.foundry/cache/signatures" }
2026-10-03T05:46:05.811126Z  WARN evm::traces: failed to read cache file path="/Users/leo/.foundry/cache/signatures" err=Read { source: Os { code: 2, kind: NotFound, message: "No such file or directory" }, path: "/Users/leo/.foundry/cache/signatures" }
2026-10-03T05:46:05.811340Z  WARN evm::traces: failed to read cache file path="/Users/leo/.foundry/cache/signatures" err=Read { source: Os { code: 2, kind: NotFound, message: "No such file or directory" }, path: "/Users/leo/.foundry/cache/signatures" }
2026-10-03T05:46:05.811555Z  WARN evm::traces: failed to read cache file path="/Users/leo/.foundry/cache/signatures" err=Read { source: Os { code: 2, kind: NotFound, message: "No such file or directory" }, path: "/Users/leo/.foundry/cache/signatures" }
2026-10-03T05:46:05.812747Z  WARN evm::traces: failed to read cache file path="/Users/leo/.foundry/cache/signatures" err=Read { source: Os { code: 2, kind: NotFound, message: "No such file or directory" }, path: "/Users/leo/.foundry/cache/signatures" }
2026-10-03T05:46:05.813150Z  WARN evm::traces: failed to read cache file path="/Users/leo/.foundry/cache/signatures" err=Read { source: Os { code: 2, kind: NotFound, message: "No such file or directory" }, path: "/Users/leo/.foundry/cache/signatures" }
2026-10-03T05:46:05.813724Z  WARN evm::traces: failed to read cache file path="/Users/leo/.foundry/cache/signatures" err=Read { source: Os { code: 2, kind: NotFound, message: "No such file or directory" }, path: "/Users/leo/.foundry/cache/signatures" }
2026-10-03T05:46:05.814225Z  WARN evm::traces: failed to read cache file path="/Users/leo/.foundry/cache/signatures" err=Read { source: Os { code: 2, kind: NotFound, message: "No such file or directory" }, path: "/Users/leo/.foundry/cache/signatures" }
2026-10-03T05:46:05.814686Z  WARN evm::traces: failed to read cache file path="/Users/leo/.foundry/cache/signatures" err=Read { source: Os { code: 2, kind: NotFound, message: "No such file or directory" }, path: "/Users/leo/.foundry/cache/signatures" }
2026-10-03T05:46:05.815292Z  WARN evm::traces: failed to read cache file path="/Users/leo/.foundry/cache/signatures" err=Read { source: Os { code: 2, kind: NotFound, message: "No such file or directory" }, path: "/Users/leo/.foundry/cache/signatures" }
2026-10-03T05:46:05.815778Z  WARN evm::traces: failed to read cache file path="/Users/leo/.foundry/cache/signatures" err=Read { source: Os { code: 2, kind: NotFound, message: "No such file or directory" }, path: "/Users/leo/.foundry/cache/signatures" }
2026-10-03T05:46:05.816439Z  WARN evm::traces: failed to read cache file path="/Users/leo/.foundry/cache/signatures" err=Read { source: Os { code: 2, kind: NotFound, message: "No such file or directory" }, path: "/Users/leo/.foundry/cache/signatures" }
2026-10-03T05:46:05.816651Z  WARN evm::traces: failed to read cache file path="/Users/leo/.foundry/cache/signatures" err=Read { source: Os { code: 2, kind: NotFound, message: "No such file or directory" }, path: "/Users/leo/.foundry/cache/signatures" }
2026-10-03T05:46:05.816863Z  WARN evm::traces: failed to read cache file path="/Users/leo/.foundry/cache/signatures" err=Read { source: Os { code: 2, kind: NotFound, message: "No such file or directory" }, path: "/Users/leo/.foundry/cache/signatures" }
2026-10-03T05:46:05.817076Z  WARN evm::traces: failed to read cache file path="/Users/leo/.foundry/cache/signatures" err=Read { source: Os { code: 2, kind: NotFound, message: "No such file or directory" }, path: "/Users/leo/.foundry/cache/signatures" }
2026-10-03T05:46:05.819140Z  WARN evm::traces: failed to read cache file path="/Users/leo/.foundry/cache/signatures" err=Read { source: Os { code: 2, kind: NotFound, message: "No such file or directory" }, path: "/Users/leo/.foundry/cache/signatures" }
2026-10-03T05:46:05.819354Z  WARN evm::traces: failed to read cache file path="/Users/leo/.foundry/cache/signatures" err=Read { source: Os { code: 2, kind: NotFound, message: "No such file or directory" }, path: "/Users/leo/.foundry/cache/signatures" }
2026-10-03T05:46:05.819571Z  WARN evm::traces: failed to read cache file path="/Users/leo/.foundry/cache/signatures" err=Read { source: Os { code: 2, kind: NotFound, message: "No such file or directory" }, path: "/Users/leo/.foundry/cache/signatures" }
2026-10-03T05:46:05.819785Z  WARN evm::traces: failed to read cache file path="/Users/leo/.foundry/cache/signatures" err=Read { source: Os { code: 2, kind: NotFound, message: "No such file or directory" }, path: "/Users/leo/.foundry/cache/signatures" }
2026-10-03T05:46:05.819993Z  WARN evm::traces: failed to read cache file path="/Users/leo/.foundry/cache/signatures" err=Read { source: Os { code: 2, kind: NotFound, message: "No such file or directory" }, path: "/Users/leo/.foundry/cache/signatures" }
2026-10-03T05:46:05.820206Z  WARN evm::traces: failed to read cache file path="/Users/leo/.foundry/cache/signatures" err=Read { source: Os { code: 2, kind: NotFound, message: "No such file or directory" }, path: "/Users/leo/.foundry/cache/signatures" }
2026-10-03T05:46:05.820418Z  WARN evm::traces: failed to read cache file path="/Users/leo/.foundry/cache/signatures" err=Read { source: Os { code: 2, kind: NotFound, message: "No such file or directory" }, path: "/Users/leo/.foundry/cache/signatures" }
2026-10-03T05:46:05.820668Z  WARN evm::traces: failed to read cache file path="/Users/leo/.foundry/cache/signatures" err=Read { source: Os { code: 2, kind: NotFound, message: "No such file or directory" }, path: "/Users/leo/.foundry/cache/signatures" }
2026-10-03T05:46:05.821053Z  WARN evm::traces: failed to read cache file path="/Users/leo/.foundry/cache/signatures" err=Read { source: Os { code: 2, kind: NotFound, message: "No such file or directory" }, path: "/Users/leo/.foundry/cache/signatures" }
2026-10-03T05:46:05.821267Z  WARN evm::traces: failed to read cache file path="/Users/leo/.foundry/cache/signatures" err=Read { source: Os { code: 2, kind: NotFound, message: "No such file or directory" }, path: "/Users/leo/.foundry/cache/signatures" }
2026-10-03T05:46:05.821479Z  WARN evm::traces: failed to read cache file path="/Users/leo/.foundry/cache/signatures" err=Read { source: Os { code: 2, kind: NotFound, message: "No such file or directory" }, path: "/Users/leo/.foundry/cache/signatures" }
2026-10-03T05:46:05.821689Z  WARN evm::traces: failed to read cache file path="/Users/leo/.foundry/cache/signatures" err=Read { source: Os { code: 2, kind: NotFound, message: "No such file or directory" }, path: "/Users/leo/.foundry/cache/signatures" }
2026-10-03T05:46:05.821900Z  WARN evm::traces: failed to read cache file path="/Users/leo/.foundry/cache/signatures" err=Read { source: Os { code: 2, kind: NotFound, message: "No such file or directory" }, path: "/Users/leo/.foundry/cache/signatures" }
2026-10-03T05:46:05.822195Z  WARN evm::traces: failed to read cache file path="/Users/leo/.foundry/cache/signatures" err=Read { source: Os { code: 2, kind: NotFound, message: "No such file or directory" }, path: "/Users/leo/.foundry/cache/signatures" }
2026-10-03T05:46:05.823908Z  WARN evm::traces: failed to read cache file path="/Users/leo/.foundry/cache/signatures" err=Read { source: Os { code: 2, kind: NotFound, message: "No such file or directory" }, path: "/Users/leo/.foundry/cache/signatures" }
2026-10-03T05:46:05.824132Z  WARN evm::traces: failed to read cache file path="/Users/leo/.foundry/cache/signatures" err=Read { source: Os { code: 2, kind: NotFound, message: "No such file or directory" }, path: "/Users/leo/.foundry/cache/signatures" }
2026-10-03T05:46:05.824353Z  WARN evm::traces: failed to read cache file path="/Users/leo/.foundry/cache/signatures" err=Read { source: Os { code: 2, kind: NotFound, message: "No such file or directory" }, path: "/Users/leo/.foundry/cache/signatures" }
2026-10-03T05:46:05.824571Z  WARN evm::traces: failed to read cache file path="/Users/leo/.foundry/cache/signatures" err=Read { source: Os { code: 2, kind: NotFound, message: "No such file or directory" }, path: "/Users/leo/.foundry/cache/signatures" }
2026-10-03T05:46:05.824789Z  WARN evm::traces: failed to read cache file path="/Users/leo/.foundry/cache/signatures" err=Read { source: Os { code: 2, kind: NotFound, message: "No such file or directory" }, path: "/Users/leo/.foundry/cache/signatures" }
2026-10-03T05:46:05.825005Z  WARN evm::traces: failed to read cache file path="/Users/leo/.foundry/cache/signatures" err=Read { source: Os { code: 2, kind: NotFound, message: "No such file or directory" }, path: "/Users/leo/.foundry/cache/signatures" }
2026-10-03T05:46:05.825218Z  WARN evm::traces: failed to read cache file path="/Users/leo/.foundry/cache/signatures" err=Read { source: Os { code: 2, kind: NotFound, message: "No such file or directory" }, path: "/Users/leo/.foundry/cache/signatures" }
2026-10-03T05:46:05.825430Z  WARN evm::traces: failed to read cache file path="/Users/leo/.foundry/cache/signatures" err=Read { source: Os { code: 2, kind: NotFound, message: "No such file or directory" }, path: "/Users/leo/.foundry/cache/signatures" }
2026-10-03T05:46:05.825646Z  WARN evm::traces: failed to read cache file path="/Users/leo/.foundry/cache/signatures" err=Read { source: Os { code: 2, kind: NotFound, message: "No such file or directory" }, path: "/Users/leo/.foundry/cache/signatures" }
2026-10-03T05:46:05.825858Z  WARN evm::traces: failed to read cache file path="/Users/leo/.foundry/cache/signatures" err=Read { source: Os { code: 2, kind: NotFound, message: "No such file or directory" }, path: "/Users/leo/.foundry/cache/signatures" }
2026-10-03T05:46:05.826072Z  WARN evm::traces: failed to read cache file path="/Users/leo/.foundry/cache/signatures" err=Read { source: Os { code: 2, kind: NotFound, message: "No such file or directory" }, path: "/Users/leo/.foundry/cache/signatures" }
2026-10-03T05:46:05.826283Z  WARN evm::traces: failed to read cache file path="/Users/leo/.foundry/cache/signatures" err=Read { source: Os { code: 2, kind: NotFound, message: "No such file or directory" }, path: "/Users/leo/.foundry/cache/signatures" }
2026-10-03T05:46:05.826498Z  WARN evm::traces: failed to read cache file path="/Users/leo/.foundry/cache/signatures" err=Read { source: Os { code: 2, kind: NotFound, message: "No such file or directory" }, path: "/Users/leo/.foundry/cache/signatures" }
2026-10-03T05:46:05.826709Z  WARN evm::traces: failed to read cache file path="/Users/leo/.foundry/cache/signatures" err=Read { source: Os { code: 2, kind: NotFound, message: "No such file or directory" }, path: "/Users/leo/.foundry/cache/signatures" }
2026-10-03T05:46:05.826920Z  WARN evm::traces: failed to read cache file path="/Users/leo/.foundry/cache/signatures" err=Read { source: Os { code: 2, kind: NotFound, message: "No such file or directory" }, path: "/Users/leo/.foundry/cache/signatures" }
2026-10-03T05:46:05.827134Z  WARN evm::traces: failed to read cache file path="/Users/leo/.foundry/cache/signatures" err=Read { source: Os { code: 2, kind: NotFound, message: "No such file or directory" }, path: "/Users/leo/.foundry/cache/signatures" }
2026-10-03T05:46:05.827350Z  WARN evm::traces: failed to read cache file path="/Users/leo/.foundry/cache/signatures" err=Read { source: Os { code: 2, kind: NotFound, message: "No such file or directory" }, path: "/Users/leo/.foundry/cache/signatures" }
2026-10-03T05:46:05.827562Z  WARN evm::traces: failed to read cache file path="/Users/leo/.foundry/cache/signatures" err=Read { source: Os { code: 2, kind: NotFound, message: "No such file or directory" }, path: "/Users/leo/.foundry/cache/signatures" }
2026-10-03T05:46:05.827770Z  WARN evm::traces: failed to read cache file path="/Users/leo/.foundry/cache/signatures" err=Read { source: Os { code: 2, kind: NotFound, message: "No such file or directory" }, path: "/Users/leo/.foundry/cache/signatures" }
2026-10-03T05:46:05.827981Z  WARN evm::traces: failed to read cache file path="/Users/leo/.foundry/cache/signatures" err=Read { source: Os { code: 2, kind: NotFound, message: "No such file or directory" }, path: "/Users/leo/.foundry/cache/signatures" }
2026-10-03T05:46:05.828196Z  WARN evm::traces: failed to read cache file path="/Users/leo/.foundry/cache/signatures" err=Read { source: Os { code: 2, kind: NotFound, message: "No such file or directory" }, path: "/Users/leo/.foundry/cache/signatures" }
2026-10-03T05:46:05.828412Z  WARN evm::traces: failed to read cache file path="/Users/leo/.foundry/cache/signatures" err=Read { source: Os { code: 2, kind: NotFound, message: "No such file or directory" }, path: "/Users/leo/.foundry/cache/signatures" }

Ran 28 tests for test/V2Execute.t.sol:V2ExecuteUsdgCurrency0Test
[PASS] test_allInProfitDustDoesNotBlockLaterProfit() (gas: 6222428)
[PASS] test_allInStopDustDoesNotBlockLaterStop() (gas: 6324789)
[PASS] test_cannotBypassExecuteThroughOldSelectors() (gas: 469344)
[PASS] test_closedMarketWithStopConfiguredAllowsProfitButNotDip() (gas: 6690931)
[PASS] test_closedMarketWithoutStopKeepsPoolOnlyDipPolicy() (gas: 6382140)
[PASS] test_dipAfterStopRetiresTheGateForTheNextRung() (gas: 1231437)
[PASS] test_donatedLotsAtCapacityCoalesceWithoutBlockingBookingOrDip() (gas: 17904833)
[PASS] test_dustCleanupSurvivesPendingBookingAtLotCapacity() (gas: 23402879)
2026-10-03T05:46:05.828624Z  WARN evm::traces: failed to read cache file path="/Users/leo/.foundry/cache/signatures" err=Read { source: Os { code: 2, kind: NotFound, message: "No such file or directory" }, path: "/Users/leo/.foundry/cache/signatures" }
[PASS] test_fullBookCannotEraseDistinctCostStopBeforeBuy() (gas: 12863682)
[PASS] test_fullDistinctCostLotsHaveBoundedStopScanGas() (gas: 12975580)
Logs:
  Full distinct-cost execute gas: 816523

[PASS] test_fullDistinctCostLotsRejectBuyWithinGasBudget() (gas: 23009237)
[PASS] test_minimumBookedLotStillExecutesStop() (gas: 644654)
[PASS] test_minimumBookedLotStillExecutesTp1() (gas: 5747752)
[PASS] test_minimumOutputRoundingDustDoesNotBlockLaterStop() (gas: 1215704)
[PASS] test_profitAfterStopReopensDipAtTheProfitRung() (gas: 1348273)
[PASS] test_rebookingReleasedProfitDustDoesNotCountItAsNewStock() (gas: 5874753)
[PASS] test_rebookingReleasedStopDustDoesNotCountItAsNewStock() (gas: 982961)
[PASS] test_stopDustAndDueDipExecuteInTheSameCall() (gas: 1048108)
[PASS] test_stopDustWithoutAnotherDueLotDoesNotClaimASale() (gas: 904922)
[PASS] test_stopNeedsNewReportCooldownAndDeeperPriceBeforeReentry() (gas: 1015953)
[PASS] test_stopTailThatReboundsToTp1DoesNotBlockAnotherProfit() (gas: 1146907)
[PASS] test_stopWinsOverProfitAndDip_andShortFillStillBlocksBuy() (gas: 1141727)
[PASS] test_tinyStopRejectedBeforeDeployment() (gas: 213461)
[PASS] test_tinyTp1RemainderAdvancesStageWithoutClaimingSale() (gas: 5888636)
[PASS] test_unexecutableProfitDustDoesNotBlockLaterProfit() (gas: 6121697)
[PASS] test_unexecutableStopDustDoesNotBlockLaterStop() (gas: 1215880)
[PASS] test_unrepresentableChunkCannotClaimAStop() (gas: 5569501)
[PASS] test_widerMinimumOutputRoundingDustDoesNotBlockLaterStop() (gas: 1216254)
Suite result: ok. 28 passed; 0 failed; 0 skipped; finished in 110.36ms (107.85ms CPU time)
2026-10-03T05:46:05.828847Z  WARN evm::traces: failed to read cache file path="/Users/leo/.foundry/cache/signatures" err=Read { source: Os { code: 2, kind: NotFound, message: "No such file or directory" }, path: "/Users/leo/.foundry/cache/signatures" }
2026-10-03T05:46:05.829061Z  WARN evm::traces: failed to read cache file path="/Users/leo/.foundry/cache/signatures" err=Read { source: Os { code: 2, kind: NotFound, message: "No such file or directory" }, path: "/Users/leo/.foundry/cache/signatures" }
2026-10-03T05:46:05.831188Z  WARN evm::traces: failed to read cache file path="/Users/leo/.foundry/cache/signatures" err=Read { source: Os { code: 2, kind: NotFound, message: "No such file or directory" }, path: "/Users/leo/.foundry/cache/signatures" }
2026-10-03T05:46:05.831679Z  WARN evm::traces: failed to read cache file path="/Users/leo/.foundry/cache/signatures" err=Read { source: Os { code: 2, kind: NotFound, message: "No such file or directory" }, path: "/Users/leo/.foundry/cache/signatures" }
2026-10-03T05:46:05.832126Z  WARN evm::traces: failed to read cache file path="/Users/leo/.foundry/cache/signatures" err=Read { source: Os { code: 2, kind: NotFound, message: "No such file or directory" }, path: "/Users/leo/.foundry/cache/signatures" }
2026-10-03T05:46:05.832561Z  WARN evm::traces: failed to read cache file path="/Users/leo/.foundry/cache/signatures" err=Read { source: Os { code: 2, kind: NotFound, message: "No such file or directory" }, path: "/Users/leo/.foundry/cache/signatures" }
2026-10-03T05:46:05.833003Z  WARN evm::traces: failed to read cache file path="/Users/leo/.foundry/cache/signatures" err=Read { source: Os { code: 2, kind: NotFound, message: "No such file or directory" }, path: "/Users/leo/.foundry/cache/signatures" }
2026-10-03T05:46:05.833433Z  WARN evm::traces: failed to read cache file path="/Users/leo/.foundry/cache/signatures" err=Read { source: Os { code: 2, kind: NotFound, message: "No such file or directory" }, path: "/Users/leo/.foundry/cache/signatures" }
2026-10-03T05:46:05.833863Z  WARN evm::traces: failed to read cache file path="/Users/leo/.foundry/cache/signatures" err=Read { source: Os { code: 2, kind: NotFound, message: "No such file or directory" }, path: "/Users/leo/.foundry/cache/signatures" }
2026-10-03T05:46:05.834299Z  WARN evm::traces: failed to read cache file path="/Users/leo/.foundry/cache/signatures" err=Read { source: Os { code: 2, kind: NotFound, message: "No such file or directory" }, path: "/Users/leo/.foundry/cache/signatures" }
2026-10-03T05:46:05.835796Z  WARN evm::traces: failed to read cache file path="/Users/leo/.foundry/cache/signatures" err=Read { source: Os { code: 2, kind: NotFound, message: "No such file or directory" }, path: "/Users/leo/.foundry/cache/signatures" }
2026-10-03T05:46:05.836264Z  WARN evm::traces: failed to read cache file path="/Users/leo/.foundry/cache/signatures" err=Read { source: Os { code: 2, kind: NotFound, message: "No such file or directory" }, path: "/Users/leo/.foundry/cache/signatures" }
2026-10-03T05:46:05.836704Z  WARN evm::traces: failed to read cache file path="/Users/leo/.foundry/cache/signatures" err=Read { source: Os { code: 2, kind: NotFound, message: "No such file or directory" }, path: "/Users/leo/.foundry/cache/signatures" }
2026-10-03T05:46:05.837164Z  WARN evm::traces: failed to read cache file path="/Users/leo/.foundry/cache/signatures" err=Read { source: Os { code: 2, kind: NotFound, message: "No such file or directory" }, path: "/Users/leo/.foundry/cache/signatures" }
2026-10-03T05:46:05.837597Z  WARN evm::traces: failed to read cache file path="/Users/leo/.foundry/cache/signatures" err=Read { source: Os { code: 2, kind: NotFound, message: "No such file or directory" }, path: "/Users/leo/.foundry/cache/signatures" }
2026-10-03T05:46:05.838020Z  WARN evm::traces: failed to read cache file path="/Users/leo/.foundry/cache/signatures" err=Read { source: Os { code: 2, kind: NotFound, message: "No such file or directory" }, path: "/Users/leo/.foundry/cache/signatures" }
2026-10-03T05:46:05.838451Z  WARN evm::traces: failed to read cache file path="/Users/leo/.foundry/cache/signatures" err=Read { source: Os { code: 2, kind: NotFound, message: "No such file or directory" }, path: "/Users/leo/.foundry/cache/signatures" }
2026-10-03T05:46:05.838887Z  WARN evm::traces: failed to read cache file path="/Users/leo/.foundry/cache/signatures" err=Read { source: Os { code: 2, kind: NotFound, message: "No such file or directory" }, path: "/Users/leo/.foundry/cache/signatures" }
2026-10-03T05:46:05.839317Z  WARN evm::traces: failed to read cache file path="/Users/leo/.foundry/cache/signatures" err=Read { source: Os { code: 2, kind: NotFound, message: "No such file or directory" }, path: "/Users/leo/.foundry/cache/signatures" }
2026-10-03T05:46:05.839758Z  WARN evm::traces: failed to read cache file path="/Users/leo/.foundry/cache/signatures" err=Read { source: Os { code: 2, kind: NotFound, message: "No such file or directory" }, path: "/Users/leo/.foundry/cache/signatures" }
2026-10-03T05:46:05.840190Z  WARN evm::traces: failed to read cache file path="/Users/leo/.foundry/cache/signatures" err=Read { source: Os { code: 2, kind: NotFound, message: "No such file or directory" }, path: "/Users/leo/.foundry/cache/signatures" }
2026-10-03T05:46:05.840622Z  WARN evm::traces: failed to read cache file path="/Users/leo/.foundry/cache/signatures" err=Read { source: Os { code: 2, kind: NotFound, message: "No such file or directory" }, path: "/Users/leo/.foundry/cache/signatures" }
2026-10-03T05:46:05.841062Z  WARN evm::traces: failed to read cache file path="/Users/leo/.foundry/cache/signatures" err=Read { source: Os { code: 2, kind: NotFound, message: "No such file or directory" }, path: "/Users/leo/.foundry/cache/signatures" }
2026-10-03T05:46:05.841510Z  WARN evm::traces: failed to read cache file path="/Users/leo/.foundry/cache/signatures" err=Read { source: Os { code: 2, kind: NotFound, message: "No such file or directory" }, path: "/Users/leo/.foundry/cache/signatures" }
2026-10-03T05:46:05.841995Z  WARN evm::traces: failed to read cache file path="/Users/leo/.foundry/cache/signatures" err=Read { source: Os { code: 2, kind: NotFound, message: "No such file or directory" }, path: "/Users/leo/.foundry/cache/signatures" }
2026-10-03T05:46:05.842295Z  WARN evm::traces: failed to read cache file path="/Users/leo/.foundry/cache/signatures" err=Read { source: Os { code: 2, kind: NotFound, message: "No such file or directory" }, path: "/Users/leo/.foundry/cache/signatures" }
2026-10-03T05:46:05.842525Z  WARN evm::traces: failed to read cache file path="/Users/leo/.foundry/cache/signatures" err=Read { source: Os { code: 2, kind: NotFound, message: "No such file or directory" }, path: "/Users/leo/.foundry/cache/signatures" }
2026-10-03T05:46:05.842745Z  WARN evm::traces: failed to read cache file path="/Users/leo/.foundry/cache/signatures" err=Read { source: Os { code: 2, kind: NotFound, message: "No such file or directory" }, path: "/Users/leo/.foundry/cache/signatures" }
2026-10-03T05:46:05.842959Z  WARN evm::traces: failed to read cache file path="/Users/leo/.foundry/cache/signatures" err=Read { source: Os { code: 2, kind: NotFound, message: "No such file or directory" }, path: "/Users/leo/.foundry/cache/signatures" }
2026-10-03T05:46:05.843172Z  WARN evm::traces: failed to read cache file path="/Users/leo/.foundry/cache/signatures" err=Read { source: Os { code: 2, kind: NotFound, message: "No such file or directory" }, path: "/Users/leo/.foundry/cache/signatures" }
2026-10-03T05:46:05.843389Z  WARN evm::traces: failed to read cache file path="/Users/leo/.foundry/cache/signatures" err=Read { source: Os { code: 2, kind: NotFound, message: "No such file or directory" }, path: "/Users/leo/.foundry/cache/signatures" }
2026-10-03T05:46:05.843604Z  WARN evm::traces: failed to read cache file path="/Users/leo/.foundry/cache/signatures" err=Read { source: Os { code: 2, kind: NotFound, message: "No such file or directory" }, path: "/Users/leo/.foundry/cache/signatures" }
2026-10-03T05:46:05.843821Z  WARN evm::traces: failed to read cache file path="/Users/leo/.foundry/cache/signatures" err=Read { source: Os { code: 2, kind: NotFound, message: "No such file or directory" }, path: "/Users/leo/.foundry/cache/signatures" }
2026-10-03T05:46:05.844032Z  WARN evm::traces: failed to read cache file path="/Users/leo/.foundry/cache/signatures" err=Read { source: Os { code: 2, kind: NotFound, message: "No such file or directory" }, path: "/Users/leo/.foundry/cache/signatures" }
2026-10-03T05:46:05.844243Z  WARN evm::traces: failed to read cache file path="/Users/leo/.foundry/cache/signatures" err=Read { source: Os { code: 2, kind: NotFound, message: "No such file or directory" }, path: "/Users/leo/.foundry/cache/signatures" }
2026-10-03T05:46:05.844456Z  WARN evm::traces: failed to read cache file path="/Users/leo/.foundry/cache/signatures" err=Read { source: Os { code: 2, kind: NotFound, message: "No such file or directory" }, path: "/Users/leo/.foundry/cache/signatures" }
2026-10-03T05:46:05.844672Z  WARN evm::traces: failed to read cache file path="/Users/leo/.foundry/cache/signatures" err=Read { source: Os { code: 2, kind: NotFound, message: "No such file or directory" }, path: "/Users/leo/.foundry/cache/signatures" }
2026-10-03T05:46:05.844885Z  WARN evm::traces: failed to read cache file path="/Users/leo/.foundry/cache/signatures" err=Read { source: Os { code: 2, kind: NotFound, message: "No such file or directory" }, path: "/Users/leo/.foundry/cache/signatures" }
2026-10-03T05:46:05.845097Z  WARN evm::traces: failed to read cache file path="/Users/leo/.foundry/cache/signatures" err=Read { source: Os { code: 2, kind: NotFound, message: "No such file or directory" }, path: "/Users/leo/.foundry/cache/signatures" }
2026-10-03T05:46:05.845311Z  WARN evm::traces: failed to read cache file path="/Users/leo/.foundry/cache/signatures" err=Read { source: Os { code: 2, kind: NotFound, message: "No such file or directory" }, path: "/Users/leo/.foundry/cache/signatures" }
2026-10-03T05:46:05.845525Z  WARN evm::traces: failed to read cache file path="/Users/leo/.foundry/cache/signatures" err=Read { source: Os { code: 2, kind: NotFound, message: "No such file or directory" }, path: "/Users/leo/.foundry/cache/signatures" }
2026-10-03T05:46:05.845739Z  WARN evm::traces: failed to read cache file path="/Users/leo/.foundry/cache/signatures" err=Read { source: Os { code: 2, kind: NotFound, message: "No such file or directory" }, path: "/Users/leo/.foundry/cache/signatures" }
2026-10-03T05:46:05.845953Z  WARN evm::traces: failed to read cache file path="/Users/leo/.foundry/cache/signatures" err=Read { source: Os { code: 2, kind: NotFound, message: "No such file or directory" }, path: "/Users/leo/.foundry/cache/signatures" }
2026-10-03T05:46:05.846159Z  WARN evm::traces: failed to read cache file path="/Users/leo/.foundry/cache/signatures" err=Read { source: Os { code: 2, kind: NotFound, message: "No such file or directory" }, path: "/Users/leo/.foundry/cache/signatures" }
2026-10-03T05:46:05.846368Z  WARN evm::traces: failed to read cache file path="/Users/leo/.foundry/cache/signatures" err=Read { source: Os { code: 2, kind: NotFound, message: "No such file or directory" }, path: "/Users/leo/.foundry/cache/signatures" }
2026-10-03T05:46:05.846582Z  WARN evm::traces: failed to read cache file path="/Users/leo/.foundry/cache/signatures" err=Read { source: Os { code: 2, kind: NotFound, message: "No such file or directory" }, path: "/Users/leo/.foundry/cache/signatures" }
2026-10-03T05:46:05.846793Z  WARN evm::traces: failed to read cache file path="/Users/leo/.foundry/cache/signatures" err=Read { source: Os { code: 2, kind: NotFound, message: "No such file or directory" }, path: "/Users/leo/.foundry/cache/signatures" }
2026-10-03T05:46:05.847009Z  WARN evm::traces: failed to read cache file path="/Users/leo/.foundry/cache/signatures" err=Read { source: Os { code: 2, kind: NotFound, message: "No such file or directory" }, path: "/Users/leo/.foundry/cache/signatures" }
2026-10-03T05:46:05.847223Z  WARN evm::traces: failed to read cache file path="/Users/leo/.foundry/cache/signatures" err=Read { source: Os { code: 2, kind: NotFound, message: "No such file or directory" }, path: "/Users/leo/.foundry/cache/signatures" }
2026-10-03T05:46:05.847437Z  WARN evm::traces: failed to read cache file path="/Users/leo/.foundry/cache/signatures" err=Read { source: Os { code: 2, kind: NotFound, message: "No such file or directory" }, path: "/Users/leo/.foundry/cache/signatures" }
2026-10-03T05:46:05.847647Z  WARN evm::traces: failed to read cache file path="/Users/leo/.foundry/cache/signatures" err=Read { source: Os { code: 2, kind: NotFound, message: "No such file or directory" }, path: "/Users/leo/.foundry/cache/signatures" }
2026-10-03T05:46:05.847859Z  WARN evm::traces: failed to read cache file path="/Users/leo/.foundry/cache/signatures" err=Read { source: Os { code: 2, kind: NotFound, message: "No such file or directory" }, path: "/Users/leo/.foundry/cache/signatures" }
2026-10-03T05:46:05.848073Z  WARN evm::traces: failed to read cache file path="/Users/leo/.foundry/cache/signatures" err=Read { source: Os { code: 2, kind: NotFound, message: "No such file or directory" }, path: "/Users/leo/.foundry/cache/signatures" }
2026-10-03T05:46:05.848287Z  WARN evm::traces: failed to read cache file path="/Users/leo/.foundry/cache/signatures" err=Read { source: Os { code: 2, kind: NotFound, message: "No such file or directory" }, path: "/Users/leo/.foundry/cache/signatures" }
2026-10-03T05:46:05.848503Z  WARN evm::traces: failed to read cache file path="/Users/leo/.foundry/cache/signatures" err=Read { source: Os { code: 2, kind: NotFound, message: "No such file or directory" }, path: "/Users/leo/.foundry/cache/signatures" }
2026-10-03T05:46:05.848716Z  WARN evm::traces: failed to read cache file path="/Users/leo/.foundry/cache/signatures" err=Read { source: Os { code: 2, kind: NotFound, message: "No such file or directory" }, path: "/Users/leo/.foundry/cache/signatures" }
2026-10-03T05:46:05.848928Z  WARN evm::traces: failed to read cache file path="/Users/leo/.foundry/cache/signatures" err=Read { source: Os { code: 2, kind: NotFound, message: "No such file or directory" }, path: "/Users/leo/.foundry/cache/signatures" }
2026-10-03T05:46:05.849141Z  WARN evm::traces: failed to read cache file path="/Users/leo/.foundry/cache/signatures" err=Read { source: Os { code: 2, kind: NotFound, message: "No such file or directory" }, path: "/Users/leo/.foundry/cache/signatures" }
2026-10-03T05:46:05.849356Z  WARN evm::traces: failed to read cache file path="/Users/leo/.foundry/cache/signatures" err=Read { source: Os { code: 2, kind: NotFound, message: "No such file or directory" }, path: "/Users/leo/.foundry/cache/signatures" }
2026-10-03T05:46:05.849571Z  WARN evm::traces: failed to read cache file path="/Users/leo/.foundry/cache/signatures" err=Read { source: Os { code: 2, kind: NotFound, message: "No such file or directory" }, path: "/Users/leo/.foundry/cache/signatures" }
2026-10-03T05:46:05.849781Z  WARN evm::traces: failed to read cache file path="/Users/leo/.foundry/cache/signatures" err=Read { source: Os { code: 2, kind: NotFound, message: "No such file or directory" }, path: "/Users/leo/.foundry/cache/signatures" }
2026-10-03T05:46:05.849993Z  WARN evm::traces: failed to read cache file path="/Users/leo/.foundry/cache/signatures" err=Read { source: Os { code: 2, kind: NotFound, message: "No such file or directory" }, path: "/Users/leo/.foundry/cache/signatures" }
2026-10-03T05:46:05.850204Z  WARN evm::traces: failed to read cache file path="/Users/leo/.foundry/cache/signatures" err=Read { source: Os { code: 2, kind: NotFound, message: "No such file or directory" }, path: "/Users/leo/.foundry/cache/signatures" }
2026-10-03T05:46:05.850415Z  WARN evm::traces: failed to read cache file path="/Users/leo/.foundry/cache/signatures" err=Read { source: Os { code: 2, kind: NotFound, message: "No such file or directory" }, path: "/Users/leo/.foundry/cache/signatures" }
2026-10-03T05:46:05.850628Z  WARN evm::traces: failed to read cache file path="/Users/leo/.foundry/cache/signatures" err=Read { source: Os { code: 2, kind: NotFound, message: "No such file or directory" }, path: "/Users/leo/.foundry/cache/signatures" }
2026-10-03T05:46:05.850837Z  WARN evm::traces: failed to read cache file path="/Users/leo/.foundry/cache/signatures" err=Read { source: Os { code: 2, kind: NotFound, message: "No such file or directory" }, path: "/Users/leo/.foundry/cache/signatures" }
2026-10-03T05:46:05.851047Z  WARN evm::traces: failed to read cache file path="/Users/leo/.foundry/cache/signatures" err=Read { source: Os { code: 2, kind: NotFound, message: "No such file or directory" }, path: "/Users/leo/.foundry/cache/signatures" }
2026-10-03T05:46:05.851259Z  WARN evm::traces: failed to read cache file path="/Users/leo/.foundry/cache/signatures" err=Read { source: Os { code: 2, kind: NotFound, message: "No such file or directory" }, path: "/Users/leo/.foundry/cache/signatures" }
2026-10-03T05:46:05.851473Z  WARN evm::traces: failed to read cache file path="/Users/leo/.foundry/cache/signatures" err=Read { source: Os { code: 2, kind: NotFound, message: "No such file or directory" }, path: "/Users/leo/.foundry/cache/signatures" }
2026-10-03T05:46:05.851687Z  WARN evm::traces: failed to read cache file path="/Users/leo/.foundry/cache/signatures" err=Read { source: Os { code: 2, kind: NotFound, message: "No such file or directory" }, path: "/Users/leo/.foundry/cache/signatures" }
2026-10-03T05:46:05.851901Z  WARN evm::traces: failed to read cache file path="/Users/leo/.foundry/cache/signatures" err=Read { source: Os { code: 2, kind: NotFound, message: "No such file or directory" }, path: "/Users/leo/.foundry/cache/signatures" }
2026-10-03T05:46:05.852119Z  WARN evm::traces: failed to read cache file path="/Users/leo/.foundry/cache/signatures" err=Read { source: Os { code: 2, kind: NotFound, message: "No such file or directory" }, path: "/Users/leo/.foundry/cache/signatures" }
2026-10-03T05:46:05.852333Z  WARN evm::traces: failed to read cache file path="/Users/leo/.foundry/cache/signatures" err=Read { source: Os { code: 2, kind: NotFound, message: "No such file or directory" }, path: "/Users/leo/.foundry/cache/signatures" }
2026-10-03T05:46:05.852547Z  WARN evm::traces: failed to read cache file path="/Users/leo/.foundry/cache/signatures" err=Read { source: Os { code: 2, kind: NotFound, message: "No such file or directory" }, path: "/Users/leo/.foundry/cache/signatures" }
2026-10-03T05:46:05.852762Z  WARN evm::traces: failed to read cache file path="/Users/leo/.foundry/cache/signatures" err=Read { source: Os { code: 2, kind: NotFound, message: "No such file or directory" }, path: "/Users/leo/.foundry/cache/signatures" }
2026-10-03T05:46:05.852981Z  WARN evm::traces: failed to read cache file path="/Users/leo/.foundry/cache/signatures" err=Read { source: Os { code: 2, kind: NotFound, message: "No such file or directory" }, path: "/Users/leo/.foundry/cache/signatures" }
2026-10-03T05:46:05.853187Z  WARN evm::traces: failed to read cache file path="/Users/leo/.foundry/cache/signatures" err=Read { source: Os { code: 2, kind: NotFound, message: "No such file or directory" }, path: "/Users/leo/.foundry/cache/signatures" }
2026-10-03T05:46:05.853398Z  WARN evm::traces: failed to read cache file path="/Users/leo/.foundry/cache/signatures" err=Read { source: Os { code: 2, kind: NotFound, message: "No such file or directory" }, path: "/Users/leo/.foundry/cache/signatures" }
2026-10-03T05:46:05.853613Z  WARN evm::traces: failed to read cache file path="/Users/leo/.foundry/cache/signatures" err=Read { source: Os { code: 2, kind: NotFound, message: "No such file or directory" }, path: "/Users/leo/.foundry/cache/signatures" }
2026-10-03T05:46:05.853827Z  WARN evm::traces: failed to read cache file path="/Users/leo/.foundry/cache/signatures" err=Read { source: Os { code: 2, kind: NotFound, message: "No such file or directory" }, path: "/Users/leo/.foundry/cache/signatures" }
2026-10-03T05:46:05.854039Z  WARN evm::traces: failed to read cache file path="/Users/leo/.foundry/cache/signatures" err=Read { source: Os { code: 2, kind: NotFound, message: "No such file or directory" }, path: "/Users/leo/.foundry/cache/signatures" }
2026-10-03T05:46:05.854248Z  WARN evm::traces: failed to read cache file path="/Users/leo/.foundry/cache/signatures" err=Read { source: Os { code: 2, kind: NotFound, message: "No such file or directory" }, path: "/Users/leo/.foundry/cache/signatures" }
2026-10-03T05:46:05.854460Z  WARN evm::traces: failed to read cache file path="/Users/leo/.foundry/cache/signatures" err=Read { source: Os { code: 2, kind: NotFound, message: "No such file or directory" }, path: "/Users/leo/.foundry/cache/signatures" }
2026-10-03T05:46:05.854670Z  WARN evm::traces: failed to read cache file path="/Users/leo/.foundry/cache/signatures" err=Read { source: Os { code: 2, kind: NotFound, message: "No such file or directory" }, path: "/Users/leo/.foundry/cache/signatures" }
2026-10-03T05:46:05.854877Z  WARN evm::traces: failed to read cache file path="/Users/leo/.foundry/cache/signatures" err=Read { source: Os { code: 2, kind: NotFound, message: "No such file or directory" }, path: "/Users/leo/.foundry/cache/signatures" }
2026-10-03T05:46:05.855085Z  WARN evm::traces: failed to read cache file path="/Users/leo/.foundry/cache/signatures" err=Read { source: Os { code: 2, kind: NotFound, message: "No such file or directory" }, path: "/Users/leo/.foundry/cache/signatures" }
2026-10-03T05:46:05.855300Z  WARN evm::traces: failed to read cache file path="/Users/leo/.foundry/cache/signatures" err=Read { source: Os { code: 2, kind: NotFound, message: "No such file or directory" }, path: "/Users/leo/.foundry/cache/signatures" }
2026-10-03T05:46:05.855517Z  WARN evm::traces: failed to read cache file path="/Users/leo/.foundry/cache/signatures" err=Read { source: Os { code: 2, kind: NotFound, message: "No such file or directory" }, path: "/Users/leo/.foundry/cache/signatures" }
2026-10-03T05:46:05.855734Z  WARN evm::traces: failed to read cache file path="/Users/leo/.foundry/cache/signatures" err=Read { source: Os { code: 2, kind: NotFound, message: "No such file or directory" }, path: "/Users/leo/.foundry/cache/signatures" }
2026-10-03T05:46:05.855951Z  WARN evm::traces: failed to read cache file path="/Users/leo/.foundry/cache/signatures" err=Read { source: Os { code: 2, kind: NotFound, message: "No such file or directory" }, path: "/Users/leo/.foundry/cache/signatures" }
2026-10-03T05:46:05.856164Z  WARN evm::traces: failed to read cache file path="/Users/leo/.foundry/cache/signatures" err=Read { source: Os { code: 2, kind: NotFound, message: "No such file or directory" }, path: "/Users/leo/.foundry/cache/signatures" }
2026-10-03T05:46:05.856374Z  WARN evm::traces: failed to read cache file path="/Users/leo/.foundry/cache/signatures" err=Read { source: Os { code: 2, kind: NotFound, message: "No such file or directory" }, path: "/Users/leo/.foundry/cache/signatures" }
2026-10-03T05:46:05.856581Z  WARN evm::traces: failed to read cache file path="/Users/leo/.foundry/cache/signatures" err=Read { source: Os { code: 2, kind: NotFound, message: "No such file or directory" }, path: "/Users/leo/.foundry/cache/signatures" }
2026-10-03T05:46:05.856789Z  WARN evm::traces: failed to read cache file path="/Users/leo/.foundry/cache/signatures" err=Read { source: Os { code: 2, kind: NotFound, message: "No such file or directory" }, path: "/Users/leo/.foundry/cache/signatures" }
2026-10-03T05:46:05.856993Z  WARN evm::traces: failed to read cache file path="/Users/leo/.foundry/cache/signatures" err=Read { source: Os { code: 2, kind: NotFound, message: "No such file or directory" }, path: "/Users/leo/.foundry/cache/signatures" }
2026-10-03T05:46:05.857207Z  WARN evm::traces: failed to read cache file path="/Users/leo/.foundry/cache/signatures" err=Read { source: Os { code: 2, kind: NotFound, message: "No such file or directory" }, path: "/Users/leo/.foundry/cache/signatures" }
2026-10-03T05:46:05.857419Z  WARN evm::traces: failed to read cache file path="/Users/leo/.foundry/cache/signatures" err=Read { source: Os { code: 2, kind: NotFound, message: "No such file or directory" }, path: "/Users/leo/.foundry/cache/signatures" }
2026-10-03T05:46:05.857635Z  WARN evm::traces: failed to read cache file path="/Users/leo/.foundry/cache/signatures" err=Read { source: Os { code: 2, kind: NotFound, message: "No such file or directory" }, path: "/Users/leo/.foundry/cache/signatures" }
2026-10-03T05:46:05.857846Z  WARN evm::traces: failed to read cache file path="/Users/leo/.foundry/cache/signatures" err=Read { source: Os { code: 2, kind: NotFound, message: "No such file or directory" }, path: "/Users/leo/.foundry/cache/signatures" }

Ran 2 tests for test/V2MarketMixedScenarios.t.sol:V2MarketMixedScenariosTest
[PASS] test_mixedCurveSameTimestampOrdering() (gas: 601117)
Logs:
  Scenario mixed-curve sellerA-after-buy raw: 1978846534980511330
  Scenario mixed-curve sellerA-before-buy raw: 1243836344314558980
  Scenario mixed-curve sellerB-after-buy raw: 2045616651325756787
  Scenario mixed-curve sellerB-before-buy raw: 1418674099172698390
  Scenario mixed-curve sell-tax-after-buy raw: 4447162576256252010
  Scenario mixed-curve sell-tax-before-buy raw: 4295834493720806371

[PASS] test_mixedV4SameTimestampOrdering() (gas: 4201766)
Logs:
  Scenario mixed-v4 sellerA-after-buy raw: 11047106383872499633
  Scenario mixed-v4 sellerA-before-buy raw: 7812194673657531465
  Scenario mixed-v4 sellerB-after-buy raw: 9403848967745605598
  Scenario mixed-v4 sellerB-before-buy raw: 7224753040692290250

Suite result: ok. 2 passed; 0 failed; 0 skipped; finished in 113.20ms (2.66ms CPU time)
2026-10-03T05:46:05.858059Z  WARN evm::traces: failed to read cache file path="/Users/leo/.foundry/cache/signatures" err=Read { source: Os { code: 2, kind: NotFound, message: "No such file or directory" }, path: "/Users/leo/.foundry/cache/signatures" }
2026-10-03T05:46:05.858687Z  WARN evm::traces: failed to read cache file path="/Users/leo/.foundry/cache/signatures" err=Read { source: Os { code: 2, kind: NotFound, message: "No such file or directory" }, path: "/Users/leo/.foundry/cache/signatures" }
2026-10-03T05:46:05.859134Z  WARN evm::traces: failed to read cache file path="/Users/leo/.foundry/cache/signatures" err=Read { source: Os { code: 2, kind: NotFound, message: "No such file or directory" }, path: "/Users/leo/.foundry/cache/signatures" }
2026-10-03T05:46:05.859576Z  WARN evm::traces: failed to read cache file path="/Users/leo/.foundry/cache/signatures" err=Read { source: Os { code: 2, kind: NotFound, message: "No such file or directory" }, path: "/Users/leo/.foundry/cache/signatures" }
2026-10-03T05:46:05.860018Z  WARN evm::traces: failed to read cache file path="/Users/leo/.foundry/cache/signatures" err=Read { source: Os { code: 2, kind: NotFound, message: "No such file or directory" }, path: "/Users/leo/.foundry/cache/signatures" }
2026-10-03T05:46:05.860458Z  WARN evm::traces: failed to read cache file path="/Users/leo/.foundry/cache/signatures" err=Read { source: Os { code: 2, kind: NotFound, message: "No such file or directory" }, path: "/Users/leo/.foundry/cache/signatures" }
2026-10-03T05:46:05.860907Z  WARN evm::traces: failed to read cache file path="/Users/leo/.foundry/cache/signatures" err=Read { source: Os { code: 2, kind: NotFound, message: "No such file or directory" }, path: "/Users/leo/.foundry/cache/signatures" }
2026-10-03T05:46:05.861341Z  WARN evm::traces: failed to read cache file path="/Users/leo/.foundry/cache/signatures" err=Read { source: Os { code: 2, kind: NotFound, message: "No such file or directory" }, path: "/Users/leo/.foundry/cache/signatures" }
2026-10-03T05:46:05.861772Z  WARN evm::traces: failed to read cache file path="/Users/leo/.foundry/cache/signatures" err=Read { source: Os { code: 2, kind: NotFound, message: "No such file or directory" }, path: "/Users/leo/.foundry/cache/signatures" }
2026-10-03T05:46:05.862206Z  WARN evm::traces: failed to read cache file path="/Users/leo/.foundry/cache/signatures" err=Read { source: Os { code: 2, kind: NotFound, message: "No such file or directory" }, path: "/Users/leo/.foundry/cache/signatures" }
2026-10-03T05:46:05.862653Z  WARN evm::traces: failed to read cache file path="/Users/leo/.foundry/cache/signatures" err=Read { source: Os { code: 2, kind: NotFound, message: "No such file or directory" }, path: "/Users/leo/.foundry/cache/signatures" }
2026-10-03T05:46:05.863137Z  WARN evm::traces: failed to read cache file path="/Users/leo/.foundry/cache/signatures" err=Read { source: Os { code: 2, kind: NotFound, message: "No such file or directory" }, path: "/Users/leo/.foundry/cache/signatures" }
2026-10-03T05:46:05.863578Z  WARN evm::traces: failed to read cache file path="/Users/leo/.foundry/cache/signatures" err=Read { source: Os { code: 2, kind: NotFound, message: "No such file or directory" }, path: "/Users/leo/.foundry/cache/signatures" }
2026-10-03T05:46:05.864015Z  WARN evm::traces: failed to read cache file path="/Users/leo/.foundry/cache/signatures" err=Read { source: Os { code: 2, kind: NotFound, message: "No such file or directory" }, path: "/Users/leo/.foundry/cache/signatures" }
2026-10-03T05:46:05.864452Z  WARN evm::traces: failed to read cache file path="/Users/leo/.foundry/cache/signatures" err=Read { source: Os { code: 2, kind: NotFound, message: "No such file or directory" }, path: "/Users/leo/.foundry/cache/signatures" }
2026-10-03T05:46:05.864919Z  WARN evm::traces: failed to read cache file path="/Users/leo/.foundry/cache/signatures" err=Read { source: Os { code: 2, kind: NotFound, message: "No such file or directory" }, path: "/Users/leo/.foundry/cache/signatures" }
2026-10-03T05:46:05.865367Z  WARN evm::traces: failed to read cache file path="/Users/leo/.foundry/cache/signatures" err=Read { source: Os { code: 2, kind: NotFound, message: "No such file or directory" }, path: "/Users/leo/.foundry/cache/signatures" }
2026-10-03T05:46:05.865806Z  WARN evm::traces: failed to read cache file path="/Users/leo/.foundry/cache/signatures" err=Read { source: Os { code: 2, kind: NotFound, message: "No such file or directory" }, path: "/Users/leo/.foundry/cache/signatures" }
2026-10-03T05:46:05.866234Z  WARN evm::traces: failed to read cache file path="/Users/leo/.foundry/cache/signatures" err=Read { source: Os { code: 2, kind: NotFound, message: "No such file or directory" }, path: "/Users/leo/.foundry/cache/signatures" }
2026-10-03T05:46:05.866894Z  WARN evm::traces: failed to read cache file path="/Users/leo/.foundry/cache/signatures" err=Read { source: Os { code: 2, kind: NotFound, message: "No such file or directory" }, path: "/Users/leo/.foundry/cache/signatures" }
2026-10-03T05:46:05.867349Z  WARN evm::traces: failed to read cache file path="/Users/leo/.foundry/cache/signatures" err=Read { source: Os { code: 2, kind: NotFound, message: "No such file or directory" }, path: "/Users/leo/.foundry/cache/signatures" }
2026-10-03T05:46:05.867788Z  WARN evm::traces: failed to read cache file path="/Users/leo/.foundry/cache/signatures" err=Read { source: Os { code: 2, kind: NotFound, message: "No such file or directory" }, path: "/Users/leo/.foundry/cache/signatures" }
2026-10-03T05:46:05.868228Z  WARN evm::traces: failed to read cache file path="/Users/leo/.foundry/cache/signatures" err=Read { source: Os { code: 2, kind: NotFound, message: "No such file or directory" }, path: "/Users/leo/.foundry/cache/signatures" }
2026-10-03T05:46:05.868686Z  WARN evm::traces: failed to read cache file path="/Users/leo/.foundry/cache/signatures" err=Read { source: Os { code: 2, kind: NotFound, message: "No such file or directory" }, path: "/Users/leo/.foundry/cache/signatures" }
2026-10-03T05:46:05.869140Z  WARN evm::traces: failed to read cache file path="/Users/leo/.foundry/cache/signatures" err=Read { source: Os { code: 2, kind: NotFound, message: "No such file or directory" }, path: "/Users/leo/.foundry/cache/signatures" }
2026-10-03T05:46:05.869586Z  WARN evm::traces: failed to read cache file path="/Users/leo/.foundry/cache/signatures" err=Read { source: Os { code: 2, kind: NotFound, message: "No such file or directory" }, path: "/Users/leo/.foundry/cache/signatures" }
2026-10-03T05:46:05.870023Z  WARN evm::traces: failed to read cache file path="/Users/leo/.foundry/cache/signatures" err=Read { source: Os { code: 2, kind: NotFound, message: "No such file or directory" }, path: "/Users/leo/.foundry/cache/signatures" }
2026-10-03T05:46:05.870446Z  WARN evm::traces: failed to read cache file path="/Users/leo/.foundry/cache/signatures" err=Read { source: Os { code: 2, kind: NotFound, message: "No such file or directory" }, path: "/Users/leo/.foundry/cache/signatures" }
2026-10-03T05:46:05.870880Z  WARN evm::traces: failed to read cache file path="/Users/leo/.foundry/cache/signatures" err=Read { source: Os { code: 2, kind: NotFound, message: "No such file or directory" }, path: "/Users/leo/.foundry/cache/signatures" }
2026-10-03T05:46:05.871321Z  WARN evm::traces: failed to read cache file path="/Users/leo/.foundry/cache/signatures" err=Read { source: Os { code: 2, kind: NotFound, message: "No such file or directory" }, path: "/Users/leo/.foundry/cache/signatures" }
2026-10-03T05:46:05.871756Z  WARN evm::traces: failed to read cache file path="/Users/leo/.foundry/cache/signatures" err=Read { source: Os { code: 2, kind: NotFound, message: "No such file or directory" }, path: "/Users/leo/.foundry/cache/signatures" }
2026-10-03T05:46:05.872187Z  WARN evm::traces: failed to read cache file path="/Users/leo/.foundry/cache/signatures" err=Read { source: Os { code: 2, kind: NotFound, message: "No such file or directory" }, path: "/Users/leo/.foundry/cache/signatures" }
2026-10-03T05:46:05.872606Z  WARN evm::traces: failed to read cache file path="/Users/leo/.foundry/cache/signatures" err=Read { source: Os { code: 2, kind: NotFound, message: "No such file or directory" }, path: "/Users/leo/.foundry/cache/signatures" }
2026-10-03T05:46:05.872842Z  WARN evm::traces: failed to read cache file path="/Users/leo/.foundry/cache/signatures" err=Read { source: Os { code: 2, kind: NotFound, message: "No such file or directory" }, path: "/Users/leo/.foundry/cache/signatures" }
2026-10-03T05:46:05.873058Z  WARN evm::traces: failed to read cache file path="/Users/leo/.foundry/cache/signatures" err=Read { source: Os { code: 2, kind: NotFound, message: "No such file or directory" }, path: "/Users/leo/.foundry/cache/signatures" }
2026-10-03T05:46:05.873275Z  WARN evm::traces: failed to read cache file path="/Users/leo/.foundry/cache/signatures" err=Read { source: Os { code: 2, kind: NotFound, message: "No such file or directory" }, path: "/Users/leo/.foundry/cache/signatures" }
2026-10-03T05:46:05.873491Z  WARN evm::traces: failed to read cache file path="/Users/leo/.foundry/cache/signatures" err=Read { source: Os { code: 2, kind: NotFound, message: "No such file or directory" }, path: "/Users/leo/.foundry/cache/signatures" }
2026-10-03T05:46:05.873701Z  WARN evm::traces: failed to read cache file path="/Users/leo/.foundry/cache/signatures" err=Read { source: Os { code: 2, kind: NotFound, message: "No such file or directory" }, path: "/Users/leo/.foundry/cache/signatures" }
2026-10-03T05:46:05.873913Z  WARN evm::traces: failed to read cache file path="/Users/leo/.foundry/cache/signatures" err=Read { source: Os { code: 2, kind: NotFound, message: "No such file or directory" }, path: "/Users/leo/.foundry/cache/signatures" }
2026-10-03T05:46:05.874125Z  WARN evm::traces: failed to read cache file path="/Users/leo/.foundry/cache/signatures" err=Read { source: Os { code: 2, kind: NotFound, message: "No such file or directory" }, path: "/Users/leo/.foundry/cache/signatures" }
2026-10-03T05:46:05.874342Z  WARN evm::traces: failed to read cache file path="/Users/leo/.foundry/cache/signatures" err=Read { source: Os { code: 2, kind: NotFound, message: "No such file or directory" }, path: "/Users/leo/.foundry/cache/signatures" }
2026-10-03T05:46:05.874557Z  WARN evm::traces: failed to read cache file path="/Users/leo/.foundry/cache/signatures" err=Read { source: Os { code: 2, kind: NotFound, message: "No such file or directory" }, path: "/Users/leo/.foundry/cache/signatures" }
2026-10-03T05:46:05.874765Z  WARN evm::traces: failed to read cache file path="/Users/leo/.foundry/cache/signatures" err=Read { source: Os { code: 2, kind: NotFound, message: "No such file or directory" }, path: "/Users/leo/.foundry/cache/signatures" }
2026-10-03T05:46:05.874974Z  WARN evm::traces: failed to read cache file path="/Users/leo/.foundry/cache/signatures" err=Read { source: Os { code: 2, kind: NotFound, message: "No such file or directory" }, path: "/Users/leo/.foundry/cache/signatures" }
2026-10-03T05:46:05.875185Z  WARN evm::traces: failed to read cache file path="/Users/leo/.foundry/cache/signatures" err=Read { source: Os { code: 2, kind: NotFound, message: "No such file or directory" }, path: "/Users/leo/.foundry/cache/signatures" }
2026-10-03T05:46:05.875402Z  WARN evm::traces: failed to read cache file path="/Users/leo/.foundry/cache/signatures" err=Read { source: Os { code: 2, kind: NotFound, message: "No such file or directory" }, path: "/Users/leo/.foundry/cache/signatures" }
2026-10-03T05:46:05.875617Z  WARN evm::traces: failed to read cache file path="/Users/leo/.foundry/cache/signatures" err=Read { source: Os { code: 2, kind: NotFound, message: "No such file or directory" }, path: "/Users/leo/.foundry/cache/signatures" }
2026-10-03T05:46:05.875834Z  WARN evm::traces: failed to read cache file path="/Users/leo/.foundry/cache/signatures" err=Read { source: Os { code: 2, kind: NotFound, message: "No such file or directory" }, path: "/Users/leo/.foundry/cache/signatures" }
2026-10-03T05:46:05.876048Z  WARN evm::traces: failed to read cache file path="/Users/leo/.foundry/cache/signatures" err=Read { source: Os { code: 2, kind: NotFound, message: "No such file or directory" }, path: "/Users/leo/.foundry/cache/signatures" }
2026-10-03T05:46:05.876267Z  WARN evm::traces: failed to read cache file path="/Users/leo/.foundry/cache/signatures" err=Read { source: Os { code: 2, kind: NotFound, message: "No such file or directory" }, path: "/Users/leo/.foundry/cache/signatures" }
2026-10-03T05:46:05.876478Z  WARN evm::traces: failed to read cache file path="/Users/leo/.foundry/cache/signatures" err=Read { source: Os { code: 2, kind: NotFound, message: "No such file or directory" }, path: "/Users/leo/.foundry/cache/signatures" }
2026-10-03T05:46:05.876690Z  WARN evm::traces: failed to read cache file path="/Users/leo/.foundry/cache/signatures" err=Read { source: Os { code: 2, kind: NotFound, message: "No such file or directory" }, path: "/Users/leo/.foundry/cache/signatures" }
2026-10-03T05:46:05.876906Z  WARN evm::traces: failed to read cache file path="/Users/leo/.foundry/cache/signatures" err=Read { source: Os { code: 2, kind: NotFound, message: "No such file or directory" }, path: "/Users/leo/.foundry/cache/signatures" }
2026-10-03T05:46:05.877122Z  WARN evm::traces: failed to read cache file path="/Users/leo/.foundry/cache/signatures" err=Read { source: Os { code: 2, kind: NotFound, message: "No such file or directory" }, path: "/Users/leo/.foundry/cache/signatures" }
2026-10-03T05:46:05.877337Z  WARN evm::traces: failed to read cache file path="/Users/leo/.foundry/cache/signatures" err=Read { source: Os { code: 2, kind: NotFound, message: "No such file or directory" }, path: "/Users/leo/.foundry/cache/signatures" }
2026-10-03T05:46:05.877553Z  WARN evm::traces: failed to read cache file path="/Users/leo/.foundry/cache/signatures" err=Read { source: Os { code: 2, kind: NotFound, message: "No such file or directory" }, path: "/Users/leo/.foundry/cache/signatures" }
2026-10-03T05:46:05.877770Z  WARN evm::traces: failed to read cache file path="/Users/leo/.foundry/cache/signatures" err=Read { source: Os { code: 2, kind: NotFound, message: "No such file or directory" }, path: "/Users/leo/.foundry/cache/signatures" }
2026-10-03T05:46:05.877984Z  WARN evm::traces: failed to read cache file path="/Users/leo/.foundry/cache/signatures" err=Read { source: Os { code: 2, kind: NotFound, message: "No such file or directory" }, path: "/Users/leo/.foundry/cache/signatures" }
2026-10-03T05:46:05.878197Z  WARN evm::traces: failed to read cache file path="/Users/leo/.foundry/cache/signatures" err=Read { source: Os { code: 2, kind: NotFound, message: "No such file or directory" }, path: "/Users/leo/.foundry/cache/signatures" }
2026-10-03T05:46:05.878409Z  WARN evm::traces: failed to read cache file path="/Users/leo/.foundry/cache/signatures" err=Read { source: Os { code: 2, kind: NotFound, message: "No such file or directory" }, path: "/Users/leo/.foundry/cache/signatures" }
2026-10-03T05:46:05.878622Z  WARN evm::traces: failed to read cache file path="/Users/leo/.foundry/cache/signatures" err=Read { source: Os { code: 2, kind: NotFound, message: "No such file or directory" }, path: "/Users/leo/.foundry/cache/signatures" }
2026-10-03T05:46:05.878833Z  WARN evm::traces: failed to read cache file path="/Users/leo/.foundry/cache/signatures" err=Read { source: Os { code: 2, kind: NotFound, message: "No such file or directory" }, path: "/Users/leo/.foundry/cache/signatures" }
2026-10-03T05:46:05.879049Z  WARN evm::traces: failed to read cache file path="/Users/leo/.foundry/cache/signatures" err=Read { source: Os { code: 2, kind: NotFound, message: "No such file or directory" }, path: "/Users/leo/.foundry/cache/signatures" }
2026-10-03T05:46:05.879428Z  WARN evm::traces: failed to read cache file path="/Users/leo/.foundry/cache/signatures" err=Read { source: Os { code: 2, kind: NotFound, message: "No such file or directory" }, path: "/Users/leo/.foundry/cache/signatures" }
2026-10-03T05:46:05.879698Z  WARN evm::traces: failed to read cache file path="/Users/leo/.foundry/cache/signatures" err=Read { source: Os { code: 2, kind: NotFound, message: "No such file or directory" }, path: "/Users/leo/.foundry/cache/signatures" }
2026-10-03T05:46:05.879928Z  WARN evm::traces: failed to read cache file path="/Users/leo/.foundry/cache/signatures" err=Read { source: Os { code: 2, kind: NotFound, message: "No such file or directory" }, path: "/Users/leo/.foundry/cache/signatures" }
2026-10-03T05:46:05.880371Z  WARN evm::traces: failed to read cache file path="/Users/leo/.foundry/cache/signatures" err=Read { source: Os { code: 2, kind: NotFound, message: "No such file or directory" }, path: "/Users/leo/.foundry/cache/signatures" }
2026-10-03T05:46:05.880915Z  WARN evm::traces: failed to read cache file path="/Users/leo/.foundry/cache/signatures" err=Read { source: Os { code: 2, kind: NotFound, message: "No such file or directory" }, path: "/Users/leo/.foundry/cache/signatures" }
2026-10-03T05:46:05.881448Z  WARN evm::traces: failed to read cache file path="/Users/leo/.foundry/cache/signatures" err=Read { source: Os { code: 2, kind: NotFound, message: "No such file or directory" }, path: "/Users/leo/.foundry/cache/signatures" }
2026-10-03T05:46:05.881912Z  WARN evm::traces: failed to read cache file path="/Users/leo/.foundry/cache/signatures" err=Read { source: Os { code: 2, kind: NotFound, message: "No such file or directory" }, path: "/Users/leo/.foundry/cache/signatures" }
2026-10-03T05:46:05.882355Z  WARN evm::traces: failed to read cache file path="/Users/leo/.foundry/cache/signatures" err=Read { source: Os { code: 2, kind: NotFound, message: "No such file or directory" }, path: "/Users/leo/.foundry/cache/signatures" }
2026-10-03T05:46:05.882818Z  WARN evm::traces: failed to read cache file path="/Users/leo/.foundry/cache/signatures" err=Read { source: Os { code: 2, kind: NotFound, message: "No such file or directory" }, path: "/Users/leo/.foundry/cache/signatures" }
2026-10-03T05:46:05.883445Z  WARN evm::traces: failed to read cache file path="/Users/leo/.foundry/cache/signatures" err=Read { source: Os { code: 2, kind: NotFound, message: "No such file or directory" }, path: "/Users/leo/.foundry/cache/signatures" }
2026-10-03T05:46:05.883916Z  WARN evm::traces: failed to read cache file path="/Users/leo/.foundry/cache/signatures" err=Read { source: Os { code: 2, kind: NotFound, message: "No such file or directory" }, path: "/Users/leo/.foundry/cache/signatures" }
2026-10-03T05:46:05.884366Z  WARN evm::traces: failed to read cache file path="/Users/leo/.foundry/cache/signatures" err=Read { source: Os { code: 2, kind: NotFound, message: "No such file or directory" }, path: "/Users/leo/.foundry/cache/signatures" }
2026-10-03T05:46:05.884823Z  WARN evm::traces: failed to read cache file path="/Users/leo/.foundry/cache/signatures" err=Read { source: Os { code: 2, kind: NotFound, message: "No such file or directory" }, path: "/Users/leo/.foundry/cache/signatures" }
2026-10-03T05:46:05.885277Z  WARN evm::traces: failed to read cache file path="/Users/leo/.foundry/cache/signatures" err=Read { source: Os { code: 2, kind: NotFound, message: "No such file or directory" }, path: "/Users/leo/.foundry/cache/signatures" }
2026-10-03T05:46:05.885768Z  WARN evm::traces: failed to read cache file path="/Users/leo/.foundry/cache/signatures" err=Read { source: Os { code: 2, kind: NotFound, message: "No such file or directory" }, path: "/Users/leo/.foundry/cache/signatures" }
2026-10-03T05:46:05.886229Z  WARN evm::traces: failed to read cache file path="/Users/leo/.foundry/cache/signatures" err=Read { source: Os { code: 2, kind: NotFound, message: "No such file or directory" }, path: "/Users/leo/.foundry/cache/signatures" }
2026-10-03T05:46:05.886735Z  WARN evm::traces: failed to read cache file path="/Users/leo/.foundry/cache/signatures" err=Read { source: Os { code: 2, kind: NotFound, message: "No such file or directory" }, path: "/Users/leo/.foundry/cache/signatures" }
2026-10-03T05:46:05.887774Z  WARN evm::traces: failed to read cache file path="/Users/leo/.foundry/cache/signatures" err=Read { source: Os { code: 2, kind: NotFound, message: "No such file or directory" }, path: "/Users/leo/.foundry/cache/signatures" }
2026-10-03T05:46:05.888001Z  WARN evm::traces: failed to read cache file path="/Users/leo/.foundry/cache/signatures" err=Read { source: Os { code: 2, kind: NotFound, message: "No such file or directory" }, path: "/Users/leo/.foundry/cache/signatures" }
2026-10-03T05:46:05.888215Z  WARN evm::traces: failed to read cache file path="/Users/leo/.foundry/cache/signatures" err=Read { source: Os { code: 2, kind: NotFound, message: "No such file or directory" }, path: "/Users/leo/.foundry/cache/signatures" }
2026-10-03T05:46:05.888427Z  WARN evm::traces: failed to read cache file path="/Users/leo/.foundry/cache/signatures" err=Read { source: Os { code: 2, kind: NotFound, message: "No such file or directory" }, path: "/Users/leo/.foundry/cache/signatures" }
2026-10-03T05:46:05.888638Z  WARN evm::traces: failed to read cache file path="/Users/leo/.foundry/cache/signatures" err=Read { source: Os { code: 2, kind: NotFound, message: "No such file or directory" }, path: "/Users/leo/.foundry/cache/signatures" }
2026-10-03T05:46:05.888855Z  WARN evm::traces: failed to read cache file path="/Users/leo/.foundry/cache/signatures" err=Read { source: Os { code: 2, kind: NotFound, message: "No such file or directory" }, path: "/Users/leo/.foundry/cache/signatures" }
2026-10-03T05:46:05.889069Z  WARN evm::traces: failed to read cache file path="/Users/leo/.foundry/cache/signatures" err=Read { source: Os { code: 2, kind: NotFound, message: "No such file or directory" }, path: "/Users/leo/.foundry/cache/signatures" }
2026-10-03T05:46:05.889283Z  WARN evm::traces: failed to read cache file path="/Users/leo/.foundry/cache/signatures" err=Read { source: Os { code: 2, kind: NotFound, message: "No such file or directory" }, path: "/Users/leo/.foundry/cache/signatures" }
2026-10-03T05:46:05.889498Z  WARN evm::traces: failed to read cache file path="/Users/leo/.foundry/cache/signatures" err=Read { source: Os { code: 2, kind: NotFound, message: "No such file or directory" }, path: "/Users/leo/.foundry/cache/signatures" }
2026-10-03T05:46:05.889711Z  WARN evm::traces: failed to read cache file path="/Users/leo/.foundry/cache/signatures" err=Read { source: Os { code: 2, kind: NotFound, message: "No such file or directory" }, path: "/Users/leo/.foundry/cache/signatures" }
2026-10-03T05:46:05.889922Z  WARN evm::traces: failed to read cache file path="/Users/leo/.foundry/cache/signatures" err=Read { source: Os { code: 2, kind: NotFound, message: "No such file or directory" }, path: "/Users/leo/.foundry/cache/signatures" }
2026-10-03T05:46:05.890137Z  WARN evm::traces: failed to read cache file path="/Users/leo/.foundry/cache/signatures" err=Read { source: Os { code: 2, kind: NotFound, message: "No such file or directory" }, path: "/Users/leo/.foundry/cache/signatures" }
2026-10-03T05:46:05.890350Z  WARN evm::traces: failed to read cache file path="/Users/leo/.foundry/cache/signatures" err=Read { source: Os { code: 2, kind: NotFound, message: "No such file or directory" }, path: "/Users/leo/.foundry/cache/signatures" }
2026-10-03T05:46:05.890564Z  WARN evm::traces: failed to read cache file path="/Users/leo/.foundry/cache/signatures" err=Read { source: Os { code: 2, kind: NotFound, message: "No such file or directory" }, path: "/Users/leo/.foundry/cache/signatures" }
2026-10-03T05:46:05.890775Z  WARN evm::traces: failed to read cache file path="/Users/leo/.foundry/cache/signatures" err=Read { source: Os { code: 2, kind: NotFound, message: "No such file or directory" }, path: "/Users/leo/.foundry/cache/signatures" }
2026-10-03T05:46:05.890982Z  WARN evm::traces: failed to read cache file path="/Users/leo/.foundry/cache/signatures" err=Read { source: Os { code: 2, kind: NotFound, message: "No such file or directory" }, path: "/Users/leo/.foundry/cache/signatures" }
2026-10-03T05:46:05.891193Z  WARN evm::traces: failed to read cache file path="/Users/leo/.foundry/cache/signatures" err=Read { source: Os { code: 2, kind: NotFound, message: "No such file or directory" }, path: "/Users/leo/.foundry/cache/signatures" }
2026-10-03T05:46:05.891405Z  WARN evm::traces: failed to read cache file path="/Users/leo/.foundry/cache/signatures" err=Read { source: Os { code: 2, kind: NotFound, message: "No such file or directory" }, path: "/Users/leo/.foundry/cache/signatures" }
2026-10-03T05:46:05.891620Z  WARN evm::traces: failed to read cache file path="/Users/leo/.foundry/cache/signatures" err=Read { source: Os { code: 2, kind: NotFound, message: "No such file or directory" }, path: "/Users/leo/.foundry/cache/signatures" }
2026-10-03T05:46:05.891835Z  WARN evm::traces: failed to read cache file path="/Users/leo/.foundry/cache/signatures" err=Read { source: Os { code: 2, kind: NotFound, message: "No such file or directory" }, path: "/Users/leo/.foundry/cache/signatures" }
2026-10-03T05:46:05.892048Z  WARN evm::traces: failed to read cache file path="/Users/leo/.foundry/cache/signatures" err=Read { source: Os { code: 2, kind: NotFound, message: "No such file or directory" }, path: "/Users/leo/.foundry/cache/signatures" }
2026-10-03T05:46:05.892258Z  WARN evm::traces: failed to read cache file path="/Users/leo/.foundry/cache/signatures" err=Read { source: Os { code: 2, kind: NotFound, message: "No such file or directory" }, path: "/Users/leo/.foundry/cache/signatures" }
2026-10-03T05:46:05.892469Z  WARN evm::traces: failed to read cache file path="/Users/leo/.foundry/cache/signatures" err=Read { source: Os { code: 2, kind: NotFound, message: "No such file or directory" }, path: "/Users/leo/.foundry/cache/signatures" }
2026-10-03T05:46:05.892678Z  WARN evm::traces: failed to read cache file path="/Users/leo/.foundry/cache/signatures" err=Read { source: Os { code: 2, kind: NotFound, message: "No such file or directory" }, path: "/Users/leo/.foundry/cache/signatures" }
2026-10-03T05:46:05.892890Z  WARN evm::traces: failed to read cache file path="/Users/leo/.foundry/cache/signatures" err=Read { source: Os { code: 2, kind: NotFound, message: "No such file or directory" }, path: "/Users/leo/.foundry/cache/signatures" }
2026-10-03T05:46:05.893108Z  WARN evm::traces: failed to read cache file path="/Users/leo/.foundry/cache/signatures" err=Read { source: Os { code: 2, kind: NotFound, message: "No such file or directory" }, path: "/Users/leo/.foundry/cache/signatures" }
2026-10-03T05:46:05.893320Z  WARN evm::traces: failed to read cache file path="/Users/leo/.foundry/cache/signatures" err=Read { source: Os { code: 2, kind: NotFound, message: "No such file or directory" }, path: "/Users/leo/.foundry/cache/signatures" }
2026-10-03T05:46:05.893532Z  WARN evm::traces: failed to read cache file path="/Users/leo/.foundry/cache/signatures" err=Read { source: Os { code: 2, kind: NotFound, message: "No such file or directory" }, path: "/Users/leo/.foundry/cache/signatures" }
2026-10-03T05:46:05.893744Z  WARN evm::traces: failed to read cache file path="/Users/leo/.foundry/cache/signatures" err=Read { source: Os { code: 2, kind: NotFound, message: "No such file or directory" }, path: "/Users/leo/.foundry/cache/signatures" }
2026-10-03T05:46:05.893956Z  WARN evm::traces: failed to read cache file path="/Users/leo/.foundry/cache/signatures" err=Read { source: Os { code: 2, kind: NotFound, message: "No such file or directory" }, path: "/Users/leo/.foundry/cache/signatures" }
2026-10-03T05:46:05.894170Z  WARN evm::traces: failed to read cache file path="/Users/leo/.foundry/cache/signatures" err=Read { source: Os { code: 2, kind: NotFound, message: "No such file or directory" }, path: "/Users/leo/.foundry/cache/signatures" }
2026-10-03T05:46:05.894378Z  WARN evm::traces: failed to read cache file path="/Users/leo/.foundry/cache/signatures" err=Read { source: Os { code: 2, kind: NotFound, message: "No such file or directory" }, path: "/Users/leo/.foundry/cache/signatures" }
2026-10-03T05:46:05.894591Z  WARN evm::traces: failed to read cache file path="/Users/leo/.foundry/cache/signatures" err=Read { source: Os { code: 2, kind: NotFound, message: "No such file or directory" }, path: "/Users/leo/.foundry/cache/signatures" }
2026-10-03T05:46:05.894806Z  WARN evm::traces: failed to read cache file path="/Users/leo/.foundry/cache/signatures" err=Read { source: Os { code: 2, kind: NotFound, message: "No such file or directory" }, path: "/Users/leo/.foundry/cache/signatures" }
2026-10-03T05:46:05.895022Z  WARN evm::traces: failed to read cache file path="/Users/leo/.foundry/cache/signatures" err=Read { source: Os { code: 2, kind: NotFound, message: "No such file or directory" }, path: "/Users/leo/.foundry/cache/signatures" }
2026-10-03T05:46:05.895235Z  WARN evm::traces: failed to read cache file path="/Users/leo/.foundry/cache/signatures" err=Read { source: Os { code: 2, kind: NotFound, message: "No such file or directory" }, path: "/Users/leo/.foundry/cache/signatures" }
2026-10-03T05:46:05.895448Z  WARN evm::traces: failed to read cache file path="/Users/leo/.foundry/cache/signatures" err=Read { source: Os { code: 2, kind: NotFound, message: "No such file or directory" }, path: "/Users/leo/.foundry/cache/signatures" }
2026-10-03T05:46:05.895665Z  WARN evm::traces: failed to read cache file path="/Users/leo/.foundry/cache/signatures" err=Read { source: Os { code: 2, kind: NotFound, message: "No such file or directory" }, path: "/Users/leo/.foundry/cache/signatures" }
2026-10-03T05:46:05.895876Z  WARN evm::traces: failed to read cache file path="/Users/leo/.foundry/cache/signatures" err=Read { source: Os { code: 2, kind: NotFound, message: "No such file or directory" }, path: "/Users/leo/.foundry/cache/signatures" }
2026-10-03T05:46:05.896176Z  WARN evm::traces: failed to read cache file path="/Users/leo/.foundry/cache/signatures" err=Read { source: Os { code: 2, kind: NotFound, message: "No such file or directory" }, path: "/Users/leo/.foundry/cache/signatures" }
2026-10-03T05:46:05.896392Z  WARN evm::traces: failed to read cache file path="/Users/leo/.foundry/cache/signatures" err=Read { source: Os { code: 2, kind: NotFound, message: "No such file or directory" }, path: "/Users/leo/.foundry/cache/signatures" }
2026-10-03T05:46:05.896608Z  WARN evm::traces: failed to read cache file path="/Users/leo/.foundry/cache/signatures" err=Read { source: Os { code: 2, kind: NotFound, message: "No such file or directory" }, path: "/Users/leo/.foundry/cache/signatures" }
2026-10-03T05:46:05.896824Z  WARN evm::traces: failed to read cache file path="/Users/leo/.foundry/cache/signatures" err=Read { source: Os { code: 2, kind: NotFound, message: "No such file or directory" }, path: "/Users/leo/.foundry/cache/signatures" }
2026-10-03T05:46:05.897037Z  WARN evm::traces: failed to read cache file path="/Users/leo/.foundry/cache/signatures" err=Read { source: Os { code: 2, kind: NotFound, message: "No such file or directory" }, path: "/Users/leo/.foundry/cache/signatures" }
2026-10-03T05:46:05.897250Z  WARN evm::traces: failed to read cache file path="/Users/leo/.foundry/cache/signatures" err=Read { source: Os { code: 2, kind: NotFound, message: "No such file or directory" }, path: "/Users/leo/.foundry/cache/signatures" }
2026-10-03T05:46:05.897464Z  WARN evm::traces: failed to read cache file path="/Users/leo/.foundry/cache/signatures" err=Read { source: Os { code: 2, kind: NotFound, message: "No such file or directory" }, path: "/Users/leo/.foundry/cache/signatures" }
2026-10-03T05:46:05.897672Z  WARN evm::traces: failed to read cache file path="/Users/leo/.foundry/cache/signatures" err=Read { source: Os { code: 2, kind: NotFound, message: "No such file or directory" }, path: "/Users/leo/.foundry/cache/signatures" }
2026-10-03T05:46:05.897881Z  WARN evm::traces: failed to read cache file path="/Users/leo/.foundry/cache/signatures" err=Read { source: Os { code: 2, kind: NotFound, message: "No such file or directory" }, path: "/Users/leo/.foundry/cache/signatures" }
2026-10-03T05:46:05.898092Z  WARN evm::traces: failed to read cache file path="/Users/leo/.foundry/cache/signatures" err=Read { source: Os { code: 2, kind: NotFound, message: "No such file or directory" }, path: "/Users/leo/.foundry/cache/signatures" }
2026-10-03T05:46:05.898308Z  WARN evm::traces: failed to read cache file path="/Users/leo/.foundry/cache/signatures" err=Read { source: Os { code: 2, kind: NotFound, message: "No such file or directory" }, path: "/Users/leo/.foundry/cache/signatures" }
2026-10-03T05:46:05.898522Z  WARN evm::traces: failed to read cache file path="/Users/leo/.foundry/cache/signatures" err=Read { source: Os { code: 2, kind: NotFound, message: "No such file or directory" }, path: "/Users/leo/.foundry/cache/signatures" }
2026-10-03T05:46:05.898736Z  WARN evm::traces: failed to read cache file path="/Users/leo/.foundry/cache/signatures" err=Read { source: Os { code: 2, kind: NotFound, message: "No such file or directory" }, path: "/Users/leo/.foundry/cache/signatures" }
2026-10-03T05:46:05.898944Z  WARN evm::traces: failed to read cache file path="/Users/leo/.foundry/cache/signatures" err=Read { source: Os { code: 2, kind: NotFound, message: "No such file or directory" }, path: "/Users/leo/.foundry/cache/signatures" }
2026-10-03T05:46:05.899158Z  WARN evm::traces: failed to read cache file path="/Users/leo/.foundry/cache/signatures" err=Read { source: Os { code: 2, kind: NotFound, message: "No such file or directory" }, path: "/Users/leo/.foundry/cache/signatures" }
2026-10-03T05:46:05.899372Z  WARN evm::traces: failed to read cache file path="/Users/leo/.foundry/cache/signatures" err=Read { source: Os { code: 2, kind: NotFound, message: "No such file or directory" }, path: "/Users/leo/.foundry/cache/signatures" }
2026-10-03T05:46:05.899588Z  WARN evm::traces: failed to read cache file path="/Users/leo/.foundry/cache/signatures" err=Read { source: Os { code: 2, kind: NotFound, message: "No such file or directory" }, path: "/Users/leo/.foundry/cache/signatures" }
2026-10-03T05:46:05.899798Z  WARN evm::traces: failed to read cache file path="/Users/leo/.foundry/cache/signatures" err=Read { source: Os { code: 2, kind: NotFound, message: "No such file or directory" }, path: "/Users/leo/.foundry/cache/signatures" }
2026-10-03T05:46:05.900007Z  WARN evm::traces: failed to read cache file path="/Users/leo/.foundry/cache/signatures" err=Read { source: Os { code: 2, kind: NotFound, message: "No such file or directory" }, path: "/Users/leo/.foundry/cache/signatures" }
2026-10-03T05:46:05.900221Z  WARN evm::traces: failed to read cache file path="/Users/leo/.foundry/cache/signatures" err=Read { source: Os { code: 2, kind: NotFound, message: "No such file or directory" }, path: "/Users/leo/.foundry/cache/signatures" }
2026-10-03T05:46:05.900436Z  WARN evm::traces: failed to read cache file path="/Users/leo/.foundry/cache/signatures" err=Read { source: Os { code: 2, kind: NotFound, message: "No such file or directory" }, path: "/Users/leo/.foundry/cache/signatures" }
2026-10-03T05:46:05.900649Z  WARN evm::traces: failed to read cache file path="/Users/leo/.foundry/cache/signatures" err=Read { source: Os { code: 2, kind: NotFound, message: "No such file or directory" }, path: "/Users/leo/.foundry/cache/signatures" }
2026-10-03T05:46:05.900864Z  WARN evm::traces: failed to read cache file path="/Users/leo/.foundry/cache/signatures" err=Read { source: Os { code: 2, kind: NotFound, message: "No such file or directory" }, path: "/Users/leo/.foundry/cache/signatures" }
2026-10-03T05:46:05.901077Z  WARN evm::traces: failed to read cache file path="/Users/leo/.foundry/cache/signatures" err=Read { source: Os { code: 2, kind: NotFound, message: "No such file or directory" }, path: "/Users/leo/.foundry/cache/signatures" }
2026-10-03T05:46:05.901286Z  WARN evm::traces: failed to read cache file path="/Users/leo/.foundry/cache/signatures" err=Read { source: Os { code: 2, kind: NotFound, message: "No such file or directory" }, path: "/Users/leo/.foundry/cache/signatures" }
2026-10-03T05:46:05.901497Z  WARN evm::traces: failed to read cache file path="/Users/leo/.foundry/cache/signatures" err=Read { source: Os { code: 2, kind: NotFound, message: "No such file or directory" }, path: "/Users/leo/.foundry/cache/signatures" }
2026-10-03T05:46:05.901711Z  WARN evm::traces: failed to read cache file path="/Users/leo/.foundry/cache/signatures" err=Read { source: Os { code: 2, kind: NotFound, message: "No such file or directory" }, path: "/Users/leo/.foundry/cache/signatures" }
2026-10-03T05:46:05.901921Z  WARN evm::traces: failed to read cache file path="/Users/leo/.foundry/cache/signatures" err=Read { source: Os { code: 2, kind: NotFound, message: "No such file or directory" }, path: "/Users/leo/.foundry/cache/signatures" }
2026-10-03T05:46:05.902133Z  WARN evm::traces: failed to read cache file path="/Users/leo/.foundry/cache/signatures" err=Read { source: Os { code: 2, kind: NotFound, message: "No such file or directory" }, path: "/Users/leo/.foundry/cache/signatures" }
2026-10-03T05:46:05.902346Z  WARN evm::traces: failed to read cache file path="/Users/leo/.foundry/cache/signatures" err=Read { source: Os { code: 2, kind: NotFound, message: "No such file or directory" }, path: "/Users/leo/.foundry/cache/signatures" }
2026-10-03T05:46:05.902559Z  WARN evm::traces: failed to read cache file path="/Users/leo/.foundry/cache/signatures" err=Read { source: Os { code: 2, kind: NotFound, message: "No such file or directory" }, path: "/Users/leo/.foundry/cache/signatures" }
2026-10-03T05:46:05.902776Z  WARN evm::traces: failed to read cache file path="/Users/leo/.foundry/cache/signatures" err=Read { source: Os { code: 2, kind: NotFound, message: "No such file or directory" }, path: "/Users/leo/.foundry/cache/signatures" }
2026-10-03T05:46:05.902991Z  WARN evm::traces: failed to read cache file path="/Users/leo/.foundry/cache/signatures" err=Read { source: Os { code: 2, kind: NotFound, message: "No such file or directory" }, path: "/Users/leo/.foundry/cache/signatures" }
2026-10-03T05:46:05.903207Z  WARN evm::traces: failed to read cache file path="/Users/leo/.foundry/cache/signatures" err=Read { source: Os { code: 2, kind: NotFound, message: "No such file or directory" }, path: "/Users/leo/.foundry/cache/signatures" }
2026-10-03T05:46:05.903421Z  WARN evm::traces: failed to read cache file path="/Users/leo/.foundry/cache/signatures" err=Read { source: Os { code: 2, kind: NotFound, message: "No such file or directory" }, path: "/Users/leo/.foundry/cache/signatures" }
2026-10-03T05:46:05.903636Z  WARN evm::traces: failed to read cache file path="/Users/leo/.foundry/cache/signatures" err=Read { source: Os { code: 2, kind: NotFound, message: "No such file or directory" }, path: "/Users/leo/.foundry/cache/signatures" }
2026-10-03T05:46:05.903851Z  WARN evm::traces: failed to read cache file path="/Users/leo/.foundry/cache/signatures" err=Read { source: Os { code: 2, kind: NotFound, message: "No such file or directory" }, path: "/Users/leo/.foundry/cache/signatures" }
2026-10-03T05:46:05.904062Z  WARN evm::traces: failed to read cache file path="/Users/leo/.foundry/cache/signatures" err=Read { source: Os { code: 2, kind: NotFound, message: "No such file or directory" }, path: "/Users/leo/.foundry/cache/signatures" }
2026-10-03T05:46:05.904273Z  WARN evm::traces: failed to read cache file path="/Users/leo/.foundry/cache/signatures" err=Read { source: Os { code: 2, kind: NotFound, message: "No such file or directory" }, path: "/Users/leo/.foundry/cache/signatures" }
2026-10-03T05:46:05.904480Z  WARN evm::traces: failed to read cache file path="/Users/leo/.foundry/cache/signatures" err=Read { source: Os { code: 2, kind: NotFound, message: "No such file or directory" }, path: "/Users/leo/.foundry/cache/signatures" }
2026-10-03T05:46:05.904692Z  WARN evm::traces: failed to read cache file path="/Users/leo/.foundry/cache/signatures" err=Read { source: Os { code: 2, kind: NotFound, message: "No such file or directory" }, path: "/Users/leo/.foundry/cache/signatures" }
2026-10-03T05:46:05.904905Z  WARN evm::traces: failed to read cache file path="/Users/leo/.foundry/cache/signatures" err=Read { source: Os { code: 2, kind: NotFound, message: "No such file or directory" }, path: "/Users/leo/.foundry/cache/signatures" }
2026-10-03T05:46:05.905114Z  WARN evm::traces: failed to read cache file path="/Users/leo/.foundry/cache/signatures" err=Read { source: Os { code: 2, kind: NotFound, message: "No such file or directory" }, path: "/Users/leo/.foundry/cache/signatures" }
2026-10-03T05:46:05.905320Z  WARN evm::traces: failed to read cache file path="/Users/leo/.foundry/cache/signatures" err=Read { source: Os { code: 2, kind: NotFound, message: "No such file or directory" }, path: "/Users/leo/.foundry/cache/signatures" }
2026-10-03T05:46:05.905532Z  WARN evm::traces: failed to read cache file path="/Users/leo/.foundry/cache/signatures" err=Read { source: Os { code: 2, kind: NotFound, message: "No such file or directory" }, path: "/Users/leo/.foundry/cache/signatures" }
2026-10-03T05:46:05.905744Z  WARN evm::traces: failed to read cache file path="/Users/leo/.foundry/cache/signatures" err=Read { source: Os { code: 2, kind: NotFound, message: "No such file or directory" }, path: "/Users/leo/.foundry/cache/signatures" }
2026-10-03T05:46:05.905954Z  WARN evm::traces: failed to read cache file path="/Users/leo/.foundry/cache/signatures" err=Read { source: Os { code: 2, kind: NotFound, message: "No such file or directory" }, path: "/Users/leo/.foundry/cache/signatures" }
2026-10-03T05:46:05.906169Z  WARN evm::traces: failed to read cache file path="/Users/leo/.foundry/cache/signatures" err=Read { source: Os { code: 2, kind: NotFound, message: "No such file or directory" }, path: "/Users/leo/.foundry/cache/signatures" }
2026-10-03T05:46:05.906379Z  WARN evm::traces: failed to read cache file path="/Users/leo/.foundry/cache/signatures" err=Read { source: Os { code: 2, kind: NotFound, message: "No such file or directory" }, path: "/Users/leo/.foundry/cache/signatures" }
2026-10-03T05:46:05.906589Z  WARN evm::traces: failed to read cache file path="/Users/leo/.foundry/cache/signatures" err=Read { source: Os { code: 2, kind: NotFound, message: "No such file or directory" }, path: "/Users/leo/.foundry/cache/signatures" }
2026-10-03T05:46:05.906802Z  WARN evm::traces: failed to read cache file path="/Users/leo/.foundry/cache/signatures" err=Read { source: Os { code: 2, kind: NotFound, message: "No such file or directory" }, path: "/Users/leo/.foundry/cache/signatures" }
2026-10-03T05:46:05.907010Z  WARN evm::traces: failed to read cache file path="/Users/leo/.foundry/cache/signatures" err=Read { source: Os { code: 2, kind: NotFound, message: "No such file or directory" }, path: "/Users/leo/.foundry/cache/signatures" }
2026-10-03T05:46:05.907222Z  WARN evm::traces: failed to read cache file path="/Users/leo/.foundry/cache/signatures" err=Read { source: Os { code: 2, kind: NotFound, message: "No such file or directory" }, path: "/Users/leo/.foundry/cache/signatures" }
2026-10-03T05:46:05.907438Z  WARN evm::traces: failed to read cache file path="/Users/leo/.foundry/cache/signatures" err=Read { source: Os { code: 2, kind: NotFound, message: "No such file or directory" }, path: "/Users/leo/.foundry/cache/signatures" }
2026-10-03T05:46:05.907652Z  WARN evm::traces: failed to read cache file path="/Users/leo/.foundry/cache/signatures" err=Read { source: Os { code: 2, kind: NotFound, message: "No such file or directory" }, path: "/Users/leo/.foundry/cache/signatures" }
2026-10-03T05:46:05.907863Z  WARN evm::traces: failed to read cache file path="/Users/leo/.foundry/cache/signatures" err=Read { source: Os { code: 2, kind: NotFound, message: "No such file or directory" }, path: "/Users/leo/.foundry/cache/signatures" }
2026-10-03T05:46:05.908075Z  WARN evm::traces: failed to read cache file path="/Users/leo/.foundry/cache/signatures" err=Read { source: Os { code: 2, kind: NotFound, message: "No such file or directory" }, path: "/Users/leo/.foundry/cache/signatures" }
2026-10-03T05:46:05.908287Z  WARN evm::traces: failed to read cache file path="/Users/leo/.foundry/cache/signatures" err=Read { source: Os { code: 2, kind: NotFound, message: "No such file or directory" }, path: "/Users/leo/.foundry/cache/signatures" }
2026-10-03T05:46:05.908499Z  WARN evm::traces: failed to read cache file path="/Users/leo/.foundry/cache/signatures" err=Read { source: Os { code: 2, kind: NotFound, message: "No such file or directory" }, path: "/Users/leo/.foundry/cache/signatures" }
2026-10-03T05:46:05.908711Z  WARN evm::traces: failed to read cache file path="/Users/leo/.foundry/cache/signatures" err=Read { source: Os { code: 2, kind: NotFound, message: "No such file or directory" }, path: "/Users/leo/.foundry/cache/signatures" }
2026-10-03T05:46:05.908928Z  WARN evm::traces: failed to read cache file path="/Users/leo/.foundry/cache/signatures" err=Read { source: Os { code: 2, kind: NotFound, message: "No such file or directory" }, path: "/Users/leo/.foundry/cache/signatures" }
2026-10-03T05:46:05.909146Z  WARN evm::traces: failed to read cache file path="/Users/leo/.foundry/cache/signatures" err=Read { source: Os { code: 2, kind: NotFound, message: "No such file or directory" }, path: "/Users/leo/.foundry/cache/signatures" }
2026-10-03T05:46:05.909364Z  WARN evm::traces: failed to read cache file path="/Users/leo/.foundry/cache/signatures" err=Read { source: Os { code: 2, kind: NotFound, message: "No such file or directory" }, path: "/Users/leo/.foundry/cache/signatures" }
2026-10-03T05:46:05.909576Z  WARN evm::traces: failed to read cache file path="/Users/leo/.foundry/cache/signatures" err=Read { source: Os { code: 2, kind: NotFound, message: "No such file or directory" }, path: "/Users/leo/.foundry/cache/signatures" }
2026-10-03T05:46:05.909801Z  WARN evm::traces: failed to read cache file path="/Users/leo/.foundry/cache/signatures" err=Read { source: Os { code: 2, kind: NotFound, message: "No such file or directory" }, path: "/Users/leo/.foundry/cache/signatures" }
2026-10-03T05:46:05.910018Z  WARN evm::traces: failed to read cache file path="/Users/leo/.foundry/cache/signatures" err=Read { source: Os { code: 2, kind: NotFound, message: "No such file or directory" }, path: "/Users/leo/.foundry/cache/signatures" }
2026-10-03T05:46:05.910233Z  WARN evm::traces: failed to read cache file path="/Users/leo/.foundry/cache/signatures" err=Read { source: Os { code: 2, kind: NotFound, message: "No such file or directory" }, path: "/Users/leo/.foundry/cache/signatures" }
2026-10-03T05:46:05.910451Z  WARN evm::traces: failed to read cache file path="/Users/leo/.foundry/cache/signatures" err=Read { source: Os { code: 2, kind: NotFound, message: "No such file or directory" }, path: "/Users/leo/.foundry/cache/signatures" }
2026-10-03T05:46:05.910665Z  WARN evm::traces: failed to read cache file path="/Users/leo/.foundry/cache/signatures" err=Read { source: Os { code: 2, kind: NotFound, message: "No such file or directory" }, path: "/Users/leo/.foundry/cache/signatures" }
2026-10-03T05:46:05.910881Z  WARN evm::traces: failed to read cache file path="/Users/leo/.foundry/cache/signatures" err=Read { source: Os { code: 2, kind: NotFound, message: "No such file or directory" }, path: "/Users/leo/.foundry/cache/signatures" }
2026-10-03T05:46:05.911102Z  WARN evm::traces: failed to read cache file path="/Users/leo/.foundry/cache/signatures" err=Read { source: Os { code: 2, kind: NotFound, message: "No such file or directory" }, path: "/Users/leo/.foundry/cache/signatures" }
2026-10-03T05:46:05.911316Z  WARN evm::traces: failed to read cache file path="/Users/leo/.foundry/cache/signatures" err=Read { source: Os { code: 2, kind: NotFound, message: "No such file or directory" }, path: "/Users/leo/.foundry/cache/signatures" }
2026-10-03T05:46:05.911533Z  WARN evm::traces: failed to read cache file path="/Users/leo/.foundry/cache/signatures" err=Read { source: Os { code: 2, kind: NotFound, message: "No such file or directory" }, path: "/Users/leo/.foundry/cache/signatures" }
2026-10-03T05:46:05.911743Z  WARN evm::traces: failed to read cache file path="/Users/leo/.foundry/cache/signatures" err=Read { source: Os { code: 2, kind: NotFound, message: "No such file or directory" }, path: "/Users/leo/.foundry/cache/signatures" }
2026-10-03T05:46:05.911956Z  WARN evm::traces: failed to read cache file path="/Users/leo/.foundry/cache/signatures" err=Read { source: Os { code: 2, kind: NotFound, message: "No such file or directory" }, path: "/Users/leo/.foundry/cache/signatures" }
2026-10-03T05:46:05.913675Z  WARN evm::traces: failed to read cache file path="/Users/leo/.foundry/cache/signatures" err=Read { source: Os { code: 2, kind: NotFound, message: "No such file or directory" }, path: "/Users/leo/.foundry/cache/signatures" }
2026-10-03T05:46:05.914248Z  WARN evm::traces: failed to read cache file path="/Users/leo/.foundry/cache/signatures" err=Read { source: Os { code: 2, kind: NotFound, message: "No such file or directory" }, path: "/Users/leo/.foundry/cache/signatures" }
2026-10-03T05:46:05.914806Z  WARN evm::traces: failed to read cache file path="/Users/leo/.foundry/cache/signatures" err=Read { source: Os { code: 2, kind: NotFound, message: "No such file or directory" }, path: "/Users/leo/.foundry/cache/signatures" }
2026-10-03T05:46:05.915486Z  WARN evm::traces: failed to read cache file path="/Users/leo/.foundry/cache/signatures" err=Read { source: Os { code: 2, kind: NotFound, message: "No such file or directory" }, path: "/Users/leo/.foundry/cache/signatures" }
2026-10-03T05:46:05.916083Z  WARN evm::traces: failed to read cache file path="/Users/leo/.foundry/cache/signatures" err=Read { source: Os { code: 2, kind: NotFound, message: "No such file or directory" }, path: "/Users/leo/.foundry/cache/signatures" }
2026-10-03T05:46:05.916560Z  WARN evm::traces: failed to read cache file path="/Users/leo/.foundry/cache/signatures" err=Read { source: Os { code: 2, kind: NotFound, message: "No such file or directory" }, path: "/Users/leo/.foundry/cache/signatures" }
2026-10-03T05:46:05.917033Z  WARN evm::traces: failed to read cache file path="/Users/leo/.foundry/cache/signatures" err=Read { source: Os { code: 2, kind: NotFound, message: "No such file or directory" }, path: "/Users/leo/.foundry/cache/signatures" }
2026-10-03T05:46:05.917539Z  WARN evm::traces: failed to read cache file path="/Users/leo/.foundry/cache/signatures" err=Read { source: Os { code: 2, kind: NotFound, message: "No such file or directory" }, path: "/Users/leo/.foundry/cache/signatures" }
2026-10-03T05:46:05.919852Z  WARN evm::traces: failed to read cache file path="/Users/leo/.foundry/cache/signatures" err=Read { source: Os { code: 2, kind: NotFound, message: "No such file or directory" }, path: "/Users/leo/.foundry/cache/signatures" }
2026-10-03T05:46:05.920706Z  WARN evm::traces: failed to read cache file path="/Users/leo/.foundry/cache/signatures" err=Read { source: Os { code: 2, kind: NotFound, message: "No such file or directory" }, path: "/Users/leo/.foundry/cache/signatures" }
2026-10-03T05:46:05.921104Z  WARN evm::traces: failed to read cache file path="/Users/leo/.foundry/cache/signatures" err=Read { source: Os { code: 2, kind: NotFound, message: "No such file or directory" }, path: "/Users/leo/.foundry/cache/signatures" }
2026-10-03T05:46:05.921325Z  WARN evm::traces: failed to read cache file path="/Users/leo/.foundry/cache/signatures" err=Read { source: Os { code: 2, kind: NotFound, message: "No such file or directory" }, path: "/Users/leo/.foundry/cache/signatures" }
2026-10-03T05:46:05.921537Z  WARN evm::traces: failed to read cache file path="/Users/leo/.foundry/cache/signatures" err=Read { source: Os { code: 2, kind: NotFound, message: "No such file or directory" }, path: "/Users/leo/.foundry/cache/signatures" }
2026-10-03T05:46:05.921750Z  WARN evm::traces: failed to read cache file path="/Users/leo/.foundry/cache/signatures" err=Read { source: Os { code: 2, kind: NotFound, message: "No such file or directory" }, path: "/Users/leo/.foundry/cache/signatures" }
2026-10-03T05:46:05.921963Z  WARN evm::traces: failed to read cache file path="/Users/leo/.foundry/cache/signatures" err=Read { source: Os { code: 2, kind: NotFound, message: "No such file or directory" }, path: "/Users/leo/.foundry/cache/signatures" }
2026-10-03T05:46:05.922174Z  WARN evm::traces: failed to read cache file path="/Users/leo/.foundry/cache/signatures" err=Read { source: Os { code: 2, kind: NotFound, message: "No such file or directory" }, path: "/Users/leo/.foundry/cache/signatures" }
2026-10-03T05:46:05.922391Z  WARN evm::traces: failed to read cache file path="/Users/leo/.foundry/cache/signatures" err=Read { source: Os { code: 2, kind: NotFound, message: "No such file or directory" }, path: "/Users/leo/.foundry/cache/signatures" }
2026-10-03T05:46:05.922607Z  WARN evm::traces: failed to read cache file path="/Users/leo/.foundry/cache/signatures" err=Read { source: Os { code: 2, kind: NotFound, message: "No such file or directory" }, path: "/Users/leo/.foundry/cache/signatures" }
2026-10-03T05:46:05.922820Z  WARN evm::traces: failed to read cache file path="/Users/leo/.foundry/cache/signatures" err=Read { source: Os { code: 2, kind: NotFound, message: "No such file or directory" }, path: "/Users/leo/.foundry/cache/signatures" }
2026-10-03T05:46:05.923032Z  WARN evm::traces: failed to read cache file path="/Users/leo/.foundry/cache/signatures" err=Read { source: Os { code: 2, kind: NotFound, message: "No such file or directory" }, path: "/Users/leo/.foundry/cache/signatures" }
2026-10-03T05:46:05.923241Z  WARN evm::traces: failed to read cache file path="/Users/leo/.foundry/cache/signatures" err=Read { source: Os { code: 2, kind: NotFound, message: "No such file or directory" }, path: "/Users/leo/.foundry/cache/signatures" }
2026-10-03T05:46:05.923454Z  WARN evm::traces: failed to read cache file path="/Users/leo/.foundry/cache/signatures" err=Read { source: Os { code: 2, kind: NotFound, message: "No such file or directory" }, path: "/Users/leo/.foundry/cache/signatures" }
2026-10-03T05:46:05.923667Z  WARN evm::traces: failed to read cache file path="/Users/leo/.foundry/cache/signatures" err=Read { source: Os { code: 2, kind: NotFound, message: "No such file or directory" }, path: "/Users/leo/.foundry/cache/signatures" }
2026-10-03T05:46:05.923888Z  WARN evm::traces: failed to read cache file path="/Users/leo/.foundry/cache/signatures" err=Read { source: Os { code: 2, kind: NotFound, message: "No such file or directory" }, path: "/Users/leo/.foundry/cache/signatures" }
2026-10-03T05:46:05.924100Z  WARN evm::traces: failed to read cache file path="/Users/leo/.foundry/cache/signatures" err=Read { source: Os { code: 2, kind: NotFound, message: "No such file or directory" }, path: "/Users/leo/.foundry/cache/signatures" }
2026-10-03T05:46:05.924312Z  WARN evm::traces: failed to read cache file path="/Users/leo/.foundry/cache/signatures" err=Read { source: Os { code: 2, kind: NotFound, message: "No such file or directory" }, path: "/Users/leo/.foundry/cache/signatures" }
2026-10-03T05:46:05.924525Z  WARN evm::traces: failed to read cache file path="/Users/leo/.foundry/cache/signatures" err=Read { source: Os { code: 2, kind: NotFound, message: "No such file or directory" }, path: "/Users/leo/.foundry/cache/signatures" }
2026-10-03T05:46:05.924737Z  WARN evm::traces: failed to read cache file path="/Users/leo/.foundry/cache/signatures" err=Read { source: Os { code: 2, kind: NotFound, message: "No such file or directory" }, path: "/Users/leo/.foundry/cache/signatures" }
2026-10-03T05:46:05.924951Z  WARN evm::traces: failed to read cache file path="/Users/leo/.foundry/cache/signatures" err=Read { source: Os { code: 2, kind: NotFound, message: "No such file or directory" }, path: "/Users/leo/.foundry/cache/signatures" }
2026-10-03T05:46:05.925172Z  WARN evm::traces: failed to read cache file path="/Users/leo/.foundry/cache/signatures" err=Read { source: Os { code: 2, kind: NotFound, message: "No such file or directory" }, path: "/Users/leo/.foundry/cache/signatures" }
2026-10-03T05:46:05.925384Z  WARN evm::traces: failed to read cache file path="/Users/leo/.foundry/cache/signatures" err=Read { source: Os { code: 2, kind: NotFound, message: "No such file or directory" }, path: "/Users/leo/.foundry/cache/signatures" }
2026-10-03T05:46:05.925604Z  WARN evm::traces: failed to read cache file path="/Users/leo/.foundry/cache/signatures" err=Read { source: Os { code: 2, kind: NotFound, message: "No such file or directory" }, path: "/Users/leo/.foundry/cache/signatures" }
2026-10-03T05:46:05.925822Z  WARN evm::traces: failed to read cache file path="/Users/leo/.foundry/cache/signatures" err=Read { source: Os { code: 2, kind: NotFound, message: "No such file or directory" }, path: "/Users/leo/.foundry/cache/signatures" }
2026-10-03T05:46:05.926036Z  WARN evm::traces: failed to read cache file path="/Users/leo/.foundry/cache/signatures" err=Read { source: Os { code: 2, kind: NotFound, message: "No such file or directory" }, path: "/Users/leo/.foundry/cache/signatures" }
2026-10-03T05:46:05.926250Z  WARN evm::traces: failed to read cache file path="/Users/leo/.foundry/cache/signatures" err=Read { source: Os { code: 2, kind: NotFound, message: "No such file or directory" }, path: "/Users/leo/.foundry/cache/signatures" }
2026-10-03T05:46:05.926459Z  WARN evm::traces: failed to read cache file path="/Users/leo/.foundry/cache/signatures" err=Read { source: Os { code: 2, kind: NotFound, message: "No such file or directory" }, path: "/Users/leo/.foundry/cache/signatures" }
2026-10-03T05:46:05.926674Z  WARN evm::traces: failed to read cache file path="/Users/leo/.foundry/cache/signatures" err=Read { source: Os { code: 2, kind: NotFound, message: "No such file or directory" }, path: "/Users/leo/.foundry/cache/signatures" }
2026-10-03T05:46:05.926896Z  WARN evm::traces: failed to read cache file path="/Users/leo/.foundry/cache/signatures" err=Read { source: Os { code: 2, kind: NotFound, message: "No such file or directory" }, path: "/Users/leo/.foundry/cache/signatures" }
2026-10-03T05:46:05.927111Z  WARN evm::traces: failed to read cache file path="/Users/leo/.foundry/cache/signatures" err=Read { source: Os { code: 2, kind: NotFound, message: "No such file or directory" }, path: "/Users/leo/.foundry/cache/signatures" }
2026-10-03T05:46:05.927330Z  WARN evm::traces: failed to read cache file path="/Users/leo/.foundry/cache/signatures" err=Read { source: Os { code: 2, kind: NotFound, message: "No such file or directory" }, path: "/Users/leo/.foundry/cache/signatures" }
2026-10-03T05:46:05.927544Z  WARN evm::traces: failed to read cache file path="/Users/leo/.foundry/cache/signatures" err=Read { source: Os { code: 2, kind: NotFound, message: "No such file or directory" }, path: "/Users/leo/.foundry/cache/signatures" }
2026-10-03T05:46:05.927756Z  WARN evm::traces: failed to read cache file path="/Users/leo/.foundry/cache/signatures" err=Read { source: Os { code: 2, kind: NotFound, message: "No such file or directory" }, path: "/Users/leo/.foundry/cache/signatures" }
2026-10-03T05:46:05.927975Z  WARN evm::traces: failed to read cache file path="/Users/leo/.foundry/cache/signatures" err=Read { source: Os { code: 2, kind: NotFound, message: "No such file or directory" }, path: "/Users/leo/.foundry/cache/signatures" }
2026-10-03T05:46:05.928188Z  WARN evm::traces: failed to read cache file path="/Users/leo/.foundry/cache/signatures" err=Read { source: Os { code: 2, kind: NotFound, message: "No such file or directory" }, path: "/Users/leo/.foundry/cache/signatures" }
2026-10-03T05:46:05.928996Z  WARN evm::traces: failed to read cache file path="/Users/leo/.foundry/cache/signatures" err=Read { source: Os { code: 2, kind: NotFound, message: "No such file or directory" }, path: "/Users/leo/.foundry/cache/signatures" }
2026-10-03T05:46:05.929460Z  WARN evm::traces: failed to read cache file path="/Users/leo/.foundry/cache/signatures" err=Read { source: Os { code: 2, kind: NotFound, message: "No such file or directory" }, path: "/Users/leo/.foundry/cache/signatures" }
2026-10-03T05:46:05.929686Z  WARN evm::traces: failed to read cache file path="/Users/leo/.foundry/cache/signatures" err=Read { source: Os { code: 2, kind: NotFound, message: "No such file or directory" }, path: "/Users/leo/.foundry/cache/signatures" }
2026-10-03T05:46:05.929906Z  WARN evm::traces: failed to read cache file path="/Users/leo/.foundry/cache/signatures" err=Read { source: Os { code: 2, kind: NotFound, message: "No such file or directory" }, path: "/Users/leo/.foundry/cache/signatures" }
2026-10-03T05:46:05.930122Z  WARN evm::traces: failed to read cache file path="/Users/leo/.foundry/cache/signatures" err=Read { source: Os { code: 2, kind: NotFound, message: "No such file or directory" }, path: "/Users/leo/.foundry/cache/signatures" }
2026-10-03T05:46:05.930381Z  WARN evm::traces: failed to read cache file path="/Users/leo/.foundry/cache/signatures" err=Read { source: Os { code: 2, kind: NotFound, message: "No such file or directory" }, path: "/Users/leo/.foundry/cache/signatures" }
2026-10-03T05:46:05.930609Z  WARN evm::traces: failed to read cache file path="/Users/leo/.foundry/cache/signatures" err=Read { source: Os { code: 2, kind: NotFound, message: "No such file or directory" }, path: "/Users/leo/.foundry/cache/signatures" }
2026-10-03T05:46:05.930830Z  WARN evm::traces: failed to read cache file path="/Users/leo/.foundry/cache/signatures" err=Read { source: Os { code: 2, kind: NotFound, message: "No such file or directory" }, path: "/Users/leo/.foundry/cache/signatures" }
2026-10-03T05:46:05.931048Z  WARN evm::traces: failed to read cache file path="/Users/leo/.foundry/cache/signatures" err=Read { source: Os { code: 2, kind: NotFound, message: "No such file or directory" }, path: "/Users/leo/.foundry/cache/signatures" }
2026-10-03T05:46:05.931264Z  WARN evm::traces: failed to read cache file path="/Users/leo/.foundry/cache/signatures" err=Read { source: Os { code: 2, kind: NotFound, message: "No such file or directory" }, path: "/Users/leo/.foundry/cache/signatures" }
2026-10-03T05:46:05.931482Z  WARN evm::traces: failed to read cache file path="/Users/leo/.foundry/cache/signatures" err=Read { source: Os { code: 2, kind: NotFound, message: "No such file or directory" }, path: "/Users/leo/.foundry/cache/signatures" }
2026-10-03T05:46:05.931698Z  WARN evm::traces: failed to read cache file path="/Users/leo/.foundry/cache/signatures" err=Read { source: Os { code: 2, kind: NotFound, message: "No such file or directory" }, path: "/Users/leo/.foundry/cache/signatures" }
2026-10-03T05:46:05.931911Z  WARN evm::traces: failed to read cache file path="/Users/leo/.foundry/cache/signatures" err=Read { source: Os { code: 2, kind: NotFound, message: "No such file or directory" }, path: "/Users/leo/.foundry/cache/signatures" }
2026-10-03T05:46:05.932124Z  WARN evm::traces: failed to read cache file path="/Users/leo/.foundry/cache/signatures" err=Read { source: Os { code: 2, kind: NotFound, message: "No such file or directory" }, path: "/Users/leo/.foundry/cache/signatures" }
2026-10-03T05:46:05.932339Z  WARN evm::traces: failed to read cache file path="/Users/leo/.foundry/cache/signatures" err=Read { source: Os { code: 2, kind: NotFound, message: "No such file or directory" }, path: "/Users/leo/.foundry/cache/signatures" }
2026-10-03T05:46:05.932555Z  WARN evm::traces: failed to read cache file path="/Users/leo/.foundry/cache/signatures" err=Read { source: Os { code: 2, kind: NotFound, message: "No such file or directory" }, path: "/Users/leo/.foundry/cache/signatures" }
2026-10-03T05:46:05.932769Z  WARN evm::traces: failed to read cache file path="/Users/leo/.foundry/cache/signatures" err=Read { source: Os { code: 2, kind: NotFound, message: "No such file or directory" }, path: "/Users/leo/.foundry/cache/signatures" }
2026-10-03T05:46:05.932985Z  WARN evm::traces: failed to read cache file path="/Users/leo/.foundry/cache/signatures" err=Read { source: Os { code: 2, kind: NotFound, message: "No such file or directory" }, path: "/Users/leo/.foundry/cache/signatures" }
2026-10-03T05:46:05.933200Z  WARN evm::traces: failed to read cache file path="/Users/leo/.foundry/cache/signatures" err=Read { source: Os { code: 2, kind: NotFound, message: "No such file or directory" }, path: "/Users/leo/.foundry/cache/signatures" }
2026-10-03T05:46:05.933413Z  WARN evm::traces: failed to read cache file path="/Users/leo/.foundry/cache/signatures" err=Read { source: Os { code: 2, kind: NotFound, message: "No such file or directory" }, path: "/Users/leo/.foundry/cache/signatures" }
2026-10-03T05:46:05.933625Z  WARN evm::traces: failed to read cache file path="/Users/leo/.foundry/cache/signatures" err=Read { source: Os { code: 2, kind: NotFound, message: "No such file or directory" }, path: "/Users/leo/.foundry/cache/signatures" }
2026-10-03T05:46:05.933841Z  WARN evm::traces: failed to read cache file path="/Users/leo/.foundry/cache/signatures" err=Read { source: Os { code: 2, kind: NotFound, message: "No such file or directory" }, path: "/Users/leo/.foundry/cache/signatures" }
2026-10-03T05:46:05.934057Z  WARN evm::traces: failed to read cache file path="/Users/leo/.foundry/cache/signatures" err=Read { source: Os { code: 2, kind: NotFound, message: "No such file or directory" }, path: "/Users/leo/.foundry/cache/signatures" }
2026-10-03T05:46:05.934272Z  WARN evm::traces: failed to read cache file path="/Users/leo/.foundry/cache/signatures" err=Read { source: Os { code: 2, kind: NotFound, message: "No such file or directory" }, path: "/Users/leo/.foundry/cache/signatures" }
2026-10-03T05:46:05.934490Z  WARN evm::traces: failed to read cache file path="/Users/leo/.foundry/cache/signatures" err=Read { source: Os { code: 2, kind: NotFound, message: "No such file or directory" }, path: "/Users/leo/.foundry/cache/signatures" }
2026-10-03T05:46:05.934702Z  WARN evm::traces: failed to read cache file path="/Users/leo/.foundry/cache/signatures" err=Read { source: Os { code: 2, kind: NotFound, message: "No such file or directory" }, path: "/Users/leo/.foundry/cache/signatures" }
2026-10-03T05:46:05.934909Z  WARN evm::traces: failed to read cache file path="/Users/leo/.foundry/cache/signatures" err=Read { source: Os { code: 2, kind: NotFound, message: "No such file or directory" }, path: "/Users/leo/.foundry/cache/signatures" }
2026-10-03T05:46:05.935122Z  WARN evm::traces: failed to read cache file path="/Users/leo/.foundry/cache/signatures" err=Read { source: Os { code: 2, kind: NotFound, message: "No such file or directory" }, path: "/Users/leo/.foundry/cache/signatures" }
2026-10-03T05:46:05.935339Z  WARN evm::traces: failed to read cache file path="/Users/leo/.foundry/cache/signatures" err=Read { source: Os { code: 2, kind: NotFound, message: "No such file or directory" }, path: "/Users/leo/.foundry/cache/signatures" }
2026-10-03T05:46:05.935555Z  WARN evm::traces: failed to read cache file path="/Users/leo/.foundry/cache/signatures" err=Read { source: Os { code: 2, kind: NotFound, message: "No such file or directory" }, path: "/Users/leo/.foundry/cache/signatures" }
2026-10-03T05:46:05.935777Z  WARN evm::traces: failed to read cache file path="/Users/leo/.foundry/cache/signatures" err=Read { source: Os { code: 2, kind: NotFound, message: "No such file or directory" }, path: "/Users/leo/.foundry/cache/signatures" }
2026-10-03T05:46:05.935998Z  WARN evm::traces: failed to read cache file path="/Users/leo/.foundry/cache/signatures" err=Read { source: Os { code: 2, kind: NotFound, message: "No such file or directory" }, path: "/Users/leo/.foundry/cache/signatures" }
2026-10-03T05:46:05.936212Z  WARN evm::traces: failed to read cache file path="/Users/leo/.foundry/cache/signatures" err=Read { source: Os { code: 2, kind: NotFound, message: "No such file or directory" }, path: "/Users/leo/.foundry/cache/signatures" }
2026-10-03T05:46:05.936423Z  WARN evm::traces: failed to read cache file path="/Users/leo/.foundry/cache/signatures" err=Read { source: Os { code: 2, kind: NotFound, message: "No such file or directory" }, path: "/Users/leo/.foundry/cache/signatures" }
2026-10-03T05:46:05.936637Z  WARN evm::traces: failed to read cache file path="/Users/leo/.foundry/cache/signatures" err=Read { source: Os { code: 2, kind: NotFound, message: "No such file or directory" }, path: "/Users/leo/.foundry/cache/signatures" }
2026-10-03T05:46:05.936849Z  WARN evm::traces: failed to read cache file path="/Users/leo/.foundry/cache/signatures" err=Read { source: Os { code: 2, kind: NotFound, message: "No such file or directory" }, path: "/Users/leo/.foundry/cache/signatures" }
2026-10-03T05:46:05.937058Z  WARN evm::traces: failed to read cache file path="/Users/leo/.foundry/cache/signatures" err=Read { source: Os { code: 2, kind: NotFound, message: "No such file or directory" }, path: "/Users/leo/.foundry/cache/signatures" }
2026-10-03T05:46:05.937265Z  WARN evm::traces: failed to read cache file path="/Users/leo/.foundry/cache/signatures" err=Read { source: Os { code: 2, kind: NotFound, message: "No such file or directory" }, path: "/Users/leo/.foundry/cache/signatures" }
2026-10-03T05:46:05.937525Z  WARN evm::traces: failed to read cache file path="/Users/leo/.foundry/cache/signatures" err=Read { source: Os { code: 2, kind: NotFound, message: "No such file or directory" }, path: "/Users/leo/.foundry/cache/signatures" }
2026-10-03T05:46:05.937741Z  WARN evm::traces: failed to read cache file path="/Users/leo/.foundry/cache/signatures" err=Read { source: Os { code: 2, kind: NotFound, message: "No such file or directory" }, path: "/Users/leo/.foundry/cache/signatures" }
2026-10-03T05:46:05.937955Z  WARN evm::traces: failed to read cache file path="/Users/leo/.foundry/cache/signatures" err=Read { source: Os { code: 2, kind: NotFound, message: "No such file or directory" }, path: "/Users/leo/.foundry/cache/signatures" }
2026-10-03T05:46:05.938169Z  WARN evm::traces: failed to read cache file path="/Users/leo/.foundry/cache/signatures" err=Read { source: Os { code: 2, kind: NotFound, message: "No such file or directory" }, path: "/Users/leo/.foundry/cache/signatures" }
2026-10-03T05:46:05.938387Z  WARN evm::traces: failed to read cache file path="/Users/leo/.foundry/cache/signatures" err=Read { source: Os { code: 2, kind: NotFound, message: "No such file or directory" }, path: "/Users/leo/.foundry/cache/signatures" }
2026-10-03T05:46:05.938601Z  WARN evm::traces: failed to read cache file path="/Users/leo/.foundry/cache/signatures" err=Read { source: Os { code: 2, kind: NotFound, message: "No such file or directory" }, path: "/Users/leo/.foundry/cache/signatures" }
2026-10-03T05:46:05.938814Z  WARN evm::traces: failed to read cache file path="/Users/leo/.foundry/cache/signatures" err=Read { source: Os { code: 2, kind: NotFound, message: "No such file or directory" }, path: "/Users/leo/.foundry/cache/signatures" }
2026-10-03T05:46:05.939027Z  WARN evm::traces: failed to read cache file path="/Users/leo/.foundry/cache/signatures" err=Read { source: Os { code: 2, kind: NotFound, message: "No such file or directory" }, path: "/Users/leo/.foundry/cache/signatures" }
2026-10-03T05:46:05.939244Z  WARN evm::traces: failed to read cache file path="/Users/leo/.foundry/cache/signatures" err=Read { source: Os { code: 2, kind: NotFound, message: "No such file or directory" }, path: "/Users/leo/.foundry/cache/signatures" }
2026-10-03T05:46:05.939458Z  WARN evm::traces: failed to read cache file path="/Users/leo/.foundry/cache/signatures" err=Read { source: Os { code: 2, kind: NotFound, message: "No such file or directory" }, path: "/Users/leo/.foundry/cache/signatures" }
2026-10-03T05:46:05.939673Z  WARN evm::traces: failed to read cache file path="/Users/leo/.foundry/cache/signatures" err=Read { source: Os { code: 2, kind: NotFound, message: "No such file or directory" }, path: "/Users/leo/.foundry/cache/signatures" }
2026-10-03T05:46:05.939884Z  WARN evm::traces: failed to read cache file path="/Users/leo/.foundry/cache/signatures" err=Read { source: Os { code: 2, kind: NotFound, message: "No such file or directory" }, path: "/Users/leo/.foundry/cache/signatures" }
2026-10-03T05:46:05.940097Z  WARN evm::traces: failed to read cache file path="/Users/leo/.foundry/cache/signatures" err=Read { source: Os { code: 2, kind: NotFound, message: "No such file or directory" }, path: "/Users/leo/.foundry/cache/signatures" }
2026-10-03T05:46:05.940312Z  WARN evm::traces: failed to read cache file path="/Users/leo/.foundry/cache/signatures" err=Read { source: Os { code: 2, kind: NotFound, message: "No such file or directory" }, path: "/Users/leo/.foundry/cache/signatures" }
2026-10-03T05:46:05.940523Z  WARN evm::traces: failed to read cache file path="/Users/leo/.foundry/cache/signatures" err=Read { source: Os { code: 2, kind: NotFound, message: "No such file or directory" }, path: "/Users/leo/.foundry/cache/signatures" }
2026-10-03T05:46:05.940732Z  WARN evm::traces: failed to read cache file path="/Users/leo/.foundry/cache/signatures" err=Read { source: Os { code: 2, kind: NotFound, message: "No such file or directory" }, path: "/Users/leo/.foundry/cache/signatures" }
2026-10-03T05:46:05.940948Z  WARN evm::traces: failed to read cache file path="/Users/leo/.foundry/cache/signatures" err=Read { source: Os { code: 2, kind: NotFound, message: "No such file or directory" }, path: "/Users/leo/.foundry/cache/signatures" }
2026-10-03T05:46:05.941161Z  WARN evm::traces: failed to read cache file path="/Users/leo/.foundry/cache/signatures" err=Read { source: Os { code: 2, kind: NotFound, message: "No such file or directory" }, path: "/Users/leo/.foundry/cache/signatures" }
2026-10-03T05:46:05.941378Z  WARN evm::traces: failed to read cache file path="/Users/leo/.foundry/cache/signatures" err=Read { source: Os { code: 2, kind: NotFound, message: "No such file or directory" }, path: "/Users/leo/.foundry/cache/signatures" }
2026-10-03T05:46:05.941592Z  WARN evm::traces: failed to read cache file path="/Users/leo/.foundry/cache/signatures" err=Read { source: Os { code: 2, kind: NotFound, message: "No such file or directory" }, path: "/Users/leo/.foundry/cache/signatures" }
2026-10-03T05:46:05.941810Z  WARN evm::traces: failed to read cache file path="/Users/leo/.foundry/cache/signatures" err=Read { source: Os { code: 2, kind: NotFound, message: "No such file or directory" }, path: "/Users/leo/.foundry/cache/signatures" }
2026-10-03T05:46:05.942024Z  WARN evm::traces: failed to read cache file path="/Users/leo/.foundry/cache/signatures" err=Read { source: Os { code: 2, kind: NotFound, message: "No such file or directory" }, path: "/Users/leo/.foundry/cache/signatures" }
2026-10-03T05:46:05.942239Z  WARN evm::traces: failed to read cache file path="/Users/leo/.foundry/cache/signatures" err=Read { source: Os { code: 2, kind: NotFound, message: "No such file or directory" }, path: "/Users/leo/.foundry/cache/signatures" }
2026-10-03T05:46:05.942448Z  WARN evm::traces: failed to read cache file path="/Users/leo/.foundry/cache/signatures" err=Read { source: Os { code: 2, kind: NotFound, message: "No such file or directory" }, path: "/Users/leo/.foundry/cache/signatures" }
2026-10-03T05:46:05.942654Z  WARN evm::traces: failed to read cache file path="/Users/leo/.foundry/cache/signatures" err=Read { source: Os { code: 2, kind: NotFound, message: "No such file or directory" }, path: "/Users/leo/.foundry/cache/signatures" }
2026-10-03T05:46:05.942866Z  WARN evm::traces: failed to read cache file path="/Users/leo/.foundry/cache/signatures" err=Read { source: Os { code: 2, kind: NotFound, message: "No such file or directory" }, path: "/Users/leo/.foundry/cache/signatures" }
2026-10-03T05:46:05.943078Z  WARN evm::traces: failed to read cache file path="/Users/leo/.foundry/cache/signatures" err=Read { source: Os { code: 2, kind: NotFound, message: "No such file or directory" }, path: "/Users/leo/.foundry/cache/signatures" }
2026-10-03T05:46:05.943288Z  WARN evm::traces: failed to read cache file path="/Users/leo/.foundry/cache/signatures" err=Read { source: Os { code: 2, kind: NotFound, message: "No such file or directory" }, path: "/Users/leo/.foundry/cache/signatures" }

Ran 6 tests for test/V2DualEngine.t.sol:V2DualEngineTest
[PASS] test_graduatedV2PoolNeverArmsSellSpikeFromFeeFundedBuyback() (gas: 11755566)
[PASS] test_graduationDuringStaleOracleKeepsCapitalPendingUntilBook() (gas: 11995847)
[PASS] test_graduationExecutorRejectsDirectCalls() (gas: 16073)
[PASS] test_predonatedVaultTokensNeverIncreaseLpBudgetOrCollectedFees() (gas: 11879565)
[PASS] test_stockSideLpFeeCreditsBuybackWithoutCreatingStrategyLot() (gas: 13321752)
[PASS] test_v2RejectsZeroAndExcessiveLpFees() (gas: 49977)
Suite result: ok. 6 passed; 0 failed; 0 skipped; finished in 139.77ms (15.12ms CPU time)
2026-10-03T05:46:05.943503Z  WARN evm::traces: failed to read cache file path="/Users/leo/.foundry/cache/signatures" err=Read { source: Os { code: 2, kind: NotFound, message: "No such file or directory" }, path: "/Users/leo/.foundry/cache/signatures" }
2026-10-03T05:46:05.943725Z  WARN evm::traces: failed to read cache file path="/Users/leo/.foundry/cache/signatures" err=Read { source: Os { code: 2, kind: NotFound, message: "No such file or directory" }, path: "/Users/leo/.foundry/cache/signatures" }
2026-10-03T05:46:05.943939Z  WARN evm::traces: failed to read cache file path="/Users/leo/.foundry/cache/signatures" err=Read { source: Os { code: 2, kind: NotFound, message: "No such file or directory" }, path: "/Users/leo/.foundry/cache/signatures" }
2026-10-03T05:46:05.944148Z  WARN evm::traces: failed to read cache file path="/Users/leo/.foundry/cache/signatures" err=Read { source: Os { code: 2, kind: NotFound, message: "No such file or directory" }, path: "/Users/leo/.foundry/cache/signatures" }
2026-10-03T05:46:05.944358Z  WARN evm::traces: failed to read cache file path="/Users/leo/.foundry/cache/signatures" err=Read { source: Os { code: 2, kind: NotFound, message: "No such file or directory" }, path: "/Users/leo/.foundry/cache/signatures" }
2026-10-03T05:46:05.944569Z  WARN evm::traces: failed to read cache file path="/Users/leo/.foundry/cache/signatures" err=Read { source: Os { code: 2, kind: NotFound, message: "No such file or directory" }, path: "/Users/leo/.foundry/cache/signatures" }
2026-10-03T05:46:05.944780Z  WARN evm::traces: failed to read cache file path="/Users/leo/.foundry/cache/signatures" err=Read { source: Os { code: 2, kind: NotFound, message: "No such file or directory" }, path: "/Users/leo/.foundry/cache/signatures" }
2026-10-03T05:46:05.944993Z  WARN evm::traces: failed to read cache file path="/Users/leo/.foundry/cache/signatures" err=Read { source: Os { code: 2, kind: NotFound, message: "No such file or directory" }, path: "/Users/leo/.foundry/cache/signatures" }
2026-10-03T05:46:05.945240Z  WARN evm::traces: failed to read cache file path="/Users/leo/.foundry/cache/signatures" err=Read { source: Os { code: 2, kind: NotFound, message: "No such file or directory" }, path: "/Users/leo/.foundry/cache/signatures" }
2026-10-03T05:46:05.945577Z  WARN evm::traces: failed to read cache file path="/Users/leo/.foundry/cache/signatures" err=Read { source: Os { code: 2, kind: NotFound, message: "No such file or directory" }, path: "/Users/leo/.foundry/cache/signatures" }
2026-10-03T05:46:05.945803Z  WARN evm::traces: failed to read cache file path="/Users/leo/.foundry/cache/signatures" err=Read { source: Os { code: 2, kind: NotFound, message: "No such file or directory" }, path: "/Users/leo/.foundry/cache/signatures" }
2026-10-03T05:46:05.946024Z  WARN evm::traces: failed to read cache file path="/Users/leo/.foundry/cache/signatures" err=Read { source: Os { code: 2, kind: NotFound, message: "No such file or directory" }, path: "/Users/leo/.foundry/cache/signatures" }
2026-10-03T05:46:05.946241Z  WARN evm::traces: failed to read cache file path="/Users/leo/.foundry/cache/signatures" err=Read { source: Os { code: 2, kind: NotFound, message: "No such file or directory" }, path: "/Users/leo/.foundry/cache/signatures" }
2026-10-03T05:46:05.946457Z  WARN evm::traces: failed to read cache file path="/Users/leo/.foundry/cache/signatures" err=Read { source: Os { code: 2, kind: NotFound, message: "No such file or directory" }, path: "/Users/leo/.foundry/cache/signatures" }
2026-10-03T05:46:05.946688Z  WARN evm::traces: failed to read cache file path="/Users/leo/.foundry/cache/signatures" err=Read { source: Os { code: 2, kind: NotFound, message: "No such file or directory" }, path: "/Users/leo/.foundry/cache/signatures" }
2026-10-03T05:46:05.946903Z  WARN evm::traces: failed to read cache file path="/Users/leo/.foundry/cache/signatures" err=Read { source: Os { code: 2, kind: NotFound, message: "No such file or directory" }, path: "/Users/leo/.foundry/cache/signatures" }
2026-10-03T05:46:05.947113Z  WARN evm::traces: failed to read cache file path="/Users/leo/.foundry/cache/signatures" err=Read { source: Os { code: 2, kind: NotFound, message: "No such file or directory" }, path: "/Users/leo/.foundry/cache/signatures" }
2026-10-03T05:46:05.947331Z  WARN evm::traces: failed to read cache file path="/Users/leo/.foundry/cache/signatures" err=Read { source: Os { code: 2, kind: NotFound, message: "No such file or directory" }, path: "/Users/leo/.foundry/cache/signatures" }
2026-10-03T05:46:05.947545Z  WARN evm::traces: failed to read cache file path="/Users/leo/.foundry/cache/signatures" err=Read { source: Os { code: 2, kind: NotFound, message: "No such file or directory" }, path: "/Users/leo/.foundry/cache/signatures" }
2026-10-03T05:46:05.947763Z  WARN evm::traces: failed to read cache file path="/Users/leo/.foundry/cache/signatures" err=Read { source: Os { code: 2, kind: NotFound, message: "No such file or directory" }, path: "/Users/leo/.foundry/cache/signatures" }
2026-10-03T05:46:05.947980Z  WARN evm::traces: failed to read cache file path="/Users/leo/.foundry/cache/signatures" err=Read { source: Os { code: 2, kind: NotFound, message: "No such file or directory" }, path: "/Users/leo/.foundry/cache/signatures" }
2026-10-03T05:46:05.948193Z  WARN evm::traces: failed to read cache file path="/Users/leo/.foundry/cache/signatures" err=Read { source: Os { code: 2, kind: NotFound, message: "No such file or directory" }, path: "/Users/leo/.foundry/cache/signatures" }
2026-10-03T05:46:05.948402Z  WARN evm::traces: failed to read cache file path="/Users/leo/.foundry/cache/signatures" err=Read { source: Os { code: 2, kind: NotFound, message: "No such file or directory" }, path: "/Users/leo/.foundry/cache/signatures" }
2026-10-03T05:46:05.948615Z  WARN evm::traces: failed to read cache file path="/Users/leo/.foundry/cache/signatures" err=Read { source: Os { code: 2, kind: NotFound, message: "No such file or directory" }, path: "/Users/leo/.foundry/cache/signatures" }
2026-10-03T05:46:05.948831Z  WARN evm::traces: failed to read cache file path="/Users/leo/.foundry/cache/signatures" err=Read { source: Os { code: 2, kind: NotFound, message: "No such file or directory" }, path: "/Users/leo/.foundry/cache/signatures" }
2026-10-03T05:46:05.949043Z  WARN evm::traces: failed to read cache file path="/Users/leo/.foundry/cache/signatures" err=Read { source: Os { code: 2, kind: NotFound, message: "No such file or directory" }, path: "/Users/leo/.foundry/cache/signatures" }
2026-10-03T05:46:05.949254Z  WARN evm::traces: failed to read cache file path="/Users/leo/.foundry/cache/signatures" err=Read { source: Os { code: 2, kind: NotFound, message: "No such file or directory" }, path: "/Users/leo/.foundry/cache/signatures" }
2026-10-03T05:46:05.949469Z  WARN evm::traces: failed to read cache file path="/Users/leo/.foundry/cache/signatures" err=Read { source: Os { code: 2, kind: NotFound, message: "No such file or directory" }, path: "/Users/leo/.foundry/cache/signatures" }
2026-10-03T05:46:05.949683Z  WARN evm::traces: failed to read cache file path="/Users/leo/.foundry/cache/signatures" err=Read { source: Os { code: 2, kind: NotFound, message: "No such file or directory" }, path: "/Users/leo/.foundry/cache/signatures" }
2026-10-03T05:46:05.949895Z  WARN evm::traces: failed to read cache file path="/Users/leo/.foundry/cache/signatures" err=Read { source: Os { code: 2, kind: NotFound, message: "No such file or directory" }, path: "/Users/leo/.foundry/cache/signatures" }
2026-10-03T05:46:05.950111Z  WARN evm::traces: failed to read cache file path="/Users/leo/.foundry/cache/signatures" err=Read { source: Os { code: 2, kind: NotFound, message: "No such file or directory" }, path: "/Users/leo/.foundry/cache/signatures" }
2026-10-03T05:46:05.950327Z  WARN evm::traces: failed to read cache file path="/Users/leo/.foundry/cache/signatures" err=Read { source: Os { code: 2, kind: NotFound, message: "No such file or directory" }, path: "/Users/leo/.foundry/cache/signatures" }
2026-10-03T05:46:05.950542Z  WARN evm::traces: failed to read cache file path="/Users/leo/.foundry/cache/signatures" err=Read { source: Os { code: 2, kind: NotFound, message: "No such file or directory" }, path: "/Users/leo/.foundry/cache/signatures" }
2026-10-03T05:46:05.950756Z  WARN evm::traces: failed to read cache file path="/Users/leo/.foundry/cache/signatures" err=Read { source: Os { code: 2, kind: NotFound, message: "No such file or directory" }, path: "/Users/leo/.foundry/cache/signatures" }
2026-10-03T05:46:05.950971Z  WARN evm::traces: failed to read cache file path="/Users/leo/.foundry/cache/signatures" err=Read { source: Os { code: 2, kind: NotFound, message: "No such file or directory" }, path: "/Users/leo/.foundry/cache/signatures" }
2026-10-03T05:46:05.951182Z  WARN evm::traces: failed to read cache file path="/Users/leo/.foundry/cache/signatures" err=Read { source: Os { code: 2, kind: NotFound, message: "No such file or directory" }, path: "/Users/leo/.foundry/cache/signatures" }
2026-10-03T05:46:05.951393Z  WARN evm::traces: failed to read cache file path="/Users/leo/.foundry/cache/signatures" err=Read { source: Os { code: 2, kind: NotFound, message: "No such file or directory" }, path: "/Users/leo/.foundry/cache/signatures" }
2026-10-03T05:46:05.951606Z  WARN evm::traces: failed to read cache file path="/Users/leo/.foundry/cache/signatures" err=Read { source: Os { code: 2, kind: NotFound, message: "No such file or directory" }, path: "/Users/leo/.foundry/cache/signatures" }
2026-10-03T05:46:05.951822Z  WARN evm::traces: failed to read cache file path="/Users/leo/.foundry/cache/signatures" err=Read { source: Os { code: 2, kind: NotFound, message: "No such file or directory" }, path: "/Users/leo/.foundry/cache/signatures" }
2026-10-03T05:46:05.952032Z  WARN evm::traces: failed to read cache file path="/Users/leo/.foundry/cache/signatures" err=Read { source: Os { code: 2, kind: NotFound, message: "No such file or directory" }, path: "/Users/leo/.foundry/cache/signatures" }
2026-10-03T05:46:05.952240Z  WARN evm::traces: failed to read cache file path="/Users/leo/.foundry/cache/signatures" err=Read { source: Os { code: 2, kind: NotFound, message: "No such file or directory" }, path: "/Users/leo/.foundry/cache/signatures" }
2026-10-03T05:46:05.952449Z  WARN evm::traces: failed to read cache file path="/Users/leo/.foundry/cache/signatures" err=Read { source: Os { code: 2, kind: NotFound, message: "No such file or directory" }, path: "/Users/leo/.foundry/cache/signatures" }
2026-10-03T05:46:05.952656Z  WARN evm::traces: failed to read cache file path="/Users/leo/.foundry/cache/signatures" err=Read { source: Os { code: 2, kind: NotFound, message: "No such file or directory" }, path: "/Users/leo/.foundry/cache/signatures" }
2026-10-03T05:46:05.952864Z  WARN evm::traces: failed to read cache file path="/Users/leo/.foundry/cache/signatures" err=Read { source: Os { code: 2, kind: NotFound, message: "No such file or directory" }, path: "/Users/leo/.foundry/cache/signatures" }
2026-10-03T05:46:05.953075Z  WARN evm::traces: failed to read cache file path="/Users/leo/.foundry/cache/signatures" err=Read { source: Os { code: 2, kind: NotFound, message: "No such file or directory" }, path: "/Users/leo/.foundry/cache/signatures" }
2026-10-03T05:46:05.953288Z  WARN evm::traces: failed to read cache file path="/Users/leo/.foundry/cache/signatures" err=Read { source: Os { code: 2, kind: NotFound, message: "No such file or directory" }, path: "/Users/leo/.foundry/cache/signatures" }
2026-10-03T05:46:05.953497Z  WARN evm::traces: failed to read cache file path="/Users/leo/.foundry/cache/signatures" err=Read { source: Os { code: 2, kind: NotFound, message: "No such file or directory" }, path: "/Users/leo/.foundry/cache/signatures" }
2026-10-03T05:46:05.953711Z  WARN evm::traces: failed to read cache file path="/Users/leo/.foundry/cache/signatures" err=Read { source: Os { code: 2, kind: NotFound, message: "No such file or directory" }, path: "/Users/leo/.foundry/cache/signatures" }
2026-10-03T05:46:05.953920Z  WARN evm::traces: failed to read cache file path="/Users/leo/.foundry/cache/signatures" err=Read { source: Os { code: 2, kind: NotFound, message: "No such file or directory" }, path: "/Users/leo/.foundry/cache/signatures" }
2026-10-03T05:46:05.954130Z  WARN evm::traces: failed to read cache file path="/Users/leo/.foundry/cache/signatures" err=Read { source: Os { code: 2, kind: NotFound, message: "No such file or directory" }, path: "/Users/leo/.foundry/cache/signatures" }
2026-10-03T05:46:05.954587Z  WARN evm::traces: failed to read cache file path="/Users/leo/.foundry/cache/signatures" err=Read { source: Os { code: 2, kind: NotFound, message: "No such file or directory" }, path: "/Users/leo/.foundry/cache/signatures" }
2026-10-03T05:46:05.955067Z  WARN evm::traces: failed to read cache file path="/Users/leo/.foundry/cache/signatures" err=Read { source: Os { code: 2, kind: NotFound, message: "No such file or directory" }, path: "/Users/leo/.foundry/cache/signatures" }
2026-10-03T05:46:05.956669Z  WARN evm::traces: failed to read cache file path="/Users/leo/.foundry/cache/signatures" err=Read { source: Os { code: 2, kind: NotFound, message: "No such file or directory" }, path: "/Users/leo/.foundry/cache/signatures" }
2026-10-03T05:46:05.956885Z  WARN evm::traces: failed to read cache file path="/Users/leo/.foundry/cache/signatures" err=Read { source: Os { code: 2, kind: NotFound, message: "No such file or directory" }, path: "/Users/leo/.foundry/cache/signatures" }
2026-10-03T05:46:05.957105Z  WARN evm::traces: failed to read cache file path="/Users/leo/.foundry/cache/signatures" err=Read { source: Os { code: 2, kind: NotFound, message: "No such file or directory" }, path: "/Users/leo/.foundry/cache/signatures" }
2026-10-03T05:46:05.957323Z  WARN evm::traces: failed to read cache file path="/Users/leo/.foundry/cache/signatures" err=Read { source: Os { code: 2, kind: NotFound, message: "No such file or directory" }, path: "/Users/leo/.foundry/cache/signatures" }

Ran 10 tests for test/V2CreatorParameters.t.sol:V2CreatorParametersTest
[PASS] testFuzz_allValidCreatorRungsSurviveAdapterAndAllThreeEntries(uint32,uint16,uint16,uint16) (runs: 1024, μ: 10096751, ~: 10096700)
[PASS] test_constructorAdapterPreservesEveryNonEconomicBound() (gas: 2023494)
[PASS] test_defaultKindBindsExactCreatorSelectedCode() (gas: 29931)
[PASS] test_legacyConstructorAndRegistryKeepTheirImmutableEconomicBounds() (gas: 11022103)
[PASS] test_listingSlippageAndMaximumBountyDoNotImposeOrdinaryRungFloors() (gas: 8855586)
[PASS] test_oneBpsTpDipAndStopAreAccepted_evenWithMaximumBounty() (gas: 10094971)
[PASS] test_pureBuybackKeepsItsOriginalRegistryStopBoundary() (gas: 7380056)
[PASS] test_sameCodeRegisteredAtAnotherKindAlsoUsesCreatorRungs() (gas: 11369520)
[PASS] test_zeroOrMalformedOriginalRungsRejectedAcrossAllEntries() (gas: 533470)
[PASS] test_zeroStopAndMaximumBasicRungsAreAccepted() (gas: 20134982)
2026-10-03T05:46:05.957548Z  WARN evm::traces: failed to read cache file path="/Users/leo/.foundry/cache/signatures" err=Read { source: Os { code: 2, kind: NotFound, message: "No such file or directory" }, path: "/Users/leo/.foundry/cache/signatures" }
Suite result: ok. 10 passed; 0 failed; 0 skipped; finished in 728.55ms (612.61ms CPU time)
2026-10-03T05:46:05.957770Z  WARN evm::traces: failed to read cache file path="/Users/leo/.foundry/cache/signatures" err=Read { source: Os { code: 2, kind: NotFound, message: "No such file or directory" }, path: "/Users/leo/.foundry/cache/signatures" }
2026-10-03T05:46:05.957991Z  WARN evm::traces: failed to read cache file path="/Users/leo/.foundry/cache/signatures" err=Read { source: Os { code: 2, kind: NotFound, message: "No such file or directory" }, path: "/Users/leo/.foundry/cache/signatures" }
2026-10-03T05:46:05.958205Z  WARN evm::traces: failed to read cache file path="/Users/leo/.foundry/cache/signatures" err=Read { source: Os { code: 2, kind: NotFound, message: "No such file or directory" }, path: "/Users/leo/.foundry/cache/signatures" }
2026-10-03T05:46:05.958424Z  WARN evm::traces: failed to read cache file path="/Users/leo/.foundry/cache/signatures" err=Read { source: Os { code: 2, kind: NotFound, message: "No such file or directory" }, path: "/Users/leo/.foundry/cache/signatures" }
2026-10-03T05:46:05.958645Z  WARN evm::traces: failed to read cache file path="/Users/leo/.foundry/cache/signatures" err=Read { source: Os { code: 2, kind: NotFound, message: "No such file or directory" }, path: "/Users/leo/.foundry/cache/signatures" }
2026-10-03T05:46:05.958857Z  WARN evm::traces: failed to read cache file path="/Users/leo/.foundry/cache/signatures" err=Read { source: Os { code: 2, kind: NotFound, message: "No such file or directory" }, path: "/Users/leo/.foundry/cache/signatures" }
2026-10-03T05:46:05.959065Z  WARN evm::traces: failed to read cache file path="/Users/leo/.foundry/cache/signatures" err=Read { source: Os { code: 2, kind: NotFound, message: "No such file or directory" }, path: "/Users/leo/.foundry/cache/signatures" }
2026-10-03T05:46:05.959274Z  WARN evm::traces: failed to read cache file path="/Users/leo/.foundry/cache/signatures" err=Read { source: Os { code: 2, kind: NotFound, message: "No such file or directory" }, path: "/Users/leo/.foundry/cache/signatures" }
2026-10-03T05:46:05.959492Z  WARN evm::traces: failed to read cache file path="/Users/leo/.foundry/cache/signatures" err=Read { source: Os { code: 2, kind: NotFound, message: "No such file or directory" }, path: "/Users/leo/.foundry/cache/signatures" }
2026-10-03T05:46:05.959708Z  WARN evm::traces: failed to read cache file path="/Users/leo/.foundry/cache/signatures" err=Read { source: Os { code: 2, kind: NotFound, message: "No such file or directory" }, path: "/Users/leo/.foundry/cache/signatures" }
2026-10-03T05:46:05.959919Z  WARN evm::traces: failed to read cache file path="/Users/leo/.foundry/cache/signatures" err=Read { source: Os { code: 2, kind: NotFound, message: "No such file or directory" }, path: "/Users/leo/.foundry/cache/signatures" }
2026-10-03T05:46:05.960136Z  WARN evm::traces: failed to read cache file path="/Users/leo/.foundry/cache/signatures" err=Read { source: Os { code: 2, kind: NotFound, message: "No such file or directory" }, path: "/Users/leo/.foundry/cache/signatures" }
2026-10-03T05:46:05.960347Z  WARN evm::traces: failed to read cache file path="/Users/leo/.foundry/cache/signatures" err=Read { source: Os { code: 2, kind: NotFound, message: "No such file or directory" }, path: "/Users/leo/.foundry/cache/signatures" }
2026-10-03T05:46:05.960557Z  WARN evm::traces: failed to read cache file path="/Users/leo/.foundry/cache/signatures" err=Read { source: Os { code: 2, kind: NotFound, message: "No such file or directory" }, path: "/Users/leo/.foundry/cache/signatures" }
2026-10-03T05:46:05.960770Z  WARN evm::traces: failed to read cache file path="/Users/leo/.foundry/cache/signatures" err=Read { source: Os { code: 2, kind: NotFound, message: "No such file or directory" }, path: "/Users/leo/.foundry/cache/signatures" }
2026-10-03T05:46:05.960985Z  WARN evm::traces: failed to read cache file path="/Users/leo/.foundry/cache/signatures" err=Read { source: Os { code: 2, kind: NotFound, message: "No such file or directory" }, path: "/Users/leo/.foundry/cache/signatures" }
2026-10-03T05:46:05.961202Z  WARN evm::traces: failed to read cache file path="/Users/leo/.foundry/cache/signatures" err=Read { source: Os { code: 2, kind: NotFound, message: "No such file or directory" }, path: "/Users/leo/.foundry/cache/signatures" }
2026-10-03T05:46:05.961417Z  WARN evm::traces: failed to read cache file path="/Users/leo/.foundry/cache/signatures" err=Read { source: Os { code: 2, kind: NotFound, message: "No such file or directory" }, path: "/Users/leo/.foundry/cache/signatures" }
2026-10-03T05:46:05.961634Z  WARN evm::traces: failed to read cache file path="/Users/leo/.foundry/cache/signatures" err=Read { source: Os { code: 2, kind: NotFound, message: "No such file or directory" }, path: "/Users/leo/.foundry/cache/signatures" }
2026-10-03T05:46:05.961859Z  WARN evm::traces: failed to read cache file path="/Users/leo/.foundry/cache/signatures" err=Read { source: Os { code: 2, kind: NotFound, message: "No such file or directory" }, path: "/Users/leo/.foundry/cache/signatures" }
2026-10-03T05:46:05.962075Z  WARN evm::traces: failed to read cache file path="/Users/leo/.foundry/cache/signatures" err=Read { source: Os { code: 2, kind: NotFound, message: "No such file or directory" }, path: "/Users/leo/.foundry/cache/signatures" }
2026-10-03T05:46:05.962289Z  WARN evm::traces: failed to read cache file path="/Users/leo/.foundry/cache/signatures" err=Read { source: Os { code: 2, kind: NotFound, message: "No such file or directory" }, path: "/Users/leo/.foundry/cache/signatures" }
2026-10-03T05:46:05.962502Z  WARN evm::traces: failed to read cache file path="/Users/leo/.foundry/cache/signatures" err=Read { source: Os { code: 2, kind: NotFound, message: "No such file or directory" }, path: "/Users/leo/.foundry/cache/signatures" }
2026-10-03T05:46:05.962712Z  WARN evm::traces: failed to read cache file path="/Users/leo/.foundry/cache/signatures" err=Read { source: Os { code: 2, kind: NotFound, message: "No such file or directory" }, path: "/Users/leo/.foundry/cache/signatures" }
2026-10-03T05:46:05.962926Z  WARN evm::traces: failed to read cache file path="/Users/leo/.foundry/cache/signatures" err=Read { source: Os { code: 2, kind: NotFound, message: "No such file or directory" }, path: "/Users/leo/.foundry/cache/signatures" }
2026-10-03T05:46:05.963137Z  WARN evm::traces: failed to read cache file path="/Users/leo/.foundry/cache/signatures" err=Read { source: Os { code: 2, kind: NotFound, message: "No such file or directory" }, path: "/Users/leo/.foundry/cache/signatures" }
2026-10-03T05:46:05.963349Z  WARN evm::traces: failed to read cache file path="/Users/leo/.foundry/cache/signatures" err=Read { source: Os { code: 2, kind: NotFound, message: "No such file or directory" }, path: "/Users/leo/.foundry/cache/signatures" }
2026-10-03T05:46:05.963572Z  WARN evm::traces: failed to read cache file path="/Users/leo/.foundry/cache/signatures" err=Read { source: Os { code: 2, kind: NotFound, message: "No such file or directory" }, path: "/Users/leo/.foundry/cache/signatures" }
2026-10-03T05:46:05.963783Z  WARN evm::traces: failed to read cache file path="/Users/leo/.foundry/cache/signatures" err=Read { source: Os { code: 2, kind: NotFound, message: "No such file or directory" }, path: "/Users/leo/.foundry/cache/signatures" }
2026-10-03T05:46:05.963993Z  WARN evm::traces: failed to read cache file path="/Users/leo/.foundry/cache/signatures" err=Read { source: Os { code: 2, kind: NotFound, message: "No such file or directory" }, path: "/Users/leo/.foundry/cache/signatures" }
2026-10-03T05:46:05.964207Z  WARN evm::traces: failed to read cache file path="/Users/leo/.foundry/cache/signatures" err=Read { source: Os { code: 2, kind: NotFound, message: "No such file or directory" }, path: "/Users/leo/.foundry/cache/signatures" }
2026-10-03T05:46:05.964421Z  WARN evm::traces: failed to read cache file path="/Users/leo/.foundry/cache/signatures" err=Read { source: Os { code: 2, kind: NotFound, message: "No such file or directory" }, path: "/Users/leo/.foundry/cache/signatures" }
2026-10-03T05:46:05.964636Z  WARN evm::traces: failed to read cache file path="/Users/leo/.foundry/cache/signatures" err=Read { source: Os { code: 2, kind: NotFound, message: "No such file or directory" }, path: "/Users/leo/.foundry/cache/signatures" }
2026-10-03T05:46:05.964852Z  WARN evm::traces: failed to read cache file path="/Users/leo/.foundry/cache/signatures" err=Read { source: Os { code: 2, kind: NotFound, message: "No such file or directory" }, path: "/Users/leo/.foundry/cache/signatures" }
2026-10-03T05:46:05.965064Z  WARN evm::traces: failed to read cache file path="/Users/leo/.foundry/cache/signatures" err=Read { source: Os { code: 2, kind: NotFound, message: "No such file or directory" }, path: "/Users/leo/.foundry/cache/signatures" }
2026-10-03T05:46:05.965274Z  WARN evm::traces: failed to read cache file path="/Users/leo/.foundry/cache/signatures" err=Read { source: Os { code: 2, kind: NotFound, message: "No such file or directory" }, path: "/Users/leo/.foundry/cache/signatures" }
2026-10-03T05:46:05.965485Z  WARN evm::traces: failed to read cache file path="/Users/leo/.foundry/cache/signatures" err=Read { source: Os { code: 2, kind: NotFound, message: "No such file or directory" }, path: "/Users/leo/.foundry/cache/signatures" }
2026-10-03T05:46:05.965697Z  WARN evm::traces: failed to read cache file path="/Users/leo/.foundry/cache/signatures" err=Read { source: Os { code: 2, kind: NotFound, message: "No such file or directory" }, path: "/Users/leo/.foundry/cache/signatures" }
2026-10-03T05:46:05.965909Z  WARN evm::traces: failed to read cache file path="/Users/leo/.foundry/cache/signatures" err=Read { source: Os { code: 2, kind: NotFound, message: "No such file or directory" }, path: "/Users/leo/.foundry/cache/signatures" }
2026-10-03T05:46:05.966117Z  WARN evm::traces: failed to read cache file path="/Users/leo/.foundry/cache/signatures" err=Read { source: Os { code: 2, kind: NotFound, message: "No such file or directory" }, path: "/Users/leo/.foundry/cache/signatures" }
2026-10-03T05:46:05.966327Z  WARN evm::traces: failed to read cache file path="/Users/leo/.foundry/cache/signatures" err=Read { source: Os { code: 2, kind: NotFound, message: "No such file or directory" }, path: "/Users/leo/.foundry/cache/signatures" }
2026-10-03T05:46:05.966542Z  WARN evm::traces: failed to read cache file path="/Users/leo/.foundry/cache/signatures" err=Read { source: Os { code: 2, kind: NotFound, message: "No such file or directory" }, path: "/Users/leo/.foundry/cache/signatures" }
2026-10-03T05:46:05.966753Z  WARN evm::traces: failed to read cache file path="/Users/leo/.foundry/cache/signatures" err=Read { source: Os { code: 2, kind: NotFound, message: "No such file or directory" }, path: "/Users/leo/.foundry/cache/signatures" }
2026-10-03T05:46:05.966968Z  WARN evm::traces: failed to read cache file path="/Users/leo/.foundry/cache/signatures" err=Read { source: Os { code: 2, kind: NotFound, message: "No such file or directory" }, path: "/Users/leo/.foundry/cache/signatures" }
2026-10-03T05:46:05.967185Z  WARN evm::traces: failed to read cache file path="/Users/leo/.foundry/cache/signatures" err=Read { source: Os { code: 2, kind: NotFound, message: "No such file or directory" }, path: "/Users/leo/.foundry/cache/signatures" }
2026-10-03T05:46:05.967398Z  WARN evm::traces: failed to read cache file path="/Users/leo/.foundry/cache/signatures" err=Read { source: Os { code: 2, kind: NotFound, message: "No such file or directory" }, path: "/Users/leo/.foundry/cache/signatures" }
2026-10-03T05:46:05.967612Z  WARN evm::traces: failed to read cache file path="/Users/leo/.foundry/cache/signatures" err=Read { source: Os { code: 2, kind: NotFound, message: "No such file or directory" }, path: "/Users/leo/.foundry/cache/signatures" }
2026-10-03T05:46:05.967826Z  WARN evm::traces: failed to read cache file path="/Users/leo/.foundry/cache/signatures" err=Read { source: Os { code: 2, kind: NotFound, message: "No such file or directory" }, path: "/Users/leo/.foundry/cache/signatures" }
2026-10-03T05:46:05.968041Z  WARN evm::traces: failed to read cache file path="/Users/leo/.foundry/cache/signatures" err=Read { source: Os { code: 2, kind: NotFound, message: "No such file or directory" }, path: "/Users/leo/.foundry/cache/signatures" }
2026-10-03T05:46:05.968256Z  WARN evm::traces: failed to read cache file path="/Users/leo/.foundry/cache/signatures" err=Read { source: Os { code: 2, kind: NotFound, message: "No such file or directory" }, path: "/Users/leo/.foundry/cache/signatures" }
2026-10-03T05:46:05.968472Z  WARN evm::traces: failed to read cache file path="/Users/leo/.foundry/cache/signatures" err=Read { source: Os { code: 2, kind: NotFound, message: "No such file or directory" }, path: "/Users/leo/.foundry/cache/signatures" }
2026-10-03T05:46:05.968687Z  WARN evm::traces: failed to read cache file path="/Users/leo/.foundry/cache/signatures" err=Read { source: Os { code: 2, kind: NotFound, message: "No such file or directory" }, path: "/Users/leo/.foundry/cache/signatures" }
2026-10-03T05:46:05.968898Z  WARN evm::traces: failed to read cache file path="/Users/leo/.foundry/cache/signatures" err=Read { source: Os { code: 2, kind: NotFound, message: "No such file or directory" }, path: "/Users/leo/.foundry/cache/signatures" }
2026-10-03T05:46:05.969110Z  WARN evm::traces: failed to read cache file path="/Users/leo/.foundry/cache/signatures" err=Read { source: Os { code: 2, kind: NotFound, message: "No such file or directory" }, path: "/Users/leo/.foundry/cache/signatures" }
2026-10-03T05:46:05.969323Z  WARN evm::traces: failed to read cache file path="/Users/leo/.foundry/cache/signatures" err=Read { source: Os { code: 2, kind: NotFound, message: "No such file or directory" }, path: "/Users/leo/.foundry/cache/signatures" }
2026-10-03T05:46:05.969537Z  WARN evm::traces: failed to read cache file path="/Users/leo/.foundry/cache/signatures" err=Read { source: Os { code: 2, kind: NotFound, message: "No such file or directory" }, path: "/Users/leo/.foundry/cache/signatures" }
2026-10-03T05:46:05.969753Z  WARN evm::traces: failed to read cache file path="/Users/leo/.foundry/cache/signatures" err=Read { source: Os { code: 2, kind: NotFound, message: "No such file or directory" }, path: "/Users/leo/.foundry/cache/signatures" }
2026-10-03T05:46:05.969966Z  WARN evm::traces: failed to read cache file path="/Users/leo/.foundry/cache/signatures" err=Read { source: Os { code: 2, kind: NotFound, message: "No such file or directory" }, path: "/Users/leo/.foundry/cache/signatures" }
2026-10-03T05:46:05.970180Z  WARN evm::traces: failed to read cache file path="/Users/leo/.foundry/cache/signatures" err=Read { source: Os { code: 2, kind: NotFound, message: "No such file or directory" }, path: "/Users/leo/.foundry/cache/signatures" }
2026-10-03T05:46:05.970390Z  WARN evm::traces: failed to read cache file path="/Users/leo/.foundry/cache/signatures" err=Read { source: Os { code: 2, kind: NotFound, message: "No such file or directory" }, path: "/Users/leo/.foundry/cache/signatures" }
2026-10-03T05:46:05.970607Z  WARN evm::traces: failed to read cache file path="/Users/leo/.foundry/cache/signatures" err=Read { source: Os { code: 2, kind: NotFound, message: "No such file or directory" }, path: "/Users/leo/.foundry/cache/signatures" }
2026-10-03T05:46:05.971778Z  WARN evm::traces: failed to read cache file path="/Users/leo/.foundry/cache/signatures" err=Read { source: Os { code: 2, kind: NotFound, message: "No such file or directory" }, path: "/Users/leo/.foundry/cache/signatures" }
2026-10-03T05:46:05.972281Z  WARN evm::traces: failed to read cache file path="/Users/leo/.foundry/cache/signatures" err=Read { source: Os { code: 2, kind: NotFound, message: "No such file or directory" }, path: "/Users/leo/.foundry/cache/signatures" }
2026-10-03T05:46:05.972719Z  WARN evm::traces: failed to read cache file path="/Users/leo/.foundry/cache/signatures" err=Read { source: Os { code: 2, kind: NotFound, message: "No such file or directory" }, path: "/Users/leo/.foundry/cache/signatures" }

Ran 2 tests for test/V2MarketSellScenarios.t.sol:V2MarketSellScenariosTest
[PASS] test_fourWalletCurveSellWaveOrderAndConservation() (gas: 1051304)
Logs:
  Scenario sell-wave curve sellers: 4
  Scenario sell-wave curve per_wallet_token_raw: 8494412564180006040471
  Scenario sell-wave curve first_stock_raw: 1114560000000000000
  Scenario sell-wave curve last_stock_raw: 1023541871404173306
  Scenario sell-wave curve total_stock_raw: 4273619631901840492
  Scenario sell-wave curve total_tax_raw: 474846625766871164

[PASS] test_fourWalletV4SellWaveRemainsFlatAfterBuybackNotice() (gas: 5370152)
Logs:
  Scenario sell-wave v4 sellers: 4
  Scenario sell-wave v4 per_wallet_token_raw: 8494412564180006040471
  Scenario sell-wave v4 liquidity_raw: 2828427124746190101923
  Scenario sell-wave v4 sqrt_before_raw: 2801138548739306995936596911
  Scenario sell-wave v4 sqrt_after_raw: 1967856617728950018686997120
  Scenario sell-wave v4 notified_first_stock_raw: 8615495238684541248
  Scenario sell-wave v4 notified_last_stock_raw: 5079971783790382611
  Scenario sell-wave v4 notified_total_stock_raw: 26773175437782212891
  Scenario sell-wave v4 notified_tax_raw: 2974797270864690320
  Scenario sell-wave v4 flat_first_stock_raw: 8615495238684541248
  Scenario sell-wave v4 flat_last_stock_raw: 5079971783790382611
  Scenario sell-wave v4 flat_total_stock_raw: 26773175437782212891
  Scenario sell-wave v4 flat_tax_raw: 2974797270864690320

Suite result: ok. 2 passed; 0 failed; 0 skipped; finished in 112.76ms (5.01ms CPU time)

Ran 1 test for test/V2Budget32Fork.t.sol:V2Budget32ForkTest
[SKIP: skipped: opt-in in-memory fork only] setUp() (gas: 0)
Suite result: ok. 0 passed; 0 failed; 1 skipped; finished in 334.13µs (0.00ns CPU time)

Ran 11 tests for test/V2RebalancePolicy.t.sol:V2RebalancePolicyTest
[PASS] testFuzz_eachProposedActionIsCappedAndUsesItsInputAsset(uint96,uint96,uint96,uint64) (runs: 1024, μ: 13934, ~: 14048)
[PASS] test_buyUsesUsdgUnitsAndIsCapped() (gas: 11848)
[PASS] test_cooldownHoldsUntilItsExactBoundary() (gas: 19374)
[PASS] test_deadbandBoundariesHoldAndValuesBeyondAct() (gas: 31146)
[PASS] test_intentEchoesConfigNonceAndPreservesStatelessPolicyState() (gas: 12373)
[PASS] test_metadataCommitsToSpotSchemaAndBuySellCapabilities() (gas: 6097)
[PASS] test_policyEchoesTheCoreBoundHashWithoutRecomputingItsDomain() (gas: 12474)
[PASS] test_rejectsMalformedOrUnsafeConfigurations() (gas: 80650)
[PASS] test_sellStopsAtTargetWhenCloserThanTheCap() (gas: 12106)
[PASS] test_sellUsesStockUnitsAndCapsTheirUsdNotional() (gas: 12058)
[PASS] test_zeroOrInconsistentObservationsFailClosedToHold() (gas: 21796)
Suite result: ok. 11 passed; 0 failed; 0 skipped; finished in 42.88ms (42.77ms CPU time)

Ran 4 tests for test/V2AssetPercentTradingDay.t.sol:V2AssetPercentTradingDayTest
[PASS] test_dstMovesSessionRollAndDoesNotResetHistoryWithinASession() (gas: 57484256)
[PASS] test_realMarketClosureWaitsWithoutReportingLiveCapacity() (gas: 13358614)
[PASS] test_realSummerSessionRollsAtTwentyNewYork() (gas: 14577080)
[PASS] test_realWinterSessionDoesNotResetAtUtcMidnight() (gas: 14969779)
Suite result: ok. 4 passed; 0 failed; 0 skipped; finished in 133.44ms (30.95ms CPU time)

Ran 14 tests for test/V2StrategyEngineGuards.t.sol:V2StrategyEngineGuardsTest
[PASS] test_C10_deployIsFactoryOnly() (gas: 11736)
[PASS] test_C11_secondStockFeeCollectionDeliversAgain() (gas: 13430416)
[PASS] test_C12_engineConfigBoundsAreEnforcedAtConstruction() (gas: 8457798)
[PASS] test_C13_unhealthyVenueBlocksExecution() (gas: 11847652)
[PASS] test_C14_bandHealthInAScheduledClosureCannotTradeWithoutALiveOracle() (gas: 12615892)
[PASS] test_C1_nonceMismatchFailsClosedAtTheCore() (gas: 23818602)
[PASS] test_C2_policyCodeReplacementAfterLaunchFailsClosed() (gas: 12326623)
[PASS] test_C3_gasBombIsBoundedByTheRegisteredGas() (gas: 11924886)
[PASS] test_C4_sellOnlyPolicyCannotBuy() (gas: 11950083)
[PASS] test_C5_sellInsideTheDeadbandIsRefused() (gas: 23888132)
[PASS] test_C6_outOfRangeActionWordIsRefusedByNameBeforeTheDecode() (gas: 11868764)
[PASS] test_C7_disabledPolicyCannotLaunchAnAlreadyConfiguredSalt() (gas: 2535146)
[PASS] test_C8_cooldownSurvivesTheEpochBoundary() (gas: 12202853)
[PASS] test_C9_registryWritesAreOwnerOnly() (gas: 6602808)
Suite result: ok. 14 passed; 0 failed; 0 skipped; finished in 144.20ms (21.28ms CPU time)

Ran 5 tests for test/V2StrategyOptionsBoundary.t.sol:V2StrategyOptionsBoundaryTest
[PASS] test_buybackCapabilityCannotEnterRebalanceEngine() (gas: 8555532)
[PASS] test_futureUnknownCapabilityFailsClosedInsideSpotEngine() (gas: 8556586)
[PASS] test_optionsEngineVersionCannotBeConfiguredAgainstSpotEngineKind() (gas: 6462048)
[PASS] test_overBroadKindCannotSmuggleOptionsCapabilityIntoSpotEngine() (gas: 8556668)
[PASS] test_spotOnlyKindRejectsPolicyContainingAnyOptionsCapabilityAtConfiguration() (gas: 6463896)
Suite result: ok. 5 passed; 0 failed; 0 skipped; finished in 124.86ms (5.40ms CPU time)

Ran 14 tests for test/V2StrategyEngine.t.sol:V2StrategyEngineTest
[PASS] test_coreRejectsReservedConfigBitsEvenWhenPolicyWouldIgnoreThem() (gas: 345199)
[PASS] test_engineSelectionRestatesQuoteAndLegacySetterCannotSkipConfig() (gas: 6876120)
[PASS] test_graduatedOverweightEngineSellsOneBoundedChunkAndAccountsTheFill() (gas: 11871467)
[PASS] test_hugePolicyReturndataIsRejectedBeforeCopyOrStateChange() (gas: 11845458)
[PASS] test_intentOfTheWrongLengthIsABadPolicyReturnEvenWhenItsWordsAreValid() (gas: 35483477)
[PASS] test_optionsCapabilityCannotEnterTheSpotEngine() (gas: 346265)
[PASS] test_outOfRangeActionWordIsABadPolicyReturnNotAnEmptyRevert() (gas: 11917130)
[PASS] test_policyCodeReplacementFailsBeforePredictionOrLaunch() (gas: 34081)
[PASS] test_policyDisableBlocksFutureLaunchesButCannotRewriteALaunchedTreasury() (gas: 8872339)
[PASS] test_registryAndCreate2BindTheExactCorePolicyAndConfig() (gas: 8944003)
[PASS] test_revertingPolicyCannotConsumeNonceOrMoveAssets() (gas: 11837634)
[PASS] test_staticcallTrapsPolicyStateWrites() (gas: 12270080)
[PASS] test_underweightEngineBuysStockButPolicyCannotExceedCoreCap() (gas: 11824317)
[PASS] test_wrongCommitmentAndExcessiveAmountBothFailClosedAtTheCore() (gas: 23774931)
Suite result: ok. 14 passed; 0 failed; 0 skipped; finished in 128.45ms (22.59ms CPU time)

Ran 5 tests for test/V2StrategyEngineTradingDay.t.sol:V2StrategyEngineTradingDayTest
[PASS] test_dstEndMovesTheRollAnHourLaterInUtc() (gas: 24485649)
[PASS] test_dstStartMovesTheRollAnHourEarlierInUtc() (gas: 24580497)
[PASS] test_summerBucketRollsAt2000NewYork() (gas: 12405139)
[PASS] test_theUtcYearBoundaryIsNotABucketBoundary() (gas: 12160772)
[PASS] test_winterBucketRollsAt2000NewYorkNotAtMidnightUtc() (gas: 12592651)
Suite result: ok. 5 passed; 0 failed; 0 skipped; finished in 158.84ms (29.12ms CPU time)

Ran 2 tests for test/V2TSLAStress.t.sol:V2TSLAStressTest
[PASS] testExactFinishRaiseOverfillAtomicRollbackAndV4Boundary() (gas: 9001019)
[PASS] testTwelveBuyersWhitelistSniperAndConcentratedDump() (gas: 2063968)
Suite result: ok. 2 passed; 0 failed; 0 skipped; finished in 129.14ms (5.90ms CPU time)

Ran 2 tests for test/V2StrategyKinds.t.sol:V2LpShareTest
[PASS] test_defaultIsHalfAndOnlyTheOwnerMovesItWithinBounds() (gas: 78429)
[PASS] test_lpShareIsInTheTermsAndFrozenAtLaunch() (gas: 18409450)
Suite result: ok. 2 passed; 0 failed; 0 skipped; finished in 162.50ms (2.01ms CPU time)

Ran 2 tests for test/V2TradeRouter.t.sol:V2TradeRouterIntegrationTest
[PASS] testRealFactoryLifecycleTokenCurrency0() (gas: 13028155)
[PASS] testRealFactoryLifecycleTokenCurrency1() (gas: 13218676)
Suite result: ok. 2 passed; 0 failed; 0 skipped; finished in 149.31ms (6.71ms CPU time)

Ran 24 tests for test/V2TradeRouter.t.sol:V2TradeRouterTest
[PASS] testBadPathsAreRejectedBeforePull() (gas: 804268)
[PASS] testCallbackDataCannotSelectPaymentToken() (gas: 592224)
[PASS] testCurveCapStockFloorProtectsRefundFromWorseV3Price() (gas: 1650320)
[PASS] testDeadlineStageAndMinimumProtectFullRoute() (gas: 1379397)
[PASS] testDirectStockBuyAndSellNeedNoV3Pool() (gas: 412284)
[PASS] testDirectStockBuyHonorsStockFloorButSellIgnoresIt() (gas: 467168)
[PASS] testDonationsRemainIsolatedFromBuyRefundAndSell() (gas: 1215536)
[PASS] testFinalCurveBuyGraduatesAndRequiresExplicitStockRefundConsent() (gas: 1257591)
[PASS] testMaximumThreeHopRouteAndReverseOutput() (gas: 1632036)
[PASS] testMinimumIsNeverProratedForFinalPartialFill() (gas: 626753)
[PASS] testNonUsdgTwoHopBuyAndChosenOutputSell() (gas: 838561)
[PASS] testOpeningTaxUsesFinalRoutedRecipientAndAbsoluteSlippage() (gas: 4056481)
[PASS] testRealV4DirectStockAndStaleStage() (gas: 2668817)
[PASS] testRealV4GraduatedTwoHopBuyAndSelectedOutputSell() (gas: 2862140)
[PASS] testRealV4OutputTransferTaxRevertsWithoutSpendingDonation() (gas: 2580977)
[PASS] testRealV4PartialBuyRefundRequiresConsentAndIsolatesDonations() (gas: 3688982)
[PASS] testRealV4PartialSellRefundRequiresConsentAndIsolatesDonations() (gas: 3538651)
[PASS] testRepeatedIntermediateTokenIsRejected() (gas: 672083)
[PASS] testShortPoolOutputCannotBeSubsidizedByDonation() (gas: 240005)
[PASS] testTaxedFinalOutputCannotUseDonationOrMissUserMinimum() (gas: 1111739)
[PASS] testTaxedInputAndIntermediateTransferAreRejected() (gas: 531637)
[PASS] testV3CallbacksCannotOverchargeChangeDirectionOrPayTwice() (gas: 1346514)
[PASS] testV4PartialStockFloorProtectsRefundFromWorseV3Price() (gas: 3907842)
[PASS] testWhitelistingRouterDoesNotExemptItsUsers() (gas: 4239787)
Suite result: ok. 24 passed; 0 failed; 0 skipped; finished in 15.65ms (14.72ms CPU time)

Ran 6 tests for test/V2StrategyKinds.t.sol:V2StrategyKindsTest
[PASS] test_changingKindAfterQuoteRestatesTheLaunch() (gas: 12642580)
[PASS] test_creatorCannotChooseAnUnregisteredKind() (gas: 12059)
[PASS] test_kindIsPerCreatorSalt() (gas: 6135611)
[PASS] test_kindOneLaunchDeploysKindOneCodeAndGraduates() (gas: 17500037)
[PASS] test_onlyFactoryOwnerRegistersAKindAndKindsAreWriteOnce() (gas: 11706366)
[PASS] test_shippedTreasuryIsKindZeroAndNeedsNoCall() (gas: 8968439)
Suite result: ok. 6 passed; 0 failed; 0 skipped; finished in 129.29ms (4.27ms CPU time)

Ran 15 tests for test/V2TwoSidedFees.t.sol:V2TwoSidedFeesToken0Test
[PASS] testConversionCannotSpendDonatedTokens() (gas: 424311)
[PASS] testConversionRejectsLimitsBeyondHalfPercentSqrtMovement() (gas: 548268)
[PASS] testConverterIsObservedForPoolHistoryButNotTaxedAgain() (gas: 424066)
[PASS] testCurveBuyAccruesAndPaysStockToAllThreeRoles() (gas: 145818)
[PASS] testDeadlineMinimumOutputAndPoolIdentityFailClosed() (gas: 465609)
[PASS] testExactOutputBuyStillPaysInStock() (gas: 399658)
[PASS] testFactoryOwnershipTransferChangesConverterAuthorization() (gas: 426519)
[PASS] testOnlyFactoryOwnerCanConvertAndCallbackCannotBeSpoofed() (gas: 300713)
[PASS] testPartialFillLeavesInventoryAndCanBeRetried() (gas: 1352742)
[PASS] testRejectedStockPayoutPreservesRoleCreditAndRetryDoesNotDoubleSplit() (gas: 680124)
[PASS] testStockRedemptionFailureDoesNotStrandPendingBuyClaims() (gas: 697496)
[PASS] testTwoPoolsOnSameStockKeepTheirFeesSeparate() (gas: 12353045)
[PASS] testV4BuyConvertsOnceThenPaysExactTwentyTenSeventy() (gas: 592716)
[PASS] testV4BuyInventoryIsNotBurnedOrReportedAsStockIncome() (gas: 340908)
[PASS] testV4SellPaysExactTwentyTenSeventyWithoutConversion() (gas: 405526)
Suite result: ok. 15 passed; 0 failed; 0 skipped; finished in 124.29ms (13.33ms CPU time)

Ran 4 tests for test/V2OpeningTaxExemption.t.sol:V2OpeningTaxExemptionTest
[PASS] testExactlyThirtyTwoAdditionalRecipientsCanLaunch() (gas: 11380565)
[PASS] testExemptionExpiresAtWindowAndDoesNotCarryIntoV4() (gas: 11861437)
[PASS] testWhitelistIsCreatorScopedValidatedAndFrozenAtLaunch() (gas: 16120621)
[PASS] testWhitelistedRecipientPaysOnlyFlatTaxAndQuoteMatchesExecution() (gas: 9435874)
Suite result: ok. 4 passed; 0 failed; 0 skipped; finished in 124.61ms (5.96ms CPU time)

Ran 1 test for test/V2OriginalSupplyParticipationFork.t.sol:V2OriginalSupplyParticipationForkTest
[SKIP: skipped: opt-in in-memory fork only] setUp() (gas: 0)
Suite result: ok. 0 passed; 0 failed; 1 skipped; finished in 270.79µs (0.00ns CPU time)
2026-10-03T05:46:06.661475Z  WARN evm::traces: failed to read cache file path="/Users/leo/.foundry/cache/signatures" err=Read { source: Os { code: 2, kind: NotFound, message: "No such file or directory" }, path: "/Users/leo/.foundry/cache/signatures" }

Ran 5 tests for test/V2OpeningTaxDecay.t.sol:V2OpeningTaxDecayTest
[PASS] testFuzz_openingRateStaysAboveTheTaxUntilTheWindowEnds(uint16,uint16,uint8,uint256) (runs: 1024, μ: 3602450, ~: 3433660)
[PASS] testFuzz_quoteBuyAgreesWithTheExecutedBuysBurn(uint16,uint8,uint256,uint256) (runs: 1024, μ: 3536076, ~: 3544828)
[PASS] test_openingRateAtOrBelowTheTaxIsTheFlatTaxAndBuysSucceed() (gas: 17583969)
[PASS] test_shippedThreeSecondSchedule() (gas: 6640172)
[PASS] test_sixtySecondWindowLastsSixtySeconds() (gas: 3340768)
Suite result: ok. 5 passed; 0 failed; 0 skipped; finished in 972.49ms (1.25s CPU time)

Ran 15 tests for test/V2TwoSidedFees.t.sol:V2TwoSidedFeesToken1Test
[PASS] testConversionCannotSpendDonatedTokens() (gas: 424943)
[PASS] testConversionRejectsLimitsBeyondHalfPercentSqrtMovement() (gas: 548791)
[PASS] testConverterIsObservedForPoolHistoryButNotTaxedAgain() (gas: 424698)
[PASS] testCurveBuyAccruesAndPaysStockToAllThreeRoles() (gas: 145818)
[PASS] testDeadlineMinimumOutputAndPoolIdentityFailClosed() (gas: 466241)
[PASS] testExactOutputBuyStillPaysInStock() (gas: 399183)
[PASS] testFactoryOwnershipTransferChangesConverterAuthorization() (gas: 427024)
[PASS] testOnlyFactoryOwnerCanConvertAndCallbackCannotBeSpoofed() (gas: 301511)
[PASS] testPartialFillLeavesInventoryAndCanBeRetried() (gas: 1353929)
[PASS] testRejectedStockPayoutPreservesRoleCreditAndRetryDoesNotDoubleSplit() (gas: 680630)
[PASS] testStockRedemptionFailureDoesNotStrandPendingBuyClaims() (gas: 697646)
[PASS] testTwoPoolsOnSameStockKeepTheirFeesSeparate() (gas: 12727770)
[PASS] testV4BuyConvertsOnceThenPaysExactTwentyTenSeventy() (gas: 593222)
[PASS] testV4BuyInventoryIsNotBurnedOrReportedAsStockIncome() (gas: 341696)
[PASS] testV4SellPaysExactTwentyTenSeventyWithoutConversion() (gas: 405170)
Suite result: ok. 15 passed; 0 failed; 0 skipped; finished in 136.92ms (14.69ms CPU time)

Ran 12 tests for test/V2StrategyEngineConfig.t.sol:V2StrategyEngineConfigTest
[PASS] testFuzz_deployerAndConstructorAgree(uint16,uint16,uint32,uint256,uint256,bool,uint16) (runs: 1024, μ: 267556, ~: 265132)
[PASS] test_aCompliantConfigIsAcceptedByBothPaths() (gas: 10097719)
[PASS] test_cooldownFloorIsOneTwapWindowOnBothPaths() (gas: 5545887)
[PASS] test_dailyTurnoverIsAtMostTwentyFourActionsOnBothPaths() (gas: 5460234)
[PASS] test_deadbandFloorIsTwiceTheListingFrictionOnBothPaths() (gas: 21504079)
[PASS] test_everyWordBoundIsRefusedByBothPaths() (gas: 2334870)
[PASS] test_factoryPredictNamesTheRefusalInsteadOfQuotingAnUnlaunchableConfig() (gas: 246434)
[PASS] test_maxTradeAboveTheListingChunkIsRefusedByBothPaths() (gas: 5439411)
[PASS] test_maxTradeBelowTheMinimumLotIsRefusedByBothPaths() (gas: 5439330)
[PASS] test_spotBoundsApplyOnlyToTheSpotEngineVersion() (gas: 577569)
[PASS] test_targetIsBetweenTwentyAndNinetyPercentOnBothPaths() (gas: 10745335)
[PASS] test_theRoundFourUnboundedConfigNoLongerLaunches() (gas: 262801)
Suite result: ok. 12 passed; 0 failed; 0 skipped; finished in 303.22ms (190.21ms CPU time)

Ran 15 tests for test/V2AssetPercentEngine.t.sol:V2AssetPercentEngineTest
[PASS] testFuzz_partialFillRewardsAndActualTurnover(uint16,bool,bool) (runs: 1024, μ: 13591203, ~: 13610623)
[PASS] test_buyPreviewAndExecuteUsePercentageAndAbsoluteListingChunk() (gas: 13641220)
[PASS] test_dailyBudgetShrinksBelowUsedThenRecoversInSameEpoch() (gas: 13942553)
[PASS] test_dailyDepletionAndDonationReopenOnlyTheCurrentNavDifference() (gas: 14013274)
[PASS] test_dustFillRollsBackCashBucketsNonceCooldownAndReward() (gas: 13377629)
[PASS] test_gainPayoutRetainsBuybackInFullNavAndCountsAllActuallyMovedInventory() (gas: 13730205)
[PASS] test_liveNavGrowthAndShrinkResizeBothLimitsWithoutRoundingUp() (gas: 13419394)
[PASS] test_newTradingDateResetsBudgetAndCooldownPreviewMatchesCore() (gas: 13959526)
[PASS] test_rewardTransferFailureRollsBackPercentageBudgetAndSwap() (gas: 13537672)
[PASS] test_schemaAndGenericRegistryAppendPreserveExistingKindAndWords() (gas: 24654130)
[PASS] test_sellPreviewAndExecuteUsePercentageAndAbsoluteListingChunk() (gas: 13624076)
[PASS] test_staleOrUnhealthySnapshotHasNoReportedCapacity() (gas: 13194777)
[PASS] test_stockDonationsAndBuybackAreIncludedWhileInventoryStaysIsolated() (gas: 13769585)
[PASS] test_subMinRemainingDailyWaitDoesNotConsumeOrResetBudget() (gas: 13836946)
[PASS] test_tinyNavWaitsUntilPercentCapMeetsMinLot() (gas: 13906681)
Suite result: ok. 15 passed; 0 failed; 0 skipped; finished in 2.50s (2.38s CPU time)

Ran 22 tests for test/InteractVenueParity.t.sol:InteractVenueParityStockCurrency0Test
[PASS] testFuzz_arbitrarySequencesNeverBreakTheLedger(uint256) (runs: 1024, μ: 2193355, ~: 1822400)
[PASS] testFuzz_theTwoUnitConversionsAgree(uint256,uint256) (runs: 1024, μ: 4087285, ~: 4087343)
[PASS] test_aBandedTreasuryTradesThroughAScheduledClosure() (gas: 821473)
[PASS] test_aDipMayFillShort_andSpendsOnlyWhatFilled() (gas: 1122811)
[PASS] test_aFeedOutageDuringTradingHoursStillFailsClosed() (gas: 518504)
[PASS] test_aFullPricePath_eachStepWaitsUntilDue_andTheLedgerHoldsThroughout() (gas: 1883420)
[PASS] test_aPreOpenFrontRunCannotMakeTheRuleActAtTheGapPrice() (gas: 432606)
[PASS] test_aShortTakeProfitThenAShortStop_tp1LeftIsNotClampedWhileTheLotStillCoversIt() (gas: 1109151)
[PASS] test_aSpotItsOwnTwapDoesNotCorroborateClosesTheGate() (gas: 105946)
[PASS] test_aWeekendDumpPaysTheTreasuryNotTheDumper() (gas: 1117628)
Logs:
  weekend dumper PnL, marked at the restored price (USDG-6): -252636426
  price the rule acted on (1e18): 110619614127313440267

[PASS] test_aWeekendGapIsTradable_andOnlyAnAbsurdOneParks() (gas: 754863)
[PASS] test_anAtomicShoveCannotBecomeTheWeekendPrice() (gas: 563029)
[PASS] test_anUnhealthyOracleStopsEveryTradingPath_stopLossIncluded() (gas: 600798)
[PASS] test_atTheDeviationBoundaryASaleFillsOrIsRefusedWhole() (gas: 912727)
[PASS] test_chunkedSales_oneChunkACall_throughTp1APriceFallBackAndAStop() (gas: 5670872)
[PASS] test_multipleLotsSurviveTheSwapAndPop_bookedStockStillTotalsThem() (gas: 2103170)
[PASS] test_oraclePausedHaltsEvenOnAWeekend() (gas: 584087)
[PASS] test_stopLossWaitsForTheMarketToOpen() (gas: 720693)
[PASS] test_theTwoCopiesOfEveryFieldAgree() (gas: 4093329)
[PASS] test_theTwoScalesAgreeAcrossDecimalCombinations() (gas: 17292030)
[PASS] test_theV3ConstructorRefusesAZeroSellChunk() (gas: 211539)
[PASS] test_v3SellThatCannotFullyFill_sellsWhatFits_andTheLedgerFollowsTheStockThatLeft() (gas: 778898)
Suite result: ok. 22 passed; 0 failed; 0 skipped; finished in 2.92s (3.18s CPU time)

Ran 22 tests for test/InteractVenueParity.t.sol:InteractVenueParityUsdgCurrency0Test
[PASS] testFuzz_arbitrarySequencesNeverBreakTheLedger(uint256) (runs: 1024, μ: 2218277, ~: 1821840)
[PASS] testFuzz_theTwoUnitConversionsAgree(uint256,uint256) (runs: 1024, μ: 4087350, ~: 4087409)
[PASS] test_aBandedTreasuryTradesThroughAScheduledClosure() (gas: 821885)
[PASS] test_aDipMayFillShort_andSpendsOnlyWhatFilled() (gas: 1123182)
[PASS] test_aFeedOutageDuringTradingHoursStillFailsClosed() (gas: 518863)
[PASS] test_aFullPricePath_eachStepWaitsUntilDue_andTheLedgerHoldsThroughout() (gas: 1885244)
[PASS] test_aPreOpenFrontRunCannotMakeTheRuleActAtTheGapPrice() (gas: 432554)
[PASS] test_aShortTakeProfitThenAShortStop_tp1LeftIsNotClampedWhileTheLotStillCoversIt() (gas: 1110283)
[PASS] test_aSpotItsOwnTwapDoesNotCorroborateClosesTheGate() (gas: 105834)
[PASS] test_aWeekendDumpPaysTheTreasuryNotTheDumper() (gas: 1118330)
Logs:
  weekend dumper PnL, marked at the restored price (USDG-6): -252636426
  price the rule acted on (1e18): 110630620588726171623

[PASS] test_aWeekendGapIsTradable_andOnlyAnAbsurdOneParks() (gas: 755614)
[PASS] test_anAtomicShoveCannotBecomeTheWeekendPrice() (gas: 563448)
[PASS] test_anUnhealthyOracleStopsEveryTradingPath_stopLossIncluded() (gas: 601157)
[PASS] test_atTheDeviationBoundaryASaleFillsOrIsRefusedWhole() (gas: 913114)
[PASS] test_chunkedSales_oneChunkACall_throughTp1APriceFallBackAndAStop() (gas: 5671017)
[PASS] test_multipleLotsSurviveTheSwapAndPop_bookedStockStillTotalsThem() (gas: 2105857)
[PASS] test_oraclePausedHaltsEvenOnAWeekend() (gas: 584411)
[PASS] test_stopLossWaitsForTheMarketToOpen() (gas: 720857)
[PASS] test_theTwoCopiesOfEveryFieldAgree() (gas: 4093395)
[PASS] test_theTwoScalesAgreeAcrossDecimalCombinations() (gas: 17292030)
[PASS] test_theV3ConstructorRefusesAZeroSellChunk() (gas: 211605)
[PASS] test_v3SellThatCannotFullyFill_sellsWhatFits_andTheLedgerFollowsTheStockThatLeft() (gas: 779489)
Suite result: ok. 22 passed; 0 failed; 0 skipped; finished in 2.96s (3.17s CPU time)

Ran 9 tests for test/V2AssetPercentFundAssets.t.sol:V2AssetPercentFundAssetsTest
[PASS] testFuzz_realLpBothStockOrdersUseCurrentOwnedPrincipalAndStockFees(bool) (runs: 1024, μ: 15123846, ~: 15138460)
[PASS] test_bbRelocationIsConservedAndDailyUsedDoesNotReset() (gas: 13700051)
[PASS] test_feeDeliveryFailureParkedBalanceAndRetryPreserveFullNav() (gas: 14681422)
[PASS] test_fullNavCapActuallyExceedsTradableCapButTargetRemainsTradable() (gas: 13981616)
[PASS] test_funHoldingsAndFunFeesHaveZeroExternalAssetValue() (gas: 14542199)
[PASS] test_missingUnseededOrMisboundVaultFailsClosedWithNoSmallerNavFallback() (gas: 13984371)
[PASS] test_otherFundAndPoolManagerBalancesCannotInflateThisFund() (gas: 27397832)
[PASS] test_stockQuantityOrNavOverflowFailsClosedBeforeBooking() (gas: 13469947)
[PASS] test_unlockedManagerWaitsAndExecuteRollsBackWithoutConsumingState() (gas: 14003625)
Suite result: ok. 9 passed; 0 failed; 0 skipped; finished in 3.18s (3.07s CPU time)

Ran 2 tests for test/V2AssetPercentOrdering.t.sol:V2AssetPercentOrderingTest
[PASS] testFuzz_bothTokenOrderingsAndDirectionsUseExactSamePercentUnits(bool,bool) (runs: 1024, μ: 15360994, ~: 15379619)
[PASS] testFuzz_zeroFillCannotCommitActionOrBudget(bool,bool) (runs: 1024, μ: 15097644, ~: 15136471)
Suite result: ok. 2 passed; 0 failed; 0 skipped; finished in 2.77s (4.40s CPU time)

Ran 9 tests for test/V2EngineKeeperReward.t.sol:V2EngineKeeperRewardTest
[PASS] testFuzz_buyRewardUsesActualStockAndNetCost(uint16,uint16) (runs: 1024, μ: 11877271, ~: 11879886)
[PASS] testFuzz_sellRewardUsesActualUsdOutput(uint16,uint16) (runs: 1024, μ: 11864635, ~: 11867211)
[PASS] test_buyRewardCallbackSeesFinalLedgerAndCannotReenter() (gas: 13044456)
[PASS] test_buyRewardTransferFailureRollsBackNetCostAndSwap() (gas: 11831219)
[PASS] test_competingKeeperCannotCollectTwice() (gas: 11834587)
[PASS] test_executionEventKeepsGrossOutputWhileRewardEventExplainsNet() (gas: 11819630)
[PASS] test_holdAndDustPayNothingAndDoNotConsumeState() (gas: 23113896)
[PASS] test_sellRewardCallbackSeesFinalLedgerAndCannotReenter() (gas: 13040273)
[PASS] test_sellRewardTransferFailureRollsBackSwapAndState() (gas: 11802686)
Suite result: ok. 9 passed; 0 failed; 0 skipped; finished in 3.74s (5.60s CPU time)

Ran 8 tests for test/V2StrategyEngineGains.t.sol:V2StrategyEngineGainsTest
[PASS] testFuzz_shortFillMovesOnlyItsShare(uint16) (runs: 1024, μ: 12580892, ~: 12580427)
[PASS] test_aSaleAtOrBelowAverageCostMovesNothing() (gas: 11977188)
[PASS] test_averageCostFollowsBookingsAndBuysAndIgnoresSales() (gas: 12548326)
[PASS] test_bookWaitsForALivePrice() (gas: 11639904)
[PASS] test_bookWaitsForALivePriceEvenWhenTheBandServesOne() (gas: 12308204)
[PASS] test_fullPayoutSellsOnlyThePrincipal() (gas: 12562843)
[PASS] test_rebalanceGainsFundTheBurn() (gas: 12839459)
[PASS] test_zeroPayoutIsThePlainRebalance() (gas: 12615125)
Suite result: ok. 8 passed; 0 failed; 0 skipped; finished in 3.25s (3.15s CPU time)

Ran 8 tests for test/V2StrategyEngineAccounting.t.sol:V2StrategyEngineAccountingTest
[PASS] testFuzz_shortBuyFillUsesActualInputAndOutput(uint16) (runs: 1024, μ: 11797851, ~: 11798133)
[PASS] testFuzz_shortSellFillUsesOnlyActualInput(uint16) (runs: 1024, μ: 11812469, ~: 11812751)
[PASS] test_cooldownAndDailyCapUseCumulativeActualTurnover() (gas: 12325061)
[PASS] test_donationBooksExactlyOnceWithoutTouchingBuybackBucket() (gas: 11638628)
[PASS] test_previewDoesNotClaimDustBelowTheCoreMinimumIsExecutable() (gas: 11915161)
[PASS] test_sellRoundingCannotExceedPerCallCapOrTarget() (gas: 11818737)
[PASS] test_shortBuyBelowMinLotRollsBackWithoutConsumingStrategyState() (gas: 11732404)
[PASS] test_shortSellBelowMinLotRollsBackWithoutConsumingStrategyState() (gas: 11724638)
Suite result: ok. 8 passed; 0 failed; 0 skipped; finished in 5.29s (6.61s CPU time)

Ran 18 tests for test/V2Factory.t.sol:V2FactoryTest
[PASS] test_curveOpeningBuyTaxDecaysAndCreatorPaysOnlyFlatTax() (gas: 9213503)
[PASS] test_factorySenderFeeCannotConsumeDonationsDuringGraduation() (gas: 11179768)
[PASS] test_failedSeedRollsBackFinalBuyAndCurveRemainsSellable() (gas: 14158775)
[PASS] test_graduatedRegistrationIsFactoryOnly() (gas: 8975915)
[PASS] test_graduatesRealV4Token0Stock18Decimals() (gas: 11806537)
[PASS] test_graduatesRealV4Token0Stock6Decimals() (gas: 67510804)
[PASS] test_graduatesRealV4Token1Stock18Decimals() (gas: 11996173)
[PASS] test_graduatesRealV4Token1Stock6Decimals() (gas: 67205210)
[PASS] test_graduationAndBuybackKeepFlatSellTax() (gas: 11769467)
[PASS] test_graduationFeesAndDonationsNeverSeedThePool() (gas: 11859424)
[PASS] test_launchAndGraduationUseFrozenTerms() (gas: 11820949)
[PASS] test_legacyKindTinyStopIsRejectedAtQuoteAndLaunch() (gas: 16337157)
[PASS] test_quoteBecomesStaleWhenCurveTermsChange() (gas: 6854129)
[PASS] test_runtimeAndInitcodeFitEvmLimits() (gas: 33152)
[PASS] test_seededPositionCannotBeRemovedByCreatorOrCallbackReplay() (gas: 11776180)
[PASS] test_token0GraduationAnchorProtectsFirstBuyback() (gas: 12345565)
[PASS] test_token1GraduationAnchorProtectsFirstBuyback() (gas: 12536999)
[PASS] test_treasuryWaitsForGraduationBeforeBookingOrTrading() (gas: 11813962)
Suite result: ok. 18 passed; 0 failed; 0 skipped; finished in 13.08s (112.09ms CPU time)

Ran 29 tests for test/V2CreatorParameters.t.sol:V2CreatorTradeEconomicsUsdg0Test
[PASS] test_allInProfitDustDoesNotBlockLaterProfit() (gas: 6222450)
[PASS] test_allInStopDustDoesNotBlockLaterStop() (gas: 6324789)
[PASS] test_cannotBypassExecuteThroughOldSelectors() (gas: 469344)
[PASS] test_closedMarketWithStopConfiguredAllowsProfitButNotDip() (gas: 6690931)
[PASS] test_closedMarketWithoutStopKeepsPoolOnlyDipPolicy() (gas: 6382140)
[PASS] test_dipAfterStopRetiresTheGateForTheNextRung() (gas: 1231455)
[PASS] test_donatedLotsAtCapacityCoalesceWithoutBlockingBookingOrDip() (gas: 17904833)
[PASS] test_dustCleanupSurvivesPendingBookingAtLotCapacity() (gas: 23402879)
[PASS] test_fullBookCannotEraseDistinctCostStopBeforeBuy() (gas: 12863682)
[PASS] test_fullDistinctCostLotsHaveBoundedStopScanGas() (gas: 12975592)
Logs:
  Full distinct-cost execute gas: 816523

[PASS] test_fullDistinctCostLotsRejectBuyWithinGasBudget() (gas: 23009237)
[PASS] test_minimumBookedLotStillExecutesStop() (gas: 644654)
[PASS] test_minimumBookedLotStillExecutesTp1() (gas: 5747752)
[PASS] test_minimumOutputRoundingDustDoesNotBlockLaterStop() (gas: 1215704)
[PASS] test_partialBuyAndHealthyTakeProfitConserveActualFillInventory() (gas: 6125952)
[PASS] test_profitAfterStopReopensDipAtTheProfitRung() (gas: 1348273)
[PASS] test_rebookingReleasedProfitDustDoesNotCountItAsNewStock() (gas: 5874753)
[PASS] test_rebookingReleasedStopDustDoesNotCountItAsNewStock() (gas: 982961)
[PASS] test_stopDustAndDueDipExecuteInTheSameCall() (gas: 1048108)
[PASS] test_stopDustWithoutAnotherDueLotDoesNotClaimASale() (gas: 904922)
[PASS] test_stopNeedsNewReportCooldownAndDeeperPriceBeforeReentry() (gas: 1015953)
[PASS] test_stopTailThatReboundsToTp1DoesNotBlockAnotherProfit() (gas: 1146907)
[PASS] test_stopWinsOverProfitAndDip_andShortFillStillBlocksBuy() (gas: 1141727)
[PASS] test_tinyStopRejectedBeforeDeployment() (gas: 213461)
[PASS] test_tinyTp1RemainderAdvancesStageWithoutClaimingSale() (gas: 5888636)
[PASS] test_unexecutableProfitDustDoesNotBlockLaterProfit() (gas: 6121697)
[PASS] test_unexecutableStopDustDoesNotBlockLaterStop() (gas: 1215880)
[PASS] test_unrepresentableChunkCannotClaimAStop() (gas: 5569523)
[PASS] test_widerMinimumOutputRoundingDustDoesNotBlockLaterStop() (gas: 1216276)
Suite result: ok. 29 passed; 0 failed; 0 skipped; finished in 13.51s (130.40ms CPU time)

Ran 5 tests for test/V2StrategyEngineInvariant.t.sol:V2StrategyEngineInvariantTest
[PASS] invariant_bucketsRemainCovered() (runs: 256, calls: 128000, reverts: 0)

╭-----------------------+---------------------+-------+---------+----------╮
| Contract              | Selector            | Calls | Reverts | Discards |
+==========================================================================+
| StrategyEngineHandler | advanceCooldownEdge | 10497 | 0       | 0        |
|-----------------------+---------------------+-------+---------+----------|
| StrategyEngineHandler | advanceEpoch        | 10809 | 0       | 0        |
|-----------------------+---------------------+-------+---------+----------|
| StrategyEngineHandler | advanceLive         | 10485 | 0       | 0        |
|-----------------------+---------------------+-------+---------+----------|
| StrategyEngineHandler | attemptExecute      | 10673 | 0       | 0        |
|-----------------------+---------------------+-------+---------+----------|
| StrategyEngineHandler | book                | 10579 | 0       | 0        |
|-----------------------+---------------------+-------+---------+----------|
| StrategyEngineHandler | donateStock         | 10665 | 0       | 0        |
|-----------------------+---------------------+-------+---------+----------|
| StrategyEngineHandler | donateUsdg          | 10785 | 0       | 0        |
|-----------------------+---------------------+-------+---------+----------|
| StrategyEngineHandler | makeOracleStale     | 10654 | 0       | 0        |
|-----------------------+---------------------+-------+---------+----------|
| StrategyEngineHandler | refreshFeeds        | 10659 | 0       | 0        |
|-----------------------+---------------------+-------+---------+----------|
| StrategyEngineHandler | setMarket           | 10642 | 0       | 0        |
|-----------------------+---------------------+-------+---------+----------|
| StrategyEngineHandler | setOraclePaused     | 10952 | 0       | 0        |
|-----------------------+---------------------+-------+---------+----------|
| StrategyEngineHandler | shoveVenue          | 10600 | 0       | 0        |
╰-----------------------+---------------------+-------+---------+----------╯

[PASS] invariant_handlerChecksCannotFailSilently() (runs: 256, calls: 128000, reverts: 0)

╭-----------------------+---------------------+-------+---------+----------╮
| Contract              | Selector            | Calls | Reverts | Discards |
+==========================================================================+
| StrategyEngineHandler | advanceCooldownEdge | 10497 | 0       | 0        |
|-----------------------+---------------------+-------+---------+----------|
| StrategyEngineHandler | advanceEpoch        | 10809 | 0       | 0        |
|-----------------------+---------------------+-------+---------+----------|
| StrategyEngineHandler | advanceLive         | 10485 | 0       | 0        |
|-----------------------+---------------------+-------+---------+----------|
| StrategyEngineHandler | attemptExecute      | 10673 | 0       | 0        |
|-----------------------+---------------------+-------+---------+----------|
| StrategyEngineHandler | book                | 10579 | 0       | 0        |
|-----------------------+---------------------+-------+---------+----------|
| StrategyEngineHandler | donateStock         | 10665 | 0       | 0        |
|-----------------------+---------------------+-------+---------+----------|
| StrategyEngineHandler | donateUsdg          | 10785 | 0       | 0        |
|-----------------------+---------------------+-------+---------+----------|
| StrategyEngineHandler | makeOracleStale     | 10654 | 0       | 0        |
|-----------------------+---------------------+-------+---------+----------|
| StrategyEngineHandler | refreshFeeds        | 10659 | 0       | 0        |
|-----------------------+---------------------+-------+---------+----------|
| StrategyEngineHandler | setMarket           | 10642 | 0       | 0        |
|-----------------------+---------------------+-------+---------+----------|
| StrategyEngineHandler | setOraclePaused     | 10952 | 0       | 0        |
|-----------------------+---------------------+-------+---------+----------|
| StrategyEngineHandler | shoveVenue          | 10600 | 0       | 0        |
╰-----------------------+---------------------+-------+---------+----------╯

[PASS] invariant_onlySuccessfulExecutionsAdvanceState() (runs: 256, calls: 128000, reverts: 0)

╭-----------------------+---------------------+-------+---------+----------╮
| Contract              | Selector            | Calls | Reverts | Discards |
+==========================================================================+
| StrategyEngineHandler | advanceCooldownEdge | 10497 | 0       | 0        |
|-----------------------+---------------------+-------+---------+----------|
| StrategyEngineHandler | advanceEpoch        | 10809 | 0       | 0        |
|-----------------------+---------------------+-------+---------+----------|
| StrategyEngineHandler | advanceLive         | 10485 | 0       | 0        |
|-----------------------+---------------------+-------+---------+----------|
| StrategyEngineHandler | attemptExecute      | 10673 | 0       | 0        |
|-----------------------+---------------------+-------+---------+----------|
| StrategyEngineHandler | book                | 10579 | 0       | 0        |
|-----------------------+---------------------+-------+---------+----------|
| StrategyEngineHandler | donateStock         | 10665 | 0       | 0        |
|-----------------------+---------------------+-------+---------+----------|
| StrategyEngineHandler | donateUsdg          | 10785 | 0       | 0        |
|-----------------------+---------------------+-------+---------+----------|
| StrategyEngineHandler | makeOracleStale     | 10654 | 0       | 0        |
|-----------------------+---------------------+-------+---------+----------|
| StrategyEngineHandler | refreshFeeds        | 10659 | 0       | 0        |
|-----------------------+---------------------+-------+---------+----------|
| StrategyEngineHandler | setMarket           | 10642 | 0       | 0        |
|-----------------------+---------------------+-------+---------+----------|
| StrategyEngineHandler | setOraclePaused     | 10952 | 0       | 0        |
|-----------------------+---------------------+-------+---------+----------|
| StrategyEngineHandler | shoveVenue          | 10600 | 0       | 0        |
╰-----------------------+---------------------+-------+---------+----------╯

[PASS] invariant_turnoverNeverExceedsTheEpochLimit() (runs: 256, calls: 128000, reverts: 0)

╭-----------------------+---------------------+-------+---------+----------╮
| Contract              | Selector            | Calls | Reverts | Discards |
+==========================================================================+
| StrategyEngineHandler | advanceCooldownEdge | 10497 | 0       | 0        |
|-----------------------+---------------------+-------+---------+----------|
| StrategyEngineHandler | advanceEpoch        | 10809 | 0       | 0        |
|-----------------------+---------------------+-------+---------+----------|
| StrategyEngineHandler | advanceLive         | 10485 | 0       | 0        |
|-----------------------+---------------------+-------+---------+----------|
| StrategyEngineHandler | attemptExecute      | 10673 | 0       | 0        |
|-----------------------+---------------------+-------+---------+----------|
| StrategyEngineHandler | book                | 10579 | 0       | 0        |
|-----------------------+---------------------+-------+---------+----------|
| StrategyEngineHandler | donateStock         | 10665 | 0       | 0        |
|-----------------------+---------------------+-------+---------+----------|
| StrategyEngineHandler | donateUsdg          | 10785 | 0       | 0        |
|-----------------------+---------------------+-------+---------+----------|
| StrategyEngineHandler | makeOracleStale     | 10654 | 0       | 0        |
|-----------------------+---------------------+-------+---------+----------|
| StrategyEngineHandler | refreshFeeds        | 10659 | 0       | 0        |
|-----------------------+---------------------+-------+---------+----------|
| StrategyEngineHandler | setMarket           | 10642 | 0       | 0        |
|-----------------------+---------------------+-------+---------+----------|
| StrategyEngineHandler | setOraclePaused     | 10952 | 0       | 0        |
|-----------------------+---------------------+-------+---------+----------|
| StrategyEngineHandler | shoveVenue          | 10600 | 0       | 0        |
╰-----------------------+---------------------+-------+---------+----------╯

[PASS] test_handlerCoversSubMinFailureAndExactBoundarySuccess() (gas: 877271)
Suite result: ok. 5 passed; 0 failed; 0 skipped; finished in 12.91s (37.18s CPU time)

Ran 2 tests for test/V2AssetPercentInvariant.t.sol:V2AssetPercentInvariantTest
[PASS] invariant_bucketsCoveredAndOnlySuccessfulActionsAdvanceState() (runs: 256, calls: 128000, reverts: 0)

╭---------------------------+---------------------+-------+---------+----------╮
| Contract                  | Selector            | Calls | Reverts | Discards |
+==============================================================================+
| AssetPercentEngineHandler | advanceCooldownEdge | 10497 | 0       | 0        |
|---------------------------+---------------------+-------+---------+----------|
| AssetPercentEngineHandler | advanceEpoch        | 10809 | 0       | 0        |
|---------------------------+---------------------+-------+---------+----------|
| AssetPercentEngineHandler | advanceLive         | 10485 | 0       | 0        |
|---------------------------+---------------------+-------+---------+----------|
| AssetPercentEngineHandler | attemptExecute      | 10673 | 0       | 0        |
|---------------------------+---------------------+-------+---------+----------|
| AssetPercentEngineHandler | book                | 10579 | 0       | 0        |
|---------------------------+---------------------+-------+---------+----------|
| AssetPercentEngineHandler | donateStock         | 10665 | 0       | 0        |
|---------------------------+---------------------+-------+---------+----------|
| AssetPercentEngineHandler | donateUsdg          | 10785 | 0       | 0        |
|---------------------------+---------------------+-------+---------+----------|
| AssetPercentEngineHandler | makeOracleStale     | 10654 | 0       | 0        |
|---------------------------+---------------------+-------+---------+----------|
| AssetPercentEngineHandler | refreshFeeds        | 10659 | 0       | 0        |
|---------------------------+---------------------+-------+---------+----------|
| AssetPercentEngineHandler | setMarket           | 10642 | 0       | 0        |
|---------------------------+---------------------+-------+---------+----------|
| AssetPercentEngineHandler | setOraclePaused     | 10952 | 0       | 0        |
|---------------------------+---------------------+-------+---------+----------|
| AssetPercentEngineHandler | shoveVenue          | 10600 | 0       | 0        |
╰---------------------------+---------------------+-------+---------+----------╯

[PASS] invariant_everyFillFitsItsOwnPreTradeNavLimitsAndCumulativeEpochLedger() (runs: 256, calls: 128000, reverts: 0)

╭---------------------------+---------------------+-------+---------+----------╮
| Contract                  | Selector            | Calls | Reverts | Discards |
+==============================================================================+
| AssetPercentEngineHandler | advanceCooldownEdge | 10497 | 0       | 0        |
|---------------------------+---------------------+-------+---------+----------|
| AssetPercentEngineHandler | advanceEpoch        | 10809 | 0       | 0        |
|---------------------------+---------------------+-------+---------+----------|
| AssetPercentEngineHandler | advanceLive         | 10485 | 0       | 0        |
|---------------------------+---------------------+-------+---------+----------|
| AssetPercentEngineHandler | attemptExecute      | 10673 | 0       | 0        |
|---------------------------+---------------------+-------+---------+----------|
| AssetPercentEngineHandler | book                | 10579 | 0       | 0        |
|---------------------------+---------------------+-------+---------+----------|
| AssetPercentEngineHandler | donateStock         | 10665 | 0       | 0        |
|---------------------------+---------------------+-------+---------+----------|
| AssetPercentEngineHandler | donateUsdg          | 10785 | 0       | 0        |
|---------------------------+---------------------+-------+---------+----------|
| AssetPercentEngineHandler | makeOracleStale     | 10654 | 0       | 0        |
|---------------------------+---------------------+-------+---------+----------|
| AssetPercentEngineHandler | refreshFeeds        | 10659 | 0       | 0        |
|---------------------------+---------------------+-------+---------+----------|
| AssetPercentEngineHandler | setMarket           | 10642 | 0       | 0        |
|---------------------------+---------------------+-------+---------+----------|
| AssetPercentEngineHandler | setOraclePaused     | 10952 | 0       | 0        |
|---------------------------+---------------------+-------+---------+----------|
| AssetPercentEngineHandler | shoveVenue          | 10600 | 0       | 0        |
╰---------------------------+---------------------+-------+---------+----------╯

Suite result: ok. 2 passed; 0 failed; 0 skipped; finished in 18.17s (27.62s CPU time)

Ran 9 tests for test/V2AdversarialTrading.t.sol:V2AdversarialTradingTest
[PASS] testAttackerCannotPreinitializeGraduationPoolOrReleaseAnotherUsersReserve() (gas: 15515881)
[PASS] testFuzz_sameBlockRoundTripCannotExtractStockWithoutAnExternalTrade(uint96,bool,bool) (runs: 1024, μ: 14604916, ~: 15894896)
[PASS] testFuzz_threeActorSequencesConserveBeforeAndAfterGraduation(uint256,bool,bool) (runs: 1024, μ: 56952121, ~: 83096963)
[PASS] testGraduationRaceTokenCurrency0() (gas: 16046545)
[PASS] testGraduationRaceTokenCurrency1() (gas: 16237037)
[PASS] testPermissiveVictimSlippageAllowsEconomicMevButConservationHolds() (gas: 13060389)
[PASS] testRejectedGraduationPreservesAllActorsTokenCurrency0() (gas: 18976753)
[PASS] testRejectedGraduationPreservesAllActorsTokenCurrency1() (gas: 19131308)
[PASS] testTightVictimMinOutDefeatsCurveSandwichAndAttackerLosesUnwind() (gas: 12796559)
Suite result: ok. 9 passed; 0 failed; 0 skipped; finished in 41.86s (80.73s CPU time)

Ran 20 tests for test/BondingCurve.t.sol:BondingCurveTest
[PASS] testBuySellConservation() (gas: 249445)
[PASS] testCapReleaseAndDonationIsolation() (gas: 334513)
[PASS] testClaimsIndependentAndSurviveGraduation() (gas: 477869)
[PASS] testDeployerPredictAndAuthorization() (gas: 7822615)
[PASS] testFactoryCannotLeaveReadyPersisted() (gas: 274779)
[PASS] testFuzzRoundTripCannotProfit(uint96) (runs: 1024, μ: 225839, ~: 226019)
[PASS] testFuzzTerminalReachability(uint16,uint16,uint16,uint16) (runs: 1024, μ: 3525412, ~: 3546289)
[PASS] testFuzzTinyCanonicalReserveRoundTrips(uint16,uint16,uint16) (runs: 1024, μ: 3539689, ~: 3540099)
[PASS] testFuzz_roundTripsAccrueFeesWithoutReserveRoundingSubsidy(uint96,uint16) (runs: 1024, μ: 3541021, ~: 3540867)
[PASS] testFuzz_smallUnitsChooseMinimalPaymentForBestAffordableFill(uint16,uint16) (runs: 1024, μ: 3605218, ~: 3615484)
[PASS] testRejectTaxedInputAndSlippageDeadline() (gas: 278146)
[PASS] testSenderSurchargeCannotExceedBuyBudgetOrConsumeDonations() (gas: 443958)
[PASS] testTaxedOutputCannotUnderpaySellerOrFeeRecipient() (gas: 354213)
[PASS] testTinyUnitsCannotExtractPreviousBuyRounding() (gas: 3534239)
[PASS] testTokenDonationDoesNotChangeQuotes() (gas: 235657)
[PASS] testUnfundedCurveCannotTrade() (gas: 1737941)
[PASS] test_RevertGraduationRollsBackFinalBuyAndKeepsSellsOpen() (gas: 427997)
[PASS] test_capReachabilityAtZeroAndMaximumConstructorFee() (gas: 13989010)
[PASS] test_partialCapChargesOnlyFilledStockAndReleasesNetPrincipal() (gas: 3627903)
[PASS] test_threePercentBuySellRevenueIsSplitTwentyTenSeventy() (gas: 3627347)
Suite result: ok. 20 passed; 0 failed; 0 skipped; finished in 108.75s (217.96s CPU time)

Ran 7 tests for test/V2AdversarialAccounting.t.sol:V2AdversarialAccountingTest
[PASS] testCrossTransactionShoveAndBookingCannotReplaceToken0GraduationAnchor() (gas: 111860468)
[PASS] testCrossTransactionShoveAndBookingCannotReplaceToken1GraduationAnchor() (gas: 112051035)
[PASS] testFuzzTwoTraderLedger18DecimalsToken0(uint256) (runs: 1024, μ: 115580729, ~: 115589923)
[PASS] testFuzzTwoTraderLedger6DecimalsToken1(uint256) (runs: 1024, μ: 115768527, ~: 115775361)
[PASS] testGraduationStockAndTokenDonationsDoNotChangeLpOrAnchor() (gas: 114087567)
[PASS] testMatureTwapBoundaryToken0() (gas: 115890097)
Logs:
  participant stock before: 100.000000000000000000
  participant stock after waiting and selling: 92.151211116568935290
  participant tokens held during window: 23951.951951951951963628
  treasury stock spent: 1.000000000000000000
  treasury tokens burned: 351.087042458652987126
  keeper token bounty: 1.764256494767100437
  control tokens burned without earlier market buy: 785.777795380060793897

[PASS] testMatureTwapBoundaryToken1() (gas: 116086261)
Logs:
  participant stock before: 100.000000000000000000
  participant stock after waiting and selling: 92.151211116568935291
  participant tokens held during window: 23951.951951951951963764
  treasury stock spent: 1.000000000000000000
  treasury tokens burned: 351.087042458652987124
  keeper token bounty: 1.764256494767100437
  control tokens burned without earlier market buy: 785.777795380060793897

Suite result: ok. 7 passed; 0 failed; 0 skipped; finished in 110.87s (219.18s CPU time)

Ran 82 test suites in 110.87s (353.88s CPU time): 732 tests passed, 0 failed, 35 skipped (767 total tests)
